path,paired_image_path,label,label_name,source,split
dataset/multimodal-concrete-crack-detection-dataset/audio/positive/pos_audio_754.wav,dataset/multimodal-concrete-crack-detection-dataset/image/positive/pos_img_754.jpg,1,acoustic_abnormal,multimodal_concrete_crack_audio,test
dataset/multimodal-concrete-crack-detection-dataset/audio/negative/neg_audio_69.wav,dataset/multimodal-concrete-crack-detection-dataset/image/negative/neg_img_69.jpg,0,normal,multimodal_concrete_crack_audio,train
dataset/multimodal-concrete-crack-detection-dataset/audio/negative/neg_audio_1328.wav,dataset/multimodal-concrete-crack-detection-dataset/image/negative/neg_img_1328.jpg,0,normal,multimodal_concrete_crack_audio,test
dataset/multimodal-concrete-crack-detection-dataset/audio/positive/pos_audio_800.wav,dataset/multimodal-concrete-crack-detection-dataset/image/positive/pos_img_800.jpg,1,acoustic_abnormal,multimodal_concrete_crack_audio,train
dataset/multimodal-concrete-crack-detection-dataset/audio/negative/neg_audio_2099.wav,dataset/multimodal-concrete-crack-detection-dataset/image/negative/neg_img_2099.jpg,0,normal,multimodal_concrete_crack_audio,train
dataset/multimodal-concrete-crack-detection-dataset/audio/negative/neg_audio_418.wav,dataset/multimodal-concrete-crack-detection-dataset/image/negative/neg_img_418.jpg,0,normal,multimodal_concrete_crack_audio,train
dataset/multimodal-concrete-crack-detection-dataset/audio/negative/neg_audio_2243.wav,dataset/multimodal-concrete-crack-detection-dataset/image/negative/neg_img_2243.jpg,0,normal,multimodal_concrete_crack_audio,train
dataset/multimodal-concrete-crack-detection-dataset/audio/negative/neg_audio_2022.wav,dataset/multimodal-concrete-crack-detection-dataset/image/negative/neg_img_2022.jpg,0,normal,multimodal_concrete_crack_audio,test
dataset/multimodal-concrete-crack-detection-dataset/audio/negative/neg_audio_1317.wav,dataset/multimodal-concrete-crack-detection-dataset/image/negative/neg_img_1317.jpg,0,normal,multimodal_concrete_crack_audio,train
dataset/multimodal-concrete-crack-detection-dataset/audio/positive/pos_audio_58.wav,dataset/multimodal-concrete-crack-detection-dataset/image/positive/pos_img_58.jpg,1,acoustic_abnormal,multimodal_concrete_crack_audio,train
dataset/multimodal-concrete-crack-detection-dataset/audio/negative/neg_audio_240.wav,dataset/multimodal-concrete-crack-detection-dataset/image/negative/neg_img_240.jpg,0,normal,multimodal_concrete_crack_audio,train
dataset/multimodal-concrete-crack-detection-dataset/audio/positive/pos_audio_646.wav,dataset/multimodal-concrete-crack-detection-dataset/image/positive/pos_img_646.jpg,1,acoustic_abnormal,multimodal_concrete_crack_audio,test
dataset/multimodal-concrete-crack-detection-dataset/audio/negative/neg_audio_611.wav,dataset/multimodal-concrete-crack-detection-dataset/image/negative/neg_img_611.jpg,0,normal,multimodal_concrete_crack_audio,train
dataset/multimodal-concrete-crack-detection-dataset/audio/positive/pos_audio_468.wav,dataset/multimodal-concrete-crack-detection-dataset/image/positive/pos_img_468.jpg,1,acoustic_abnormal,multimodal_concrete_crack_audio,train
dataset/multimodal-concrete-crack-detection-dataset/audio/negative/neg_audio_2212.wav,dataset/multimodal-concrete-crack-detection-dataset/image/negative/neg_img_2212.jpg,0,normal,multimodal_concrete_crack_audio,train
dataset/multimodal-concrete-crack-detection-dataset/audio/negative/neg_audio_748.wav,dataset/multimodal-concrete-crack-detection-dataset/image/negative/neg_img_748.jpg,0,normal,multimodal_concrete_crack_audio,train
dataset/multimodal-concrete-crack-detection-dataset/audio/positive/pos_audio_141.wav,dataset/multimodal-concrete-crack-detection-dataset/image/positive/pos_img_141.jpg,1,acoustic_abnormal,multimodal_concrete_crack_audio,test
dataset/multimodal-concrete-crack-detection-dataset/audio/negative/neg_audio_1699.wav,dataset/multimodal-concrete-crack-detection-dataset/image/negative/neg_img_1699.jpg,0,normal,multimodal_concrete_crack_audio,test
dataset/multimodal-concrete-crack-detection-dataset/audio/negative/neg_audio_1814.wav,dataset/multimodal-concrete-crack-detection-dataset/image/negative/neg_img_1814.jpg,0,normal,multimodal_concrete_crack_audio,train
dataset/multimodal-concrete-crack-detection-dataset/audio/negative/neg_audio_971.wav,dataset/multimodal-concrete-crack-detection-dataset/image/negative/neg_img_971.jpg,0,normal,multimodal_concrete_crack_audio,train
dataset/multimodal-concrete-crack-detection-dataset/audio/negative/neg_audio_1662.wav,dataset/multimodal-concrete-crack-detection-dataset/image/negative/neg_img_1662.jpg,0,normal,multimodal_concrete_crack_audio,train
dataset/multimodal-concrete-crack-detection-dataset/audio/negative/neg_audio_2950.wav,dataset/multimodal-concrete-crack-detection-dataset/image/negative/neg_img_2950.jpg,0,normal,multimodal_concrete_crack_audio,train
dataset/multimodal-concrete-crack-detection-dataset/audio/positive/pos_audio_559.wav,dataset/multimodal-concrete-crack-detection-dataset/image/positive/pos_img_559.jpg,1,acoustic_abnormal,multimodal_concrete_crack_audio,train
dataset/multimodal-concrete-crack-detection-dataset/audio/negative/neg_audio_2209.wav,dataset/multimodal-concrete-crack-detection-dataset/image/negative/neg_img_2209.jpg,0,normal,multimodal_concrete_crack_audio,train
dataset/multimodal-concrete-crack-detection-dataset/audio/negative/neg_audio_1750.wav,dataset/multimodal-concrete-crack-detection-dataset/image/negative/neg_img_1750.jpg,0,normal,multimodal_concrete_crack_audio,test
dataset/multimodal-concrete-crack-detection-dataset/audio/negative/neg_audio_2002.wav,dataset/multimodal-concrete-crack-detection-dataset/image/negative/neg_img_2002.jpg,0,normal,multimodal_concrete_crack_audio,train
dataset/multimodal-concrete-crack-detection-dataset/audio/negative/neg_audio_1581.wav,dataset/multimodal-concrete-crack-detection-dataset/image/negative/neg_img_1581.jpg,0,normal,multimodal_concrete_crack_audio,test
dataset/multimodal-concrete-crack-detection-dataset/audio/negative/neg_audio_486.wav,dataset/multimodal-concrete-crack-detection-dataset/image/negative/neg_img_486.jpg,0,normal,multimodal_concrete_crack_audio,train
dataset/multimodal-concrete-crack-detection-dataset/audio/negative/neg_audio_1040.wav,dataset/multimodal-concrete-crack-detection-dataset/image/negative/neg_img_1040.jpg,0,normal,multimodal_concrete_crack_audio,val
dataset/multimodal-concrete-crack-detection-dataset/audio/negative/neg_audio_56.wav,dataset/multimodal-concrete-crack-detection-dataset/image/negative/neg_img_56.jpg,0,normal,multimodal_concrete_crack_audio,train
dataset/multimodal-concrete-crack-detection-dataset/audio/negative/neg_audio_1158.wav,dataset/multimodal-concrete-crack-detection-dataset/image/negative/neg_img_1158.jpg,0,normal,multimodal_concrete_crack_audio,train
dataset/multimodal-concrete-crack-detection-dataset/audio/negative/neg_audio_559.wav,dataset/multimodal-concrete-crack-detection-dataset/image/negative/neg_img_559.jpg,0,normal,multimodal_concrete_crack_audio,train
dataset/multimodal-concrete-crack-detection-dataset/audio/positive/pos_audio_123.wav,dataset/multimodal-concrete-crack-detection-dataset/image/positive/pos_img_123.jpg,1,acoustic_abnormal,multimodal_concrete_crack_audio,train
dataset/multimodal-concrete-crack-detection-dataset/audio/negative/neg_audio_2814.wav,dataset/multimodal-concrete-crack-detection-dataset/image/negative/neg_img_2814.jpg,0,normal,multimodal_concrete_crack_audio,train
dataset/multimodal-concrete-crack-detection-dataset/audio/negative/neg_audio_1085.wav,dataset/multimodal-concrete-crack-detection-dataset/image/negative/neg_img_1085.jpg,0,normal,multimodal_concrete_crack_audio,train
dataset/multimodal-concrete-crack-detection-dataset/audio/negative/neg_audio_194.wav,dataset/multimodal-concrete-crack-detection-dataset/image/negative/neg_img_194.jpg,0,normal,multimodal_concrete_crack_audio,train
dataset/multimodal-concrete-crack-detection-dataset/audio/positive/pos_audio_669.wav,dataset/multimodal-concrete-crack-detection-dataset/image/positive/pos_img_669.jpg,1,acoustic_abnormal,multimodal_concrete_crack_audio,val
dataset/multimodal-concrete-crack-detection-dataset/audio/negative/neg_audio_2171.wav,dataset/multimodal-concrete-crack-detection-dataset/image/negative/neg_img_2171.jpg,0,normal,multimodal_concrete_crack_audio,train
dataset/multimodal-concrete-crack-detection-dataset/audio/negative/neg_audio_1223.wav,dataset/multimodal-concrete-crack-detection-dataset/image/negative/neg_img_1223.jpg,0,normal,multimodal_concrete_crack_audio,val
dataset/multimodal-concrete-crack-detection-dataset/audio/positive/pos_audio_836.wav,dataset/multimodal-concrete-crack-detection-dataset/image/positive/pos_img_836.jpg,1,acoustic_abnormal,multimodal_concrete_crack_audio,val
dataset/multimodal-concrete-crack-detection-dataset/audio/negative/neg_audio_301.wav,dataset/multimodal-concrete-crack-detection-dataset/image/negative/neg_img_301.jpg,0,normal,multimodal_concrete_crack_audio,train
dataset/multimodal-concrete-crack-detection-dataset/audio/negative/neg_audio_375.wav,dataset/multimodal-concrete-crack-detection-dataset/image/negative/neg_img_375.jpg,0,normal,multimodal_concrete_crack_audio,test
dataset/multimodal-concrete-crack-detection-dataset/audio/negative/neg_audio_2201.wav,dataset/multimodal-concrete-crack-detection-dataset/image/negative/neg_img_2201.jpg,0,normal,multimodal_concrete_crack_audio,train
dataset/multimodal-concrete-crack-detection-dataset/audio/positive/pos_audio_382.wav,dataset/multimodal-concrete-crack-detection-dataset/image/positive/pos_img_382.jpg,1,acoustic_abnormal,multimodal_concrete_crack_audio,train
dataset/multimodal-concrete-crack-detection-dataset/audio/positive/pos_audio_187.wav,dataset/multimodal-concrete-crack-detection-dataset/image/positive/pos_img_187.jpg,1,acoustic_abnormal,multimodal_concrete_crack_audio,test
dataset/multimodal-concrete-crack-detection-dataset/audio/negative/neg_audio_776.wav,dataset/multimodal-concrete-crack-detection-dataset/image/negative/neg_img_776.jpg,0,normal,multimodal_concrete_crack_audio,train
dataset/multimodal-concrete-crack-detection-dataset/audio/positive/pos_audio_316.wav,dataset/multimodal-concrete-crack-detection-dataset/image/positive/pos_img_316.jpg,1,acoustic_abnormal,multimodal_concrete_crack_audio,test
dataset/multimodal-concrete-crack-detection-dataset/audio/negative/neg_audio_142.wav,dataset/multimodal-concrete-crack-detection-dataset/image/negative/neg_img_142.jpg,0,normal,multimodal_concrete_crack_audio,train
dataset/multimodal-concrete-crack-detection-dataset/audio/positive/pos_audio_616.wav,dataset/multimodal-concrete-crack-detection-dataset/image/positive/pos_img_616.jpg,1,acoustic_abnormal,multimodal_concrete_crack_audio,test
dataset/multimodal-concrete-crack-detection-dataset/audio/negative/neg_audio_1112.wav,dataset/multimodal-concrete-crack-detection-dataset/image/negative/neg_img_1112.jpg,0,normal,multimodal_concrete_crack_audio,test
dataset/multimodal-concrete-crack-detection-dataset/audio/negative/neg_audio_1161.wav,dataset/multimodal-concrete-crack-detection-dataset/image/negative/neg_img_1161.jpg,0,normal,multimodal_concrete_crack_audio,train
dataset/multimodal-concrete-crack-detection-dataset/audio/positive/pos_audio_801.wav,dataset/multimodal-concrete-crack-detection-dataset/image/positive/pos_img_801.jpg,1,acoustic_abnormal,multimodal_concrete_crack_audio,train
dataset/multimodal-concrete-crack-detection-dataset/audio/negative/neg_audio_246.wav,dataset/multimodal-concrete-crack-detection-dataset/image/negative/neg_img_246.jpg,0,normal,multimodal_concrete_crack_audio,train
dataset/multimodal-concrete-crack-detection-dataset/audio/negative/neg_audio_740.wav,dataset/multimodal-concrete-crack-detection-dataset/image/negative/neg_img_740.jpg,0,normal,multimodal_concrete_crack_audio,train
dataset/multimodal-concrete-crack-detection-dataset/audio/negative/neg_audio_236.wav,dataset/multimodal-concrete-crack-detection-dataset/image/negative/neg_img_236.jpg,0,normal,multimodal_concrete_crack_audio,train
dataset/multimodal-concrete-crack-detection-dataset/audio/positive/pos_audio_635.wav,dataset/multimodal-concrete-crack-detection-dataset/image/positive/pos_img_635.jpg,1,acoustic_abnormal,multimodal_concrete_crack_audio,train
dataset/multimodal-concrete-crack-detection-dataset/audio/negative/neg_audio_245.wav,dataset/multimodal-concrete-crack-detection-dataset/image/negative/neg_img_245.jpg,0,normal,multimodal_concrete_crack_audio,train
dataset/multimodal-concrete-crack-detection-dataset/audio/positive/pos_audio_443.wav,dataset/multimodal-concrete-crack-detection-dataset/image/positive/pos_img_443.jpg,1,acoustic_abnormal,multimodal_concrete_crack_audio,train
dataset/multimodal-concrete-crack-detection-dataset/audio/negative/neg_audio_3146.wav,dataset/multimodal-concrete-crack-detection-dataset/image/negative/neg_img_3146.jpg,0,normal,multimodal_concrete_crack_audio,train
dataset/multimodal-concrete-crack-detection-dataset/audio/negative/neg_audio_3029.wav,dataset/multimodal-concrete-crack-detection-dataset/image/negative/neg_img_3029.jpg,0,normal,multimodal_concrete_crack_audio,train
dataset/multimodal-concrete-crack-detection-dataset/audio/positive/pos_audio_589.wav,dataset/multimodal-concrete-crack-detection-dataset/image/positive/pos_img_589.jpg,1,acoustic_abnormal,multimodal_concrete_crack_audio,train
dataset/multimodal-concrete-crack-detection-dataset/audio/negative/neg_audio_388.wav,dataset/multimodal-concrete-crack-detection-dataset/image/negative/neg_img_388.jpg,0,normal,multimodal_concrete_crack_audio,train
dataset/multimodal-concrete-crack-detection-dataset/audio/negative/neg_audio_327.wav,dataset/multimodal-concrete-crack-detection-dataset/image/negative/neg_img_327.jpg,0,normal,multimodal_concrete_crack_audio,train
dataset/multimodal-concrete-crack-detection-dataset/audio/negative/neg_audio_3053.wav,dataset/multimodal-concrete-crack-detection-dataset/image/negative/neg_img_3053.jpg,0,normal,multimodal_concrete_crack_audio,train
dataset/multimodal-concrete-crack-detection-dataset/audio/negative/neg_audio_2167.wav,dataset/multimodal-concrete-crack-detection-dataset/image/negative/neg_img_2167.jpg,0,normal,multimodal_concrete_crack_audio,val
dataset/multimodal-concrete-crack-detection-dataset/audio/negative/neg_audio_3013.wav,dataset/multimodal-concrete-crack-detection-dataset/image/negative/neg_img_3013.jpg,0,normal,multimodal_concrete_crack_audio,test
dataset/multimodal-concrete-crack-detection-dataset/audio/negative/neg_audio_1031.wav,dataset/multimodal-concrete-crack-detection-dataset/image/negative/neg_img_1031.jpg,0,normal,multimodal_concrete_crack_audio,train
dataset/multimodal-concrete-crack-detection-dataset/audio/negative/neg_audio_379.wav,dataset/multimodal-concrete-crack-detection-dataset/image/negative/neg_img_379.jpg,0,normal,multimodal_concrete_crack_audio,val
dataset/multimodal-concrete-crack-detection-dataset/audio/negative/neg_audio_337.wav,dataset/multimodal-concrete-crack-detection-dataset/image/negative/neg_img_337.jpg,0,normal,multimodal_concrete_crack_audio,train
dataset/multimodal-concrete-crack-detection-dataset/audio/negative/neg_audio_2507.wav,dataset/multimodal-concrete-crack-detection-dataset/image/negative/neg_img_2507.jpg,0,normal,multimodal_concrete_crack_audio,train
dataset/multimodal-concrete-crack-detection-dataset/audio/negative/neg_audio_2267.wav,dataset/multimodal-concrete-crack-detection-dataset/image/negative/neg_img_2267.jpg,0,normal,multimodal_concrete_crack_audio,val
dataset/multimodal-concrete-crack-detection-dataset/audio/negative/neg_audio_1004.wav,dataset/multimodal-concrete-crack-detection-dataset/image/negative/neg_img_1004.jpg,0,normal,multimodal_concrete_crack_audio,train
dataset/multimodal-concrete-crack-detection-dataset/audio/negative/neg_audio_2887.wav,dataset/multimodal-concrete-crack-detection-dataset/image/negative/neg_img_2887.jpg,0,normal,multimodal_concrete_crack_audio,train
dataset/multimodal-concrete-crack-detection-dataset/audio/negative/neg_audio_2852.wav,dataset/multimodal-concrete-crack-detection-dataset/image/negative/neg_img_2852.jpg,0,normal,multimodal_concrete_crack_audio,test
dataset/multimodal-concrete-crack-detection-dataset/audio/positive/pos_audio_672.wav,dataset/multimodal-concrete-crack-detection-dataset/image/positive/pos_img_672.jpg,1,acoustic_abnormal,multimodal_concrete_crack_audio,train
dataset/multimodal-concrete-crack-detection-dataset/audio/negative/neg_audio_644.wav,dataset/multimodal-concrete-crack-detection-dataset/image/negative/neg_img_644.jpg,0,normal,multimodal_concrete_crack_audio,train
dataset/multimodal-concrete-crack-detection-dataset/audio/positive/pos_audio_84.wav,dataset/multimodal-concrete-crack-detection-dataset/image/positive/pos_img_84.jpg,1,acoustic_abnormal,multimodal_concrete_crack_audio,val
dataset/multimodal-concrete-crack-detection-dataset/audio/negative/neg_audio_54.wav,dataset/multimodal-concrete-crack-detection-dataset/image/negative/neg_img_54.jpg,0,normal,multimodal_concrete_crack_audio,test
dataset/multimodal-concrete-crack-detection-dataset/audio/negative/neg_audio_1224.wav,dataset/multimodal-concrete-crack-detection-dataset/image/negative/neg_img_1224.jpg,0,normal,multimodal_concrete_crack_audio,train
dataset/multimodal-concrete-crack-detection-dataset/audio/positive/pos_audio_340.wav,dataset/multimodal-concrete-crack-detection-dataset/image/positive/pos_img_340.jpg,1,acoustic_abnormal,multimodal_concrete_crack_audio,val
dataset/multimodal-concrete-crack-detection-dataset/audio/negative/neg_audio_2425.wav,dataset/multimodal-concrete-crack-detection-dataset/image/negative/neg_img_2425.jpg,0,normal,multimodal_concrete_crack_audio,train
dataset/multimodal-concrete-crack-detection-dataset/audio/negative/neg_audio_990.wav,dataset/multimodal-concrete-crack-detection-dataset/image/negative/neg_img_990.jpg,0,normal,multimodal_concrete_crack_audio,train
dataset/multimodal-concrete-crack-detection-dataset/audio/negative/neg_audio_18.wav,dataset/multimodal-concrete-crack-detection-dataset/image/negative/neg_img_18.jpg,0,normal,multimodal_concrete_crack_audio,train
dataset/multimodal-concrete-crack-detection-dataset/audio/negative/neg_audio_2170.wav,dataset/multimodal-concrete-crack-detection-dataset/image/negative/neg_img_2170.jpg,0,normal,multimodal_concrete_crack_audio,train
dataset/multimodal-concrete-crack-detection-dataset/audio/negative/neg_audio_2694.wav,dataset/multimodal-concrete-crack-detection-dataset/image/negative/neg_img_2694.jpg,0,normal,multimodal_concrete_crack_audio,train
dataset/multimodal-concrete-crack-detection-dataset/audio/negative/neg_audio_1622.wav,dataset/multimodal-concrete-crack-detection-dataset/image/negative/neg_img_1622.jpg,0,normal,multimodal_concrete_crack_audio,train
dataset/multimodal-concrete-crack-detection-dataset/audio/negative/neg_audio_2385.wav,dataset/multimodal-concrete-crack-detection-dataset/image/negative/neg_img_2385.jpg,0,normal,multimodal_concrete_crack_audio,train
dataset/multimodal-concrete-crack-detection-dataset/audio/negative/neg_audio_3097.wav,dataset/multimodal-concrete-crack-detection-dataset/image/negative/neg_img_3097.jpg,0,normal,multimodal_concrete_crack_audio,train
dataset/multimodal-concrete-crack-detection-dataset/audio/negative/neg_audio_2491.wav,dataset/multimodal-concrete-crack-detection-dataset/image/negative/neg_img_2491.jpg,0,normal,multimodal_concrete_crack_audio,train
dataset/multimodal-concrete-crack-detection-dataset/audio/negative/neg_audio_405.wav,dataset/multimodal-concrete-crack-detection-dataset/image/negative/neg_img_405.jpg,0,normal,multimodal_concrete_crack_audio,train
dataset/multimodal-concrete-crack-detection-dataset/audio/negative/neg_audio_1607.wav,dataset/multimodal-concrete-crack-detection-dataset/image/negative/neg_img_1607.jpg,0,normal,multimodal_concrete_crack_audio,train
dataset/multimodal-concrete-crack-detection-dataset/audio/negative/neg_audio_2183.wav,dataset/multimodal-concrete-crack-detection-dataset/image/negative/neg_img_2183.jpg,0,normal,multimodal_concrete_crack_audio,val
dataset/multimodal-concrete-crack-detection-dataset/audio/positive/pos_audio_711.wav,dataset/multimodal-concrete-crack-detection-dataset/image/positive/pos_img_711.jpg,1,acoustic_abnormal,multimodal_concrete_crack_audio,train
dataset/multimodal-concrete-crack-detection-dataset/audio/negative/neg_audio_1155.wav,dataset/multimodal-concrete-crack-detection-dataset/image/negative/neg_img_1155.jpg,0,normal,multimodal_concrete_crack_audio,train
dataset/multimodal-concrete-crack-detection-dataset/audio/positive/pos_audio_64.wav,dataset/multimodal-concrete-crack-detection-dataset/image/positive/pos_img_64.jpg,1,acoustic_abnormal,multimodal_concrete_crack_audio,train
dataset/multimodal-concrete-crack-detection-dataset/audio/negative/neg_audio_3120.wav,dataset/multimodal-concrete-crack-detection-dataset/image/negative/neg_img_3120.jpg,0,normal,multimodal_concrete_crack_audio,train
dataset/multimodal-concrete-crack-detection-dataset/audio/positive/pos_audio_708.wav,dataset/multimodal-concrete-crack-detection-dataset/image/positive/pos_img_708.jpg,1,acoustic_abnormal,multimodal_concrete_crack_audio,val
dataset/multimodal-concrete-crack-detection-dataset/audio/negative/neg_audio_1311.wav,dataset/multimodal-concrete-crack-detection-dataset/image/negative/neg_img_1311.jpg,0,normal,multimodal_concrete_crack_audio,test
dataset/multimodal-concrete-crack-detection-dataset/audio/negative/neg_audio_1571.wav,dataset/multimodal-concrete-crack-detection-dataset/image/negative/neg_img_1571.jpg,0,normal,multimodal_concrete_crack_audio,train
dataset/multimodal-concrete-crack-detection-dataset/audio/negative/neg_audio_117.wav,dataset/multimodal-concrete-crack-detection-dataset/image/negative/neg_img_117.jpg,0,normal,multimodal_concrete_crack_audio,train
dataset/multimodal-concrete-crack-detection-dataset/audio/positive/pos_audio_546.wav,dataset/multimodal-concrete-crack-detection-dataset/image/positive/pos_img_546.jpg,1,acoustic_abnormal,multimodal_concrete_crack_audio,val
dataset/multimodal-concrete-crack-detection-dataset/audio/negative/neg_audio_703.wav,dataset/multimodal-concrete-crack-detection-dataset/image/negative/neg_img_703.jpg,0,normal,multimodal_concrete_crack_audio,train
dataset/multimodal-concrete-crack-detection-dataset/audio/negative/neg_audio_2337.wav,dataset/multimodal-concrete-crack-detection-dataset/image/negative/neg_img_2337.jpg,0,normal,multimodal_concrete_crack_audio,val
dataset/multimodal-concrete-crack-detection-dataset/audio/positive/pos_audio_396.wav,dataset/multimodal-concrete-crack-detection-dataset/image/positive/pos_img_396.jpg,1,acoustic_abnormal,multimodal_concrete_crack_audio,train
dataset/multimodal-concrete-crack-detection-dataset/audio/negative/neg_audio_1203.wav,dataset/multimodal-concrete-crack-detection-dataset/image/negative/neg_img_1203.jpg,0,normal,multimodal_concrete_crack_audio,train
dataset/multimodal-concrete-crack-detection-dataset/audio/positive/pos_audio_645.wav,dataset/multimodal-concrete-crack-detection-dataset/image/positive/pos_img_645.jpg,1,acoustic_abnormal,multimodal_concrete_crack_audio,train
dataset/multimodal-concrete-crack-detection-dataset/audio/negative/neg_audio_1173.wav,dataset/multimodal-concrete-crack-detection-dataset/image/negative/neg_img_1173.jpg,0,normal,multimodal_concrete_crack_audio,train
dataset/multimodal-concrete-crack-detection-dataset/audio/negative/neg_audio_1367.wav,dataset/multimodal-concrete-crack-detection-dataset/image/negative/neg_img_1367.jpg,0,normal,multimodal_concrete_crack_audio,train
dataset/multimodal-concrete-crack-detection-dataset/audio/positive/pos_audio_348.wav,dataset/multimodal-concrete-crack-detection-dataset/image/positive/pos_img_348.jpg,1,acoustic_abnormal,multimodal_concrete_crack_audio,test
dataset/multimodal-concrete-crack-detection-dataset/audio/negative/neg_audio_728.wav,dataset/multimodal-concrete-crack-detection-dataset/image/negative/neg_img_728.jpg,0,normal,multimodal_concrete_crack_audio,train
dataset/multimodal-concrete-crack-detection-dataset/audio/negative/neg_audio_1348.wav,dataset/multimodal-concrete-crack-detection-dataset/image/negative/neg_img_1348.jpg,0,normal,multimodal_concrete_crack_audio,train
dataset/multimodal-concrete-crack-detection-dataset/audio/negative/neg_audio_28.wav,dataset/multimodal-concrete-crack-detection-dataset/image/negative/neg_img_28.jpg,0,normal,multimodal_concrete_crack_audio,train
dataset/multimodal-concrete-crack-detection-dataset/audio/negative/neg_audio_2628.wav,dataset/multimodal-concrete-crack-detection-dataset/image/negative/neg_img_2628.jpg,0,normal,multimodal_concrete_crack_audio,train
dataset/multimodal-concrete-crack-detection-dataset/audio/negative/neg_audio_2898.wav,dataset/multimodal-concrete-crack-detection-dataset/image/negative/neg_img_2898.jpg,0,normal,multimodal_concrete_crack_audio,val
dataset/multimodal-concrete-crack-detection-dataset/audio/negative/neg_audio_2177.wav,dataset/multimodal-concrete-crack-detection-dataset/image/negative/neg_img_2177.jpg,0,normal,multimodal_concrete_crack_audio,train
dataset/multimodal-concrete-crack-detection-dataset/audio/negative/neg_audio_557.wav,dataset/multimodal-concrete-crack-detection-dataset/image/negative/neg_img_557.jpg,0,normal,multimodal_concrete_crack_audio,train
dataset/multimodal-concrete-crack-detection-dataset/audio/negative/neg_audio_478.wav,dataset/multimodal-concrete-crack-detection-dataset/image/negative/neg_img_478.jpg,0,normal,multimodal_concrete_crack_audio,train
dataset/multimodal-concrete-crack-detection-dataset/audio/negative/neg_audio_5.wav,dataset/multimodal-concrete-crack-detection-dataset/image/negative/neg_img_5.jpg,0,normal,multimodal_concrete_crack_audio,test
dataset/multimodal-concrete-crack-detection-dataset/audio/negative/neg_audio_1536.wav,dataset/multimodal-concrete-crack-detection-dataset/image/negative/neg_img_1536.jpg,0,normal,multimodal_concrete_crack_audio,train
dataset/multimodal-concrete-crack-detection-dataset/audio/positive/pos_audio_112.wav,dataset/multimodal-concrete-crack-detection-dataset/image/positive/pos_img_112.jpg,1,acoustic_abnormal,multimodal_concrete_crack_audio,val
dataset/multimodal-concrete-crack-detection-dataset/audio/negative/neg_audio_2774.wav,dataset/multimodal-concrete-crack-detection-dataset/image/negative/neg_img_2774.jpg,0,normal,multimodal_concrete_crack_audio,train
dataset/multimodal-concrete-crack-detection-dataset/audio/positive/pos_audio_498.wav,dataset/multimodal-concrete-crack-detection-dataset/image/positive/pos_img_498.jpg,1,acoustic_abnormal,multimodal_concrete_crack_audio,train
dataset/multimodal-concrete-crack-detection-dataset/audio/negative/neg_audio_1795.wav,dataset/multimodal-concrete-crack-detection-dataset/image/negative/neg_img_1795.jpg,0,normal,multimodal_concrete_crack_audio,test
dataset/multimodal-concrete-crack-detection-dataset/audio/positive/pos_audio_531.wav,dataset/multimodal-concrete-crack-detection-dataset/image/positive/pos_img_531.jpg,1,acoustic_abnormal,multimodal_concrete_crack_audio,train
dataset/multimodal-concrete-crack-detection-dataset/audio/negative/neg_audio_2018.wav,dataset/multimodal-concrete-crack-detection-dataset/image/negative/neg_img_2018.jpg,0,normal,multimodal_concrete_crack_audio,val
dataset/multimodal-concrete-crack-detection-dataset/audio/negative/neg_audio_2103.wav,dataset/multimodal-concrete-crack-detection-dataset/image/negative/neg_img_2103.jpg,0,normal,multimodal_concrete_crack_audio,val
dataset/multimodal-concrete-crack-detection-dataset/audio/negative/neg_audio_1503.wav,dataset/multimodal-concrete-crack-detection-dataset/image/negative/neg_img_1503.jpg,0,normal,multimodal_concrete_crack_audio,train
dataset/multimodal-concrete-crack-detection-dataset/audio/negative/neg_audio_1565.wav,dataset/multimodal-concrete-crack-detection-dataset/image/negative/neg_img_1565.jpg,0,normal,multimodal_concrete_crack_audio,train
dataset/multimodal-concrete-crack-detection-dataset/audio/negative/neg_audio_735.wav,dataset/multimodal-concrete-crack-detection-dataset/image/negative/neg_img_735.jpg,0,normal,multimodal_concrete_crack_audio,train
dataset/multimodal-concrete-crack-detection-dataset/audio/negative/neg_audio_2436.wav,dataset/multimodal-concrete-crack-detection-dataset/image/negative/neg_img_2436.jpg,0,normal,multimodal_concrete_crack_audio,train
dataset/multimodal-concrete-crack-detection-dataset/audio/negative/neg_audio_722.wav,dataset/multimodal-concrete-crack-detection-dataset/image/negative/neg_img_722.jpg,0,normal,multimodal_concrete_crack_audio,test
dataset/multimodal-concrete-crack-detection-dataset/audio/negative/neg_audio_1731.wav,dataset/multimodal-concrete-crack-detection-dataset/image/negative/neg_img_1731.jpg,0,normal,multimodal_concrete_crack_audio,test
dataset/multimodal-concrete-crack-detection-dataset/audio/negative/neg_audio_3147.wav,dataset/multimodal-concrete-crack-detection-dataset/image/negative/neg_img_3147.jpg,0,normal,multimodal_concrete_crack_audio,train
dataset/multimodal-concrete-crack-detection-dataset/audio/negative/neg_audio_3164.wav,dataset/multimodal-concrete-crack-detection-dataset/image/negative/neg_img_3164.jpg,0,normal,multimodal_concrete_crack_audio,test
dataset/multimodal-concrete-crack-detection-dataset/audio/negative/neg_audio_1213.wav,dataset/multimodal-concrete-crack-detection-dataset/image/negative/neg_img_1213.jpg,0,normal,multimodal_concrete_crack_audio,train
dataset/multimodal-concrete-crack-detection-dataset/audio/positive/pos_audio_833.wav,dataset/multimodal-concrete-crack-detection-dataset/image/positive/pos_img_833.jpg,1,acoustic_abnormal,multimodal_concrete_crack_audio,test
dataset/multimodal-concrete-crack-detection-dataset/audio/negative/neg_audio_1050.wav,dataset/multimodal-concrete-crack-detection-dataset/image/negative/neg_img_1050.jpg,0,normal,multimodal_concrete_crack_audio,train
dataset/multimodal-concrete-crack-detection-dataset/audio/positive/pos_audio_350.wav,dataset/multimodal-concrete-crack-detection-dataset/image/positive/pos_img_350.jpg,1,acoustic_abnormal,multimodal_concrete_crack_audio,test
dataset/multimodal-concrete-crack-detection-dataset/audio/negative/neg_audio_2123.wav,dataset/multimodal-concrete-crack-detection-dataset/image/negative/neg_img_2123.jpg,0,normal,multimodal_concrete_crack_audio,train
dataset/multimodal-concrete-crack-detection-dataset/audio/negative/neg_audio_773.wav,dataset/multimodal-concrete-crack-detection-dataset/image/negative/neg_img_773.jpg,0,normal,multimodal_concrete_crack_audio,train
dataset/multimodal-concrete-crack-detection-dataset/audio/positive/pos_audio_567.wav,dataset/multimodal-concrete-crack-detection-dataset/image/positive/pos_img_567.jpg,1,acoustic_abnormal,multimodal_concrete_crack_audio,val
dataset/multimodal-concrete-crack-detection-dataset/audio/negative/neg_audio_2809.wav,dataset/multimodal-concrete-crack-detection-dataset/image/negative/neg_img_2809.jpg,0,normal,multimodal_concrete_crack_audio,train
dataset/multimodal-concrete-crack-detection-dataset/audio/negative/neg_audio_2849.wav,dataset/multimodal-concrete-crack-detection-dataset/image/negative/neg_img_2849.jpg,0,normal,multimodal_concrete_crack_audio,train
dataset/multimodal-concrete-crack-detection-dataset/audio/negative/neg_audio_135.wav,dataset/multimodal-concrete-crack-detection-dataset/image/negative/neg_img_135.jpg,0,normal,multimodal_concrete_crack_audio,train
dataset/multimodal-concrete-crack-detection-dataset/audio/negative/neg_audio_3041.wav,dataset/multimodal-concrete-crack-detection-dataset/image/negative/neg_img_3041.jpg,0,normal,multimodal_concrete_crack_audio,train
dataset/multimodal-concrete-crack-detection-dataset/audio/negative/neg_audio_2159.wav,dataset/multimodal-concrete-crack-detection-dataset/image/negative/neg_img_2159.jpg,0,normal,multimodal_concrete_crack_audio,train
dataset/multimodal-concrete-crack-detection-dataset/audio/positive/pos_audio_492.wav,dataset/multimodal-concrete-crack-detection-dataset/image/positive/pos_img_492.jpg,1,acoustic_abnormal,multimodal_concrete_crack_audio,train
dataset/multimodal-concrete-crack-detection-dataset/audio/negative/neg_audio_2274.wav,dataset/multimodal-concrete-crack-detection-dataset/image/negative/neg_img_2274.jpg,0,normal,multimodal_concrete_crack_audio,train
dataset/multimodal-concrete-crack-detection-dataset/audio/negative/neg_audio_772.wav,dataset/multimodal-concrete-crack-detection-dataset/image/negative/neg_img_772.jpg,0,normal,multimodal_concrete_crack_audio,train
dataset/multimodal-concrete-crack-detection-dataset/audio/negative/neg_audio_2660.wav,dataset/multimodal-concrete-crack-detection-dataset/image/negative/neg_img_2660.jpg,0,normal,multimodal_concrete_crack_audio,test
dataset/multimodal-concrete-crack-detection-dataset/audio/negative/neg_audio_2419.wav,dataset/multimodal-concrete-crack-detection-dataset/image/negative/neg_img_2419.jpg,0,normal,multimodal_concrete_crack_audio,train
dataset/multimodal-concrete-crack-detection-dataset/audio/negative/neg_audio_2575.wav,dataset/multimodal-concrete-crack-detection-dataset/image/negative/neg_img_2575.jpg,0,normal,multimodal_concrete_crack_audio,train
dataset/multimodal-concrete-crack-detection-dataset/audio/negative/neg_audio_769.wav,dataset/multimodal-concrete-crack-detection-dataset/image/negative/neg_img_769.jpg,0,normal,multimodal_concrete_crack_audio,train
dataset/multimodal-concrete-crack-detection-dataset/audio/negative/neg_audio_1046.wav,dataset/multimodal-concrete-crack-detection-dataset/image/negative/neg_img_1046.jpg,0,normal,multimodal_concrete_crack_audio,test
dataset/multimodal-concrete-crack-detection-dataset/audio/negative/neg_audio_267.wav,dataset/multimodal-concrete-crack-detection-dataset/image/negative/neg_img_267.jpg,0,normal,multimodal_concrete_crack_audio,train
dataset/multimodal-concrete-crack-detection-dataset/audio/negative/neg_audio_807.wav,dataset/multimodal-concrete-crack-detection-dataset/image/negative/neg_img_807.jpg,0,normal,multimodal_concrete_crack_audio,train
dataset/multimodal-concrete-crack-detection-dataset/audio/positive/pos_audio_553.wav,dataset/multimodal-concrete-crack-detection-dataset/image/positive/pos_img_553.jpg,1,acoustic_abnormal,multimodal_concrete_crack_audio,train
dataset/multimodal-concrete-crack-detection-dataset/audio/negative/neg_audio_1834.wav,dataset/multimodal-concrete-crack-detection-dataset/image/negative/neg_img_1834.jpg,0,normal,multimodal_concrete_crack_audio,train
dataset/multimodal-concrete-crack-detection-dataset/audio/negative/neg_audio_800.wav,dataset/multimodal-concrete-crack-detection-dataset/image/negative/neg_img_800.jpg,0,normal,multimodal_concrete_crack_audio,train
dataset/multimodal-concrete-crack-detection-dataset/audio/negative/neg_audio_2750.wav,dataset/multimodal-concrete-crack-detection-dataset/image/negative/neg_img_2750.jpg,0,normal,multimodal_concrete_crack_audio,train
dataset/multimodal-concrete-crack-detection-dataset/audio/negative/neg_audio_109.wav,dataset/multimodal-concrete-crack-detection-dataset/image/negative/neg_img_109.jpg,0,normal,multimodal_concrete_crack_audio,train
dataset/multimodal-concrete-crack-detection-dataset/audio/negative/neg_audio_510.wav,dataset/multimodal-concrete-crack-detection-dataset/image/negative/neg_img_510.jpg,0,normal,multimodal_concrete_crack_audio,test
dataset/multimodal-concrete-crack-detection-dataset/audio/positive/pos_audio_86.wav,dataset/multimodal-concrete-crack-detection-dataset/image/positive/pos_img_86.jpg,1,acoustic_abnormal,multimodal_concrete_crack_audio,test
dataset/multimodal-concrete-crack-detection-dataset/audio/negative/neg_audio_687.wav,dataset/multimodal-concrete-crack-detection-dataset/image/negative/neg_img_687.jpg,0,normal,multimodal_concrete_crack_audio,train
dataset/multimodal-concrete-crack-detection-dataset/audio/negative/neg_audio_2476.wav,dataset/multimodal-concrete-crack-detection-dataset/image/negative/neg_img_2476.jpg,0,normal,multimodal_concrete_crack_audio,train
dataset/multimodal-concrete-crack-detection-dataset/audio/negative/neg_audio_788.wav,dataset/multimodal-concrete-crack-detection-dataset/image/negative/neg_img_788.jpg,0,normal,multimodal_concrete_crack_audio,train
dataset/multimodal-concrete-crack-detection-dataset/audio/negative/neg_audio_873.wav,dataset/multimodal-concrete-crack-detection-dataset/image/negative/neg_img_873.jpg,0,normal,multimodal_concrete_crack_audio,val
dataset/multimodal-concrete-crack-detection-dataset/audio/negative/neg_audio_3133.wav,dataset/multimodal-concrete-crack-detection-dataset/image/negative/neg_img_3133.jpg,0,normal,multimodal_concrete_crack_audio,test
dataset/multimodal-concrete-crack-detection-dataset/audio/negative/neg_audio_51.wav,dataset/multimodal-concrete-crack-detection-dataset/image/negative/neg_img_51.jpg,0,normal,multimodal_concrete_crack_audio,train
dataset/multimodal-concrete-crack-detection-dataset/audio/negative/neg_audio_397.wav,dataset/multimodal-concrete-crack-detection-dataset/image/negative/neg_img_397.jpg,0,normal,multimodal_concrete_crack_audio,train
dataset/multimodal-concrete-crack-detection-dataset/audio/positive/pos_audio_714.wav,dataset/multimodal-concrete-crack-detection-dataset/image/positive/pos_img_714.jpg,1,acoustic_abnormal,multimodal_concrete_crack_audio,test
dataset/multimodal-concrete-crack-detection-dataset/audio/negative/neg_audio_1445.wav,dataset/multimodal-concrete-crack-detection-dataset/image/negative/neg_img_1445.jpg,0,normal,multimodal_concrete_crack_audio,train
dataset/multimodal-concrete-crack-detection-dataset/audio/positive/pos_audio_289.wav,dataset/multimodal-concrete-crack-detection-dataset/image/positive/pos_img_289.jpg,1,acoustic_abnormal,multimodal_concrete_crack_audio,val
dataset/multimodal-concrete-crack-detection-dataset/audio/positive/pos_audio_214.wav,dataset/multimodal-concrete-crack-detection-dataset/image/positive/pos_img_214.jpg,1,acoustic_abnormal,multimodal_concrete_crack_audio,val
dataset/multimodal-concrete-crack-detection-dataset/audio/negative/neg_audio_1148.wav,dataset/multimodal-concrete-crack-detection-dataset/image/negative/neg_img_1148.jpg,0,normal,multimodal_concrete_crack_audio,train
dataset/multimodal-concrete-crack-detection-dataset/audio/negative/neg_audio_2282.wav,dataset/multimodal-concrete-crack-detection-dataset/image/negative/neg_img_2282.jpg,0,normal,multimodal_concrete_crack_audio,train
dataset/multimodal-concrete-crack-detection-dataset/audio/negative/neg_audio_1439.wav,dataset/multimodal-concrete-crack-detection-dataset/image/negative/neg_img_1439.jpg,0,normal,multimodal_concrete_crack_audio,test
dataset/multimodal-concrete-crack-detection-dataset/audio/positive/pos_audio_798.wav,dataset/multimodal-concrete-crack-detection-dataset/image/positive/pos_img_798.jpg,1,acoustic_abnormal,multimodal_concrete_crack_audio,train
dataset/multimodal-concrete-crack-detection-dataset/audio/negative/neg_audio_2342.wav,dataset/multimodal-concrete-crack-detection-dataset/image/negative/neg_img_2342.jpg,0,normal,multimodal_concrete_crack_audio,train
dataset/multimodal-concrete-crack-detection-dataset/audio/negative/neg_audio_1387.wav,dataset/multimodal-concrete-crack-detection-dataset/image/negative/neg_img_1387.jpg,0,normal,multimodal_concrete_crack_audio,train
dataset/multimodal-concrete-crack-detection-dataset/audio/positive/pos_audio_294.wav,dataset/multimodal-concrete-crack-detection-dataset/image/positive/pos_img_294.jpg,1,acoustic_abnormal,multimodal_concrete_crack_audio,train
dataset/multimodal-concrete-crack-detection-dataset/audio/negative/neg_audio_2334.wav,dataset/multimodal-concrete-crack-detection-dataset/image/negative/neg_img_2334.jpg,0,normal,multimodal_concrete_crack_audio,train
dataset/multimodal-concrete-crack-detection-dataset/audio/positive/pos_audio_613.wav,dataset/multimodal-concrete-crack-detection-dataset/image/positive/pos_img_613.jpg,1,acoustic_abnormal,multimodal_concrete_crack_audio,train
dataset/multimodal-concrete-crack-detection-dataset/audio/negative/neg_audio_1964.wav,dataset/multimodal-concrete-crack-detection-dataset/image/negative/neg_img_1964.jpg,0,normal,multimodal_concrete_crack_audio,train
dataset/multimodal-concrete-crack-detection-dataset/audio/negative/neg_audio_2985.wav,dataset/multimodal-concrete-crack-detection-dataset/image/negative/neg_img_2985.jpg,0,normal,multimodal_concrete_crack_audio,val
dataset/multimodal-concrete-crack-detection-dataset/audio/negative/neg_audio_2305.wav,dataset/multimodal-concrete-crack-detection-dataset/image/negative/neg_img_2305.jpg,0,normal,multimodal_concrete_crack_audio,train
dataset/multimodal-concrete-crack-detection-dataset/audio/positive/pos_audio_752.wav,dataset/multimodal-concrete-crack-detection-dataset/image/positive/pos_img_752.jpg,1,acoustic_abnormal,multimodal_concrete_crack_audio,train
dataset/multimodal-concrete-crack-detection-dataset/audio/negative/neg_audio_2255.wav,dataset/multimodal-concrete-crack-detection-dataset/image/negative/neg_img_2255.jpg,0,normal,multimodal_concrete_crack_audio,train
dataset/multimodal-concrete-crack-detection-dataset/audio/negative/neg_audio_1109.wav,dataset/multimodal-concrete-crack-detection-dataset/image/negative/neg_img_1109.jpg,0,normal,multimodal_concrete_crack_audio,train
dataset/multimodal-concrete-crack-detection-dataset/audio/positive/pos_audio_621.wav,dataset/multimodal-concrete-crack-detection-dataset/image/positive/pos_img_621.jpg,1,acoustic_abnormal,multimodal_concrete_crack_audio,train
dataset/multimodal-concrete-crack-detection-dataset/audio/negative/neg_audio_1189.wav,dataset/multimodal-concrete-crack-detection-dataset/image/negative/neg_img_1189.jpg,0,normal,multimodal_concrete_crack_audio,train
dataset/multimodal-concrete-crack-detection-dataset/audio/negative/neg_audio_270.wav,dataset/multimodal-concrete-crack-detection-dataset/image/negative/neg_img_270.jpg,0,normal,multimodal_concrete_crack_audio,train
dataset/multimodal-concrete-crack-detection-dataset/audio/negative/neg_audio_1178.wav,dataset/multimodal-concrete-crack-detection-dataset/image/negative/neg_img_1178.jpg,0,normal,multimodal_concrete_crack_audio,train
dataset/multimodal-concrete-crack-detection-dataset/audio/negative/neg_audio_1637.wav,dataset/multimodal-concrete-crack-detection-dataset/image/negative/neg_img_1637.jpg,0,normal,multimodal_concrete_crack_audio,train
dataset/multimodal-concrete-crack-detection-dataset/audio/positive/pos_audio_448.wav,dataset/multimodal-concrete-crack-detection-dataset/image/positive/pos_img_448.jpg,1,acoustic_abnormal,multimodal_concrete_crack_audio,train
dataset/multimodal-concrete-crack-detection-dataset/audio/negative/neg_audio_1883.wav,dataset/multimodal-concrete-crack-detection-dataset/image/negative/neg_img_1883.jpg,0,normal,multimodal_concrete_crack_audio,train
dataset/multimodal-concrete-crack-detection-dataset/audio/negative/neg_audio_2830.wav,dataset/multimodal-concrete-crack-detection-dataset/image/negative/neg_img_2830.jpg,0,normal,multimodal_concrete_crack_audio,val
dataset/multimodal-concrete-crack-detection-dataset/audio/positive/pos_audio_213.wav,dataset/multimodal-concrete-crack-detection-dataset/image/positive/pos_img_213.jpg,1,acoustic_abnormal,multimodal_concrete_crack_audio,train
dataset/multimodal-concrete-crack-detection-dataset/audio/negative/neg_audio_954.wav,dataset/multimodal-concrete-crack-detection-dataset/image/negative/neg_img_954.jpg,0,normal,multimodal_concrete_crack_audio,train
dataset/multimodal-concrete-crack-detection-dataset/audio/negative/neg_audio_1990.wav,dataset/multimodal-concrete-crack-detection-dataset/image/negative/neg_img_1990.jpg,0,normal,multimodal_concrete_crack_audio,train
dataset/multimodal-concrete-crack-detection-dataset/audio/negative/neg_audio_2786.wav,dataset/multimodal-concrete-crack-detection-dataset/image/negative/neg_img_2786.jpg,0,normal,multimodal_concrete_crack_audio,train
dataset/multimodal-concrete-crack-detection-dataset/audio/negative/neg_audio_2863.wav,dataset/multimodal-concrete-crack-detection-dataset/image/negative/neg_img_2863.jpg,0,normal,multimodal_concrete_crack_audio,val
dataset/multimodal-concrete-crack-detection-dataset/audio/negative/neg_audio_2012.wav,dataset/multimodal-concrete-crack-detection-dataset/image/negative/neg_img_2012.jpg,0,normal,multimodal_concrete_crack_audio,train
dataset/multimodal-concrete-crack-detection-dataset/audio/negative/neg_audio_1584.wav,dataset/multimodal-concrete-crack-detection-dataset/image/negative/neg_img_1584.jpg,0,normal,multimodal_concrete_crack_audio,train
dataset/multimodal-concrete-crack-detection-dataset/audio/negative/neg_audio_851.wav,dataset/multimodal-concrete-crack-detection-dataset/image/negative/neg_img_851.jpg,0,normal,multimodal_concrete_crack_audio,train
dataset/multimodal-concrete-crack-detection-dataset/audio/negative/neg_audio_1917.wav,dataset/multimodal-concrete-crack-detection-dataset/image/negative/neg_img_1917.jpg,0,normal,multimodal_concrete_crack_audio,train
dataset/multimodal-concrete-crack-detection-dataset/audio/positive/pos_audio_679.wav,dataset/multimodal-concrete-crack-detection-dataset/image/positive/pos_img_679.jpg,1,acoustic_abnormal,multimodal_concrete_crack_audio,train
dataset/multimodal-concrete-crack-detection-dataset/audio/positive/pos_audio_231.wav,dataset/multimodal-concrete-crack-detection-dataset/image/positive/pos_img_231.jpg,1,acoustic_abnormal,multimodal_concrete_crack_audio,test
dataset/multimodal-concrete-crack-detection-dataset/audio/negative/neg_audio_715.wav,dataset/multimodal-concrete-crack-detection-dataset/image/negative/neg_img_715.jpg,0,normal,multimodal_concrete_crack_audio,train
dataset/multimodal-concrete-crack-detection-dataset/audio/positive/pos_audio_59.wav,dataset/multimodal-concrete-crack-detection-dataset/image/positive/pos_img_59.jpg,1,acoustic_abnormal,multimodal_concrete_crack_audio,train
dataset/multimodal-concrete-crack-detection-dataset/audio/negative/neg_audio_3066.wav,dataset/multimodal-concrete-crack-detection-dataset/image/negative/neg_img_3066.jpg,0,normal,multimodal_concrete_crack_audio,train
dataset/multimodal-concrete-crack-detection-dataset/audio/negative/neg_audio_2960.wav,dataset/multimodal-concrete-crack-detection-dataset/image/negative/neg_img_2960.jpg,0,normal,multimodal_concrete_crack_audio,train
dataset/multimodal-concrete-crack-detection-dataset/audio/positive/pos_audio_540.wav,dataset/multimodal-concrete-crack-detection-dataset/image/positive/pos_img_540.jpg,1,acoustic_abnormal,multimodal_concrete_crack_audio,val
dataset/multimodal-concrete-crack-detection-dataset/audio/negative/neg_audio_594.wav,dataset/multimodal-concrete-crack-detection-dataset/image/negative/neg_img_594.jpg,0,normal,multimodal_concrete_crack_audio,train
dataset/multimodal-concrete-crack-detection-dataset/audio/positive/pos_audio_87.wav,dataset/multimodal-concrete-crack-detection-dataset/image/positive/pos_img_87.jpg,1,acoustic_abnormal,multimodal_concrete_crack_audio,train
dataset/multimodal-concrete-crack-detection-dataset/audio/negative/neg_audio_457.wav,dataset/multimodal-concrete-crack-detection-dataset/image/negative/neg_img_457.jpg,0,normal,multimodal_concrete_crack_audio,train
dataset/multimodal-concrete-crack-detection-dataset/audio/negative/neg_audio_3043.wav,dataset/multimodal-concrete-crack-detection-dataset/image/negative/neg_img_3043.jpg,0,normal,multimodal_concrete_crack_audio,train
dataset/multimodal-concrete-crack-detection-dataset/audio/negative/neg_audio_2592.wav,dataset/multimodal-concrete-crack-detection-dataset/image/negative/neg_img_2592.jpg,0,normal,multimodal_concrete_crack_audio,val
dataset/multimodal-concrete-crack-detection-dataset/audio/negative/neg_audio_1116.wav,dataset/multimodal-concrete-crack-detection-dataset/image/negative/neg_img_1116.jpg,0,normal,multimodal_concrete_crack_audio,test
dataset/multimodal-concrete-crack-detection-dataset/audio/negative/neg_audio_2370.wav,dataset/multimodal-concrete-crack-detection-dataset/image/negative/neg_img_2370.jpg,0,normal,multimodal_concrete_crack_audio,test
dataset/multimodal-concrete-crack-detection-dataset/audio/negative/neg_audio_2106.wav,dataset/multimodal-concrete-crack-detection-dataset/image/negative/neg_img_2106.jpg,0,normal,multimodal_concrete_crack_audio,test
dataset/multimodal-concrete-crack-detection-dataset/audio/negative/neg_audio_1811.wav,dataset/multimodal-concrete-crack-detection-dataset/image/negative/neg_img_1811.jpg,0,normal,multimodal_concrete_crack_audio,train
dataset/multimodal-concrete-crack-detection-dataset/audio/negative/neg_audio_1893.wav,dataset/multimodal-concrete-crack-detection-dataset/image/negative/neg_img_1893.jpg,0,normal,multimodal_concrete_crack_audio,train
dataset/multimodal-concrete-crack-detection-dataset/audio/negative/neg_audio_449.wav,dataset/multimodal-concrete-crack-detection-dataset/image/negative/neg_img_449.jpg,0,normal,multimodal_concrete_crack_audio,train
dataset/multimodal-concrete-crack-detection-dataset/audio/positive/pos_audio_771.wav,dataset/multimodal-concrete-crack-detection-dataset/image/positive/pos_img_771.jpg,1,acoustic_abnormal,multimodal_concrete_crack_audio,train
dataset/multimodal-concrete-crack-detection-dataset/audio/negative/neg_audio_2132.wav,dataset/multimodal-concrete-crack-detection-dataset/image/negative/neg_img_2132.jpg,0,normal,multimodal_concrete_crack_audio,train
dataset/multimodal-concrete-crack-detection-dataset/audio/negative/neg_audio_470.wav,dataset/multimodal-concrete-crack-detection-dataset/image/negative/neg_img_470.jpg,0,normal,multimodal_concrete_crack_audio,val
dataset/multimodal-concrete-crack-detection-dataset/audio/negative/neg_audio_719.wav,dataset/multimodal-concrete-crack-detection-dataset/image/negative/neg_img_719.jpg,0,normal,multimodal_concrete_crack_audio,train
dataset/multimodal-concrete-crack-detection-dataset/audio/positive/pos_audio_429.wav,dataset/multimodal-concrete-crack-detection-dataset/image/positive/pos_img_429.jpg,1,acoustic_abnormal,multimodal_concrete_crack_audio,val
dataset/multimodal-concrete-crack-detection-dataset/audio/negative/neg_audio_1874.wav,dataset/multimodal-concrete-crack-detection-dataset/image/negative/neg_img_1874.jpg,0,normal,multimodal_concrete_crack_audio,test
dataset/multimodal-concrete-crack-detection-dataset/audio/positive/pos_audio_715.wav,dataset/multimodal-concrete-crack-detection-dataset/image/positive/pos_img_715.jpg,1,acoustic_abnormal,multimodal_concrete_crack_audio,train
dataset/multimodal-concrete-crack-detection-dataset/audio/negative/neg_audio_980.wav,dataset/multimodal-concrete-crack-detection-dataset/image/negative/neg_img_980.jpg,0,normal,multimodal_concrete_crack_audio,train
dataset/multimodal-concrete-crack-detection-dataset/audio/positive/pos_audio_308.wav,dataset/multimodal-concrete-crack-detection-dataset/image/positive/pos_img_308.jpg,1,acoustic_abnormal,multimodal_concrete_crack_audio,train
dataset/multimodal-concrete-crack-detection-dataset/audio/negative/neg_audio_209.wav,dataset/multimodal-concrete-crack-detection-dataset/image/negative/neg_img_209.jpg,0,normal,multimodal_concrete_crack_audio,val
dataset/multimodal-concrete-crack-detection-dataset/audio/negative/neg_audio_322.wav,dataset/multimodal-concrete-crack-detection-dataset/image/negative/neg_img_322.jpg,0,normal,multimodal_concrete_crack_audio,train
dataset/multimodal-concrete-crack-detection-dataset/audio/negative/neg_audio_2756.wav,dataset/multimodal-concrete-crack-detection-dataset/image/negative/neg_img_2756.jpg,0,normal,multimodal_concrete_crack_audio,train
dataset/multimodal-concrete-crack-detection-dataset/audio/negative/neg_audio_826.wav,dataset/multimodal-concrete-crack-detection-dataset/image/negative/neg_img_826.jpg,0,normal,multimodal_concrete_crack_audio,train
dataset/multimodal-concrete-crack-detection-dataset/audio/negative/neg_audio_488.wav,dataset/multimodal-concrete-crack-detection-dataset/image/negative/neg_img_488.jpg,0,normal,multimodal_concrete_crack_audio,train
dataset/multimodal-concrete-crack-detection-dataset/audio/negative/neg_audio_889.wav,dataset/multimodal-concrete-crack-detection-dataset/image/negative/neg_img_889.jpg,0,normal,multimodal_concrete_crack_audio,train
dataset/multimodal-concrete-crack-detection-dataset/audio/positive/pos_audio_489.wav,dataset/multimodal-concrete-crack-detection-dataset/image/positive/pos_img_489.jpg,1,acoustic_abnormal,multimodal_concrete_crack_audio,test
dataset/multimodal-concrete-crack-detection-dataset/audio/negative/neg_audio_2570.wav,dataset/multimodal-concrete-crack-detection-dataset/image/negative/neg_img_2570.jpg,0,normal,multimodal_concrete_crack_audio,train
dataset/multimodal-concrete-crack-detection-dataset/audio/positive/pos_audio_460.wav,dataset/multimodal-concrete-crack-detection-dataset/image/positive/pos_img_460.jpg,1,acoustic_abnormal,multimodal_concrete_crack_audio,train
dataset/multimodal-concrete-crack-detection-dataset/audio/negative/neg_audio_2090.wav,dataset/multimodal-concrete-crack-detection-dataset/image/negative/neg_img_2090.jpg,0,normal,multimodal_concrete_crack_audio,train
dataset/multimodal-concrete-crack-detection-dataset/audio/negative/neg_audio_872.wav,dataset/multimodal-concrete-crack-detection-dataset/image/negative/neg_img_872.jpg,0,normal,multimodal_concrete_crack_audio,train
dataset/multimodal-concrete-crack-detection-dataset/audio/negative/neg_audio_1871.wav,dataset/multimodal-concrete-crack-detection-dataset/image/negative/neg_img_1871.jpg,0,normal,multimodal_concrete_crack_audio,train
dataset/multimodal-concrete-crack-detection-dataset/audio/negative/neg_audio_3192.wav,dataset/multimodal-concrete-crack-detection-dataset/image/negative/neg_img_3192.jpg,0,normal,multimodal_concrete_crack_audio,test
dataset/multimodal-concrete-crack-detection-dataset/audio/negative/neg_audio_960.wav,dataset/multimodal-concrete-crack-detection-dataset/image/negative/neg_img_960.jpg,0,normal,multimodal_concrete_crack_audio,train
dataset/multimodal-concrete-crack-detection-dataset/audio/positive/pos_audio_258.wav,dataset/multimodal-concrete-crack-detection-dataset/image/positive/pos_img_258.jpg,1,acoustic_abnormal,multimodal_concrete_crack_audio,test
dataset/multimodal-concrete-crack-detection-dataset/audio/negative/neg_audio_2044.wav,dataset/multimodal-concrete-crack-detection-dataset/image/negative/neg_img_2044.jpg,0,normal,multimodal_concrete_crack_audio,train
dataset/multimodal-concrete-crack-detection-dataset/audio/negative/neg_audio_1666.wav,dataset/multimodal-concrete-crack-detection-dataset/image/negative/neg_img_1666.jpg,0,normal,multimodal_concrete_crack_audio,val
dataset/multimodal-concrete-crack-detection-dataset/audio/negative/neg_audio_814.wav,dataset/multimodal-concrete-crack-detection-dataset/image/negative/neg_img_814.jpg,0,normal,multimodal_concrete_crack_audio,train
dataset/multimodal-concrete-crack-detection-dataset/audio/negative/neg_audio_1241.wav,dataset/multimodal-concrete-crack-detection-dataset/image/negative/neg_img_1241.jpg,0,normal,multimodal_concrete_crack_audio,train
dataset/multimodal-concrete-crack-detection-dataset/audio/negative/neg_audio_2457.wav,dataset/multimodal-concrete-crack-detection-dataset/image/negative/neg_img_2457.jpg,0,normal,multimodal_concrete_crack_audio,train
dataset/multimodal-concrete-crack-detection-dataset/audio/negative/neg_audio_2437.wav,dataset/multimodal-concrete-crack-detection-dataset/image/negative/neg_img_2437.jpg,0,normal,multimodal_concrete_crack_audio,train
dataset/multimodal-concrete-crack-detection-dataset/audio/negative/neg_audio_2619.wav,dataset/multimodal-concrete-crack-detection-dataset/image/negative/neg_img_2619.jpg,0,normal,multimodal_concrete_crack_audio,train
dataset/multimodal-concrete-crack-detection-dataset/audio/negative/neg_audio_1926.wav,dataset/multimodal-concrete-crack-detection-dataset/image/negative/neg_img_1926.jpg,0,normal,multimodal_concrete_crack_audio,test
dataset/multimodal-concrete-crack-detection-dataset/audio/negative/neg_audio_295.wav,dataset/multimodal-concrete-crack-detection-dataset/image/negative/neg_img_295.jpg,0,normal,multimodal_concrete_crack_audio,val
dataset/multimodal-concrete-crack-detection-dataset/audio/negative/neg_audio_288.wav,dataset/multimodal-concrete-crack-detection-dataset/image/negative/neg_img_288.jpg,0,normal,multimodal_concrete_crack_audio,train
dataset/multimodal-concrete-crack-detection-dataset/audio/negative/neg_audio_1887.wav,dataset/multimodal-concrete-crack-detection-dataset/image/negative/neg_img_1887.jpg,0,normal,multimodal_concrete_crack_audio,val
dataset/multimodal-concrete-crack-detection-dataset/audio/positive/pos_audio_799.wav,dataset/multimodal-concrete-crack-detection-dataset/image/positive/pos_img_799.jpg,1,acoustic_abnormal,multimodal_concrete_crack_audio,train
dataset/multimodal-concrete-crack-detection-dataset/audio/negative/neg_audio_1392.wav,dataset/multimodal-concrete-crack-detection-dataset/image/negative/neg_img_1392.jpg,0,normal,multimodal_concrete_crack_audio,train
dataset/multimodal-concrete-crack-detection-dataset/audio/negative/neg_audio_2864.wav,dataset/multimodal-concrete-crack-detection-dataset/image/negative/neg_img_2864.jpg,0,normal,multimodal_concrete_crack_audio,train
dataset/multimodal-concrete-crack-detection-dataset/audio/negative/neg_audio_2538.wav,dataset/multimodal-concrete-crack-detection-dataset/image/negative/neg_img_2538.jpg,0,normal,multimodal_concrete_crack_audio,test
dataset/multimodal-concrete-crack-detection-dataset/audio/negative/neg_audio_2005.wav,dataset/multimodal-concrete-crack-detection-dataset/image/negative/neg_img_2005.jpg,0,normal,multimodal_concrete_crack_audio,test
dataset/multimodal-concrete-crack-detection-dataset/audio/negative/neg_audio_2688.wav,dataset/multimodal-concrete-crack-detection-dataset/image/negative/neg_img_2688.jpg,0,normal,multimodal_concrete_crack_audio,train
dataset/multimodal-concrete-crack-detection-dataset/audio/positive/pos_audio_640.wav,dataset/multimodal-concrete-crack-detection-dataset/image/positive/pos_img_640.jpg,1,acoustic_abnormal,multimodal_concrete_crack_audio,train
dataset/multimodal-concrete-crack-detection-dataset/audio/positive/pos_audio_626.wav,dataset/multimodal-concrete-crack-detection-dataset/image/positive/pos_img_626.jpg,1,acoustic_abnormal,multimodal_concrete_crack_audio,train
dataset/multimodal-concrete-crack-detection-dataset/audio/negative/neg_audio_2363.wav,dataset/multimodal-concrete-crack-detection-dataset/image/negative/neg_img_2363.jpg,0,normal,multimodal_concrete_crack_audio,train
dataset/multimodal-concrete-crack-detection-dataset/audio/positive/pos_audio_860.wav,dataset/multimodal-concrete-crack-detection-dataset/image/positive/pos_img_860.jpg,1,acoustic_abnormal,multimodal_concrete_crack_audio,train
dataset/multimodal-concrete-crack-detection-dataset/audio/negative/neg_audio_1341.wav,dataset/multimodal-concrete-crack-detection-dataset/image/negative/neg_img_1341.jpg,0,normal,multimodal_concrete_crack_audio,val
dataset/multimodal-concrete-crack-detection-dataset/audio/negative/neg_audio_277.wav,dataset/multimodal-concrete-crack-detection-dataset/image/negative/neg_img_277.jpg,0,normal,multimodal_concrete_crack_audio,val
dataset/multimodal-concrete-crack-detection-dataset/audio/negative/neg_audio_191.wav,dataset/multimodal-concrete-crack-detection-dataset/image/negative/neg_img_191.jpg,0,normal,multimodal_concrete_crack_audio,train
dataset/multimodal-concrete-crack-detection-dataset/audio/negative/neg_audio_1415.wav,dataset/multimodal-concrete-crack-detection-dataset/image/negative/neg_img_1415.jpg,0,normal,multimodal_concrete_crack_audio,val
dataset/multimodal-concrete-crack-detection-dataset/audio/negative/neg_audio_2818.wav,dataset/multimodal-concrete-crack-detection-dataset/image/negative/neg_img_2818.jpg,0,normal,multimodal_concrete_crack_audio,train
dataset/multimodal-concrete-crack-detection-dataset/audio/positive/pos_audio_247.wav,dataset/multimodal-concrete-crack-detection-dataset/image/positive/pos_img_247.jpg,1,acoustic_abnormal,multimodal_concrete_crack_audio,train
dataset/multimodal-concrete-crack-detection-dataset/audio/negative/neg_audio_1218.wav,dataset/multimodal-concrete-crack-detection-dataset/image/negative/neg_img_1218.jpg,0,normal,multimodal_concrete_crack_audio,train
dataset/multimodal-concrete-crack-detection-dataset/audio/negative/neg_audio_268.wav,dataset/multimodal-concrete-crack-detection-dataset/image/negative/neg_img_268.jpg,0,normal,multimodal_concrete_crack_audio,test
dataset/multimodal-concrete-crack-detection-dataset/audio/negative/neg_audio_2722.wav,dataset/multimodal-concrete-crack-detection-dataset/image/negative/neg_img_2722.jpg,0,normal,multimodal_concrete_crack_audio,train
dataset/multimodal-concrete-crack-detection-dataset/audio/negative/neg_audio_2299.wav,dataset/multimodal-concrete-crack-detection-dataset/image/negative/neg_img_2299.jpg,0,normal,multimodal_concrete_crack_audio,train
dataset/multimodal-concrete-crack-detection-dataset/audio/negative/neg_audio_2577.wav,dataset/multimodal-concrete-crack-detection-dataset/image/negative/neg_img_2577.jpg,0,normal,multimodal_concrete_crack_audio,train
dataset/multimodal-concrete-crack-detection-dataset/audio/negative/neg_audio_1404.wav,dataset/multimodal-concrete-crack-detection-dataset/image/negative/neg_img_1404.jpg,0,normal,multimodal_concrete_crack_audio,train
dataset/multimodal-concrete-crack-detection-dataset/audio/negative/neg_audio_2546.wav,dataset/multimodal-concrete-crack-detection-dataset/image/negative/neg_img_2546.jpg,0,normal,multimodal_concrete_crack_audio,train
dataset/multimodal-concrete-crack-detection-dataset/audio/positive/pos_audio_375.wav,dataset/multimodal-concrete-crack-detection-dataset/image/positive/pos_img_375.jpg,1,acoustic_abnormal,multimodal_concrete_crack_audio,train
dataset/multimodal-concrete-crack-detection-dataset/audio/positive/pos_audio_843.wav,dataset/multimodal-concrete-crack-detection-dataset/image/positive/pos_img_843.jpg,1,acoustic_abnormal,multimodal_concrete_crack_audio,train
dataset/multimodal-concrete-crack-detection-dataset/audio/negative/neg_audio_205.wav,dataset/multimodal-concrete-crack-detection-dataset/image/negative/neg_img_205.jpg,0,normal,multimodal_concrete_crack_audio,test
dataset/multimodal-concrete-crack-detection-dataset/audio/negative/neg_audio_412.wav,dataset/multimodal-concrete-crack-detection-dataset/image/negative/neg_img_412.jpg,0,normal,multimodal_concrete_crack_audio,test
dataset/multimodal-concrete-crack-detection-dataset/audio/negative/neg_audio_1717.wav,dataset/multimodal-concrete-crack-detection-dataset/image/negative/neg_img_1717.jpg,0,normal,multimodal_concrete_crack_audio,train
dataset/multimodal-concrete-crack-detection-dataset/audio/negative/neg_audio_484.wav,dataset/multimodal-concrete-crack-detection-dataset/image/negative/neg_img_484.jpg,0,normal,multimodal_concrete_crack_audio,val
dataset/multimodal-concrete-crack-detection-dataset/audio/negative/neg_audio_823.wav,dataset/multimodal-concrete-crack-detection-dataset/image/negative/neg_img_823.jpg,0,normal,multimodal_concrete_crack_audio,val
dataset/multimodal-concrete-crack-detection-dataset/audio/negative/neg_audio_1591.wav,dataset/multimodal-concrete-crack-detection-dataset/image/negative/neg_img_1591.jpg,0,normal,multimodal_concrete_crack_audio,test
dataset/multimodal-concrete-crack-detection-dataset/audio/negative/neg_audio_344.wav,dataset/multimodal-concrete-crack-detection-dataset/image/negative/neg_img_344.jpg,0,normal,multimodal_concrete_crack_audio,train
dataset/multimodal-concrete-crack-detection-dataset/audio/positive/pos_audio_676.wav,dataset/multimodal-concrete-crack-detection-dataset/image/positive/pos_img_676.jpg,1,acoustic_abnormal,multimodal_concrete_crack_audio,val
dataset/multimodal-concrete-crack-detection-dataset/audio/negative/neg_audio_1738.wav,dataset/multimodal-concrete-crack-detection-dataset/image/negative/neg_img_1738.jpg,0,normal,multimodal_concrete_crack_audio,train
dataset/multimodal-concrete-crack-detection-dataset/audio/negative/neg_audio_2701.wav,dataset/multimodal-concrete-crack-detection-dataset/image/negative/neg_img_2701.jpg,0,normal,multimodal_concrete_crack_audio,train
dataset/multimodal-concrete-crack-detection-dataset/audio/negative/neg_audio_1011.wav,dataset/multimodal-concrete-crack-detection-dataset/image/negative/neg_img_1011.jpg,0,normal,multimodal_concrete_crack_audio,train
dataset/multimodal-concrete-crack-detection-dataset/audio/negative/neg_audio_1754.wav,dataset/multimodal-concrete-crack-detection-dataset/image/negative/neg_img_1754.jpg,0,normal,multimodal_concrete_crack_audio,val
dataset/multimodal-concrete-crack-detection-dataset/audio/negative/neg_audio_175.wav,dataset/multimodal-concrete-crack-detection-dataset/image/negative/neg_img_175.jpg,0,normal,multimodal_concrete_crack_audio,val
dataset/multimodal-concrete-crack-detection-dataset/audio/negative/neg_audio_2496.wav,dataset/multimodal-concrete-crack-detection-dataset/image/negative/neg_img_2496.jpg,0,normal,multimodal_concrete_crack_audio,train
dataset/multimodal-concrete-crack-detection-dataset/audio/negative/neg_audio_242.wav,dataset/multimodal-concrete-crack-detection-dataset/image/negative/neg_img_242.jpg,0,normal,multimodal_concrete_crack_audio,train
dataset/multimodal-concrete-crack-detection-dataset/audio/positive/pos_audio_328.wav,dataset/multimodal-concrete-crack-detection-dataset/image/positive/pos_img_328.jpg,1,acoustic_abnormal,multimodal_concrete_crack_audio,train
dataset/multimodal-concrete-crack-detection-dataset/audio/negative/neg_audio_437.wav,dataset/multimodal-concrete-crack-detection-dataset/image/negative/neg_img_437.jpg,0,normal,multimodal_concrete_crack_audio,train
dataset/multimodal-concrete-crack-detection-dataset/audio/negative/neg_audio_1291.wav,dataset/multimodal-concrete-crack-detection-dataset/image/negative/neg_img_1291.jpg,0,normal,multimodal_concrete_crack_audio,test
dataset/multimodal-concrete-crack-detection-dataset/audio/negative/neg_audio_293.wav,dataset/multimodal-concrete-crack-detection-dataset/image/negative/neg_img_293.jpg,0,normal,multimodal_concrete_crack_audio,test
dataset/multimodal-concrete-crack-detection-dataset/audio/negative/neg_audio_1776.wav,dataset/multimodal-concrete-crack-detection-dataset/image/negative/neg_img_1776.jpg,0,normal,multimodal_concrete_crack_audio,train
dataset/multimodal-concrete-crack-detection-dataset/audio/negative/neg_audio_1270.wav,dataset/multimodal-concrete-crack-detection-dataset/image/negative/neg_img_1270.jpg,0,normal,multimodal_concrete_crack_audio,train
dataset/multimodal-concrete-crack-detection-dataset/audio/positive/pos_audio_56.wav,dataset/multimodal-concrete-crack-detection-dataset/image/positive/pos_img_56.jpg,1,acoustic_abnormal,multimodal_concrete_crack_audio,train
dataset/multimodal-concrete-crack-detection-dataset/audio/positive/pos_audio_317.wav,dataset/multimodal-concrete-crack-detection-dataset/image/positive/pos_img_317.jpg,1,acoustic_abnormal,multimodal_concrete_crack_audio,train
dataset/multimodal-concrete-crack-detection-dataset/audio/negative/neg_audio_416.wav,dataset/multimodal-concrete-crack-detection-dataset/image/negative/neg_img_416.jpg,0,normal,multimodal_concrete_crack_audio,train
dataset/multimodal-concrete-crack-detection-dataset/audio/negative/neg_audio_1628.wav,dataset/multimodal-concrete-crack-detection-dataset/image/negative/neg_img_1628.jpg,0,normal,multimodal_concrete_crack_audio,train
dataset/multimodal-concrete-crack-detection-dataset/audio/negative/neg_audio_2883.wav,dataset/multimodal-concrete-crack-detection-dataset/image/negative/neg_img_2883.jpg,0,normal,multimodal_concrete_crack_audio,val
dataset/multimodal-concrete-crack-detection-dataset/audio/positive/pos_audio_732.wav,dataset/multimodal-concrete-crack-detection-dataset/image/positive/pos_img_732.jpg,1,acoustic_abnormal,multimodal_concrete_crack_audio,test
dataset/multimodal-concrete-crack-detection-dataset/audio/negative/neg_audio_508.wav,dataset/multimodal-concrete-crack-detection-dataset/image/negative/neg_img_508.jpg,0,normal,multimodal_concrete_crack_audio,train
dataset/multimodal-concrete-crack-detection-dataset/audio/negative/neg_audio_2136.wav,dataset/multimodal-concrete-crack-detection-dataset/image/negative/neg_img_2136.jpg,0,normal,multimodal_concrete_crack_audio,train
dataset/multimodal-concrete-crack-detection-dataset/audio/negative/neg_audio_2318.wav,dataset/multimodal-concrete-crack-detection-dataset/image/negative/neg_img_2318.jpg,0,normal,multimodal_concrete_crack_audio,train
dataset/multimodal-concrete-crack-detection-dataset/audio/negative/neg_audio_1881.wav,dataset/multimodal-concrete-crack-detection-dataset/image/negative/neg_img_1881.jpg,0,normal,multimodal_concrete_crack_audio,test
dataset/multimodal-concrete-crack-detection-dataset/audio/negative/neg_audio_1587.wav,dataset/multimodal-concrete-crack-detection-dataset/image/negative/neg_img_1587.jpg,0,normal,multimodal_concrete_crack_audio,val
dataset/multimodal-concrete-crack-detection-dataset/audio/negative/neg_audio_2348.wav,dataset/multimodal-concrete-crack-detection-dataset/image/negative/neg_img_2348.jpg,0,normal,multimodal_concrete_crack_audio,train
dataset/multimodal-concrete-crack-detection-dataset/audio/negative/neg_audio_1957.wav,dataset/multimodal-concrete-crack-detection-dataset/image/negative/neg_img_1957.jpg,0,normal,multimodal_concrete_crack_audio,test
dataset/multimodal-concrete-crack-detection-dataset/audio/negative/neg_audio_2974.wav,dataset/multimodal-concrete-crack-detection-dataset/image/negative/neg_img_2974.jpg,0,normal,multimodal_concrete_crack_audio,test
dataset/multimodal-concrete-crack-detection-dataset/audio/positive/pos_audio_762.wav,dataset/multimodal-concrete-crack-detection-dataset/image/positive/pos_img_762.jpg,1,acoustic_abnormal,multimodal_concrete_crack_audio,train
dataset/multimodal-concrete-crack-detection-dataset/audio/negative/neg_audio_3057.wav,dataset/multimodal-concrete-crack-detection-dataset/image/negative/neg_img_3057.jpg,0,normal,multimodal_concrete_crack_audio,train
dataset/multimodal-concrete-crack-detection-dataset/audio/positive/pos_audio_35.wav,dataset/multimodal-concrete-crack-detection-dataset/image/positive/pos_img_35.jpg,1,acoustic_abnormal,multimodal_concrete_crack_audio,train
dataset/multimodal-concrete-crack-detection-dataset/audio/negative/neg_audio_2372.wav,dataset/multimodal-concrete-crack-detection-dataset/image/negative/neg_img_2372.jpg,0,normal,multimodal_concrete_crack_audio,val
dataset/multimodal-concrete-crack-detection-dataset/audio/negative/neg_audio_3003.wav,dataset/multimodal-concrete-crack-detection-dataset/image/negative/neg_img_3003.jpg,0,normal,multimodal_concrete_crack_audio,train
dataset/multimodal-concrete-crack-detection-dataset/audio/negative/neg_audio_1079.wav,dataset/multimodal-concrete-crack-detection-dataset/image/negative/neg_img_1079.jpg,0,normal,multimodal_concrete_crack_audio,train
dataset/multimodal-concrete-crack-detection-dataset/audio/negative/neg_audio_1403.wav,dataset/multimodal-concrete-crack-detection-dataset/image/negative/neg_img_1403.jpg,0,normal,multimodal_concrete_crack_audio,train
dataset/multimodal-concrete-crack-detection-dataset/audio/negative/neg_audio_2417.wav,dataset/multimodal-concrete-crack-detection-dataset/image/negative/neg_img_2417.jpg,0,normal,multimodal_concrete_crack_audio,train
dataset/multimodal-concrete-crack-detection-dataset/audio/negative/neg_audio_2300.wav,dataset/multimodal-concrete-crack-detection-dataset/image/negative/neg_img_2300.jpg,0,normal,multimodal_concrete_crack_audio,train
dataset/multimodal-concrete-crack-detection-dataset/audio/negative/neg_audio_926.wav,dataset/multimodal-concrete-crack-detection-dataset/image/negative/neg_img_926.jpg,0,normal,multimodal_concrete_crack_audio,test
dataset/multimodal-concrete-crack-detection-dataset/audio/negative/neg_audio_1363.wav,dataset/multimodal-concrete-crack-detection-dataset/image/negative/neg_img_1363.jpg,0,normal,multimodal_concrete_crack_audio,train
dataset/multimodal-concrete-crack-detection-dataset/audio/positive/pos_audio_190.wav,dataset/multimodal-concrete-crack-detection-dataset/image/positive/pos_img_190.jpg,1,acoustic_abnormal,multimodal_concrete_crack_audio,train
dataset/multimodal-concrete-crack-detection-dataset/audio/negative/neg_audio_903.wav,dataset/multimodal-concrete-crack-detection-dataset/image/negative/neg_img_903.jpg,0,normal,multimodal_concrete_crack_audio,train
dataset/multimodal-concrete-crack-detection-dataset/audio/negative/neg_audio_3158.wav,dataset/multimodal-concrete-crack-detection-dataset/image/negative/neg_img_3158.jpg,0,normal,multimodal_concrete_crack_audio,train
dataset/multimodal-concrete-crack-detection-dataset/audio/negative/neg_audio_2191.wav,dataset/multimodal-concrete-crack-detection-dataset/image/negative/neg_img_2191.jpg,0,normal,multimodal_concrete_crack_audio,train
dataset/multimodal-concrete-crack-detection-dataset/audio/negative/neg_audio_119.wav,dataset/multimodal-concrete-crack-detection-dataset/image/negative/neg_img_119.jpg,0,normal,multimodal_concrete_crack_audio,train
dataset/multimodal-concrete-crack-detection-dataset/audio/positive/pos_audio_380.wav,dataset/multimodal-concrete-crack-detection-dataset/image/positive/pos_img_380.jpg,1,acoustic_abnormal,multimodal_concrete_crack_audio,test
dataset/multimodal-concrete-crack-detection-dataset/audio/negative/neg_audio_1045.wav,dataset/multimodal-concrete-crack-detection-dataset/image/negative/neg_img_1045.jpg,0,normal,multimodal_concrete_crack_audio,train
dataset/multimodal-concrete-crack-detection-dataset/audio/negative/neg_audio_1711.wav,dataset/multimodal-concrete-crack-detection-dataset/image/negative/neg_img_1711.jpg,0,normal,multimodal_concrete_crack_audio,train
dataset/multimodal-concrete-crack-detection-dataset/audio/negative/neg_audio_1336.wav,dataset/multimodal-concrete-crack-detection-dataset/image/negative/neg_img_1336.jpg,0,normal,multimodal_concrete_crack_audio,train
dataset/multimodal-concrete-crack-detection-dataset/audio/negative/neg_audio_1733.wav,dataset/multimodal-concrete-crack-detection-dataset/image/negative/neg_img_1733.jpg,0,normal,multimodal_concrete_crack_audio,train
dataset/multimodal-concrete-crack-detection-dataset/audio/negative/neg_audio_338.wav,dataset/multimodal-concrete-crack-detection-dataset/image/negative/neg_img_338.jpg,0,normal,multimodal_concrete_crack_audio,train
dataset/multimodal-concrete-crack-detection-dataset/audio/positive/pos_audio_280.wav,dataset/multimodal-concrete-crack-detection-dataset/image/positive/pos_img_280.jpg,1,acoustic_abnormal,multimodal_concrete_crack_audio,test
dataset/multimodal-concrete-crack-detection-dataset/audio/negative/neg_audio_2033.wav,dataset/multimodal-concrete-crack-detection-dataset/image/negative/neg_img_2033.jpg,0,normal,multimodal_concrete_crack_audio,train
dataset/multimodal-concrete-crack-detection-dataset/audio/negative/neg_audio_2233.wav,dataset/multimodal-concrete-crack-detection-dataset/image/negative/neg_img_2233.jpg,0,normal,multimodal_concrete_crack_audio,test
dataset/multimodal-concrete-crack-detection-dataset/audio/negative/neg_audio_2449.wav,dataset/multimodal-concrete-crack-detection-dataset/image/negative/neg_img_2449.jpg,0,normal,multimodal_concrete_crack_audio,train
dataset/multimodal-concrete-crack-detection-dataset/audio/negative/neg_audio_2219.wav,dataset/multimodal-concrete-crack-detection-dataset/image/negative/neg_img_2219.jpg,0,normal,multimodal_concrete_crack_audio,train
dataset/multimodal-concrete-crack-detection-dataset/audio/negative/neg_audio_2160.wav,dataset/multimodal-concrete-crack-detection-dataset/image/negative/neg_img_2160.jpg,0,normal,multimodal_concrete_crack_audio,test
dataset/multimodal-concrete-crack-detection-dataset/audio/negative/neg_audio_791.wav,dataset/multimodal-concrete-crack-detection-dataset/image/negative/neg_img_791.jpg,0,normal,multimodal_concrete_crack_audio,train
dataset/multimodal-concrete-crack-detection-dataset/audio/negative/neg_audio_846.wav,dataset/multimodal-concrete-crack-detection-dataset/image/negative/neg_img_846.jpg,0,normal,multimodal_concrete_crack_audio,val
dataset/multimodal-concrete-crack-detection-dataset/audio/negative/neg_audio_458.wav,dataset/multimodal-concrete-crack-detection-dataset/image/negative/neg_img_458.jpg,0,normal,multimodal_concrete_crack_audio,val
dataset/multimodal-concrete-crack-detection-dataset/audio/negative/neg_audio_1484.wav,dataset/multimodal-concrete-crack-detection-dataset/image/negative/neg_img_1484.jpg,0,normal,multimodal_concrete_crack_audio,train
dataset/multimodal-concrete-crack-detection-dataset/audio/negative/neg_audio_1009.wav,dataset/multimodal-concrete-crack-detection-dataset/image/negative/neg_img_1009.jpg,0,normal,multimodal_concrete_crack_audio,train
dataset/multimodal-concrete-crack-detection-dataset/audio/positive/pos_audio_828.wav,dataset/multimodal-concrete-crack-detection-dataset/image/positive/pos_img_828.jpg,1,acoustic_abnormal,multimodal_concrete_crack_audio,test
dataset/multimodal-concrete-crack-detection-dataset/audio/negative/neg_audio_2206.wav,dataset/multimodal-concrete-crack-detection-dataset/image/negative/neg_img_2206.jpg,0,normal,multimodal_concrete_crack_audio,train
dataset/multimodal-concrete-crack-detection-dataset/audio/negative/neg_audio_2119.wav,dataset/multimodal-concrete-crack-detection-dataset/image/negative/neg_img_2119.jpg,0,normal,multimodal_concrete_crack_audio,train
dataset/multimodal-concrete-crack-detection-dataset/audio/negative/neg_audio_75.wav,dataset/multimodal-concrete-crack-detection-dataset/image/negative/neg_img_75.jpg,0,normal,multimodal_concrete_crack_audio,val
dataset/multimodal-concrete-crack-detection-dataset/audio/positive/pos_audio_126.wav,dataset/multimodal-concrete-crack-detection-dataset/image/positive/pos_img_126.jpg,1,acoustic_abnormal,multimodal_concrete_crack_audio,val
dataset/multimodal-concrete-crack-detection-dataset/audio/negative/neg_audio_177.wav,dataset/multimodal-concrete-crack-detection-dataset/image/negative/neg_img_177.jpg,0,normal,multimodal_concrete_crack_audio,train
dataset/multimodal-concrete-crack-detection-dataset/audio/negative/neg_audio_550.wav,dataset/multimodal-concrete-crack-detection-dataset/image/negative/neg_img_550.jpg,0,normal,multimodal_concrete_crack_audio,train
dataset/multimodal-concrete-crack-detection-dataset/audio/positive/pos_audio_254.wav,dataset/multimodal-concrete-crack-detection-dataset/image/positive/pos_img_254.jpg,1,acoustic_abnormal,multimodal_concrete_crack_audio,train
dataset/multimodal-concrete-crack-detection-dataset/audio/negative/neg_audio_2925.wav,dataset/multimodal-concrete-crack-detection-dataset/image/negative/neg_img_2925.jpg,0,normal,multimodal_concrete_crack_audio,train
dataset/multimodal-concrete-crack-detection-dataset/audio/positive/pos_audio_142.wav,dataset/multimodal-concrete-crack-detection-dataset/image/positive/pos_img_142.jpg,1,acoustic_abnormal,multimodal_concrete_crack_audio,test
dataset/multimodal-concrete-crack-detection-dataset/audio/negative/neg_audio_493.wav,dataset/multimodal-concrete-crack-detection-dataset/image/negative/neg_img_493.jpg,0,normal,multimodal_concrete_crack_audio,train
dataset/multimodal-concrete-crack-detection-dataset/audio/negative/neg_audio_639.wav,dataset/multimodal-concrete-crack-detection-dataset/image/negative/neg_img_639.jpg,0,normal,multimodal_concrete_crack_audio,test
dataset/multimodal-concrete-crack-detection-dataset/audio/positive/pos_audio_274.wav,dataset/multimodal-concrete-crack-detection-dataset/image/positive/pos_img_274.jpg,1,acoustic_abnormal,multimodal_concrete_crack_audio,val
dataset/multimodal-concrete-crack-detection-dataset/audio/positive/pos_audio_358.wav,dataset/multimodal-concrete-crack-detection-dataset/image/positive/pos_img_358.jpg,1,acoustic_abnormal,multimodal_concrete_crack_audio,val
dataset/multimodal-concrete-crack-detection-dataset/audio/positive/pos_audio_839.wav,dataset/multimodal-concrete-crack-detection-dataset/image/positive/pos_img_839.jpg,1,acoustic_abnormal,multimodal_concrete_crack_audio,train
dataset/multimodal-concrete-crack-detection-dataset/audio/negative/neg_audio_860.wav,dataset/multimodal-concrete-crack-detection-dataset/image/negative/neg_img_860.jpg,0,normal,multimodal_concrete_crack_audio,test
dataset/multimodal-concrete-crack-detection-dataset/audio/negative/neg_audio_1807.wav,dataset/multimodal-concrete-crack-detection-dataset/image/negative/neg_img_1807.jpg,0,normal,multimodal_concrete_crack_audio,train
dataset/multimodal-concrete-crack-detection-dataset/audio/negative/neg_audio_1753.wav,dataset/multimodal-concrete-crack-detection-dataset/image/negative/neg_img_1753.jpg,0,normal,multimodal_concrete_crack_audio,train
dataset/multimodal-concrete-crack-detection-dataset/audio/negative/neg_audio_2595.wav,dataset/multimodal-concrete-crack-detection-dataset/image/negative/neg_img_2595.jpg,0,normal,multimodal_concrete_crack_audio,train
dataset/multimodal-concrete-crack-detection-dataset/audio/negative/neg_audio_705.wav,dataset/multimodal-concrete-crack-detection-dataset/image/negative/neg_img_705.jpg,0,normal,multimodal_concrete_crack_audio,train
dataset/multimodal-concrete-crack-detection-dataset/audio/negative/neg_audio_2748.wav,dataset/multimodal-concrete-crack-detection-dataset/image/negative/neg_img_2748.jpg,0,normal,multimodal_concrete_crack_audio,train
dataset/multimodal-concrete-crack-detection-dataset/audio/negative/neg_audio_2455.wav,dataset/multimodal-concrete-crack-detection-dataset/image/negative/neg_img_2455.jpg,0,normal,multimodal_concrete_crack_audio,train
dataset/multimodal-concrete-crack-detection-dataset/audio/negative/neg_audio_2418.wav,dataset/multimodal-concrete-crack-detection-dataset/image/negative/neg_img_2418.jpg,0,normal,multimodal_concrete_crack_audio,train
dataset/multimodal-concrete-crack-detection-dataset/audio/negative/neg_audio_1305.wav,dataset/multimodal-concrete-crack-detection-dataset/image/negative/neg_img_1305.jpg,0,normal,multimodal_concrete_crack_audio,train
dataset/multimodal-concrete-crack-detection-dataset/audio/negative/neg_audio_1114.wav,dataset/multimodal-concrete-crack-detection-dataset/image/negative/neg_img_1114.jpg,0,normal,multimodal_concrete_crack_audio,train
dataset/multimodal-concrete-crack-detection-dataset/audio/negative/neg_audio_2199.wav,dataset/multimodal-concrete-crack-detection-dataset/image/negative/neg_img_2199.jpg,0,normal,multimodal_concrete_crack_audio,train
dataset/multimodal-concrete-crack-detection-dataset/audio/negative/neg_audio_784.wav,dataset/multimodal-concrete-crack-detection-dataset/image/negative/neg_img_784.jpg,0,normal,multimodal_concrete_crack_audio,train
dataset/multimodal-concrete-crack-detection-dataset/audio/negative/neg_audio_1819.wav,dataset/multimodal-concrete-crack-detection-dataset/image/negative/neg_img_1819.jpg,0,normal,multimodal_concrete_crack_audio,test
dataset/multimodal-concrete-crack-detection-dataset/audio/negative/neg_audio_2737.wav,dataset/multimodal-concrete-crack-detection-dataset/image/negative/neg_img_2737.jpg,0,normal,multimodal_concrete_crack_audio,train
dataset/multimodal-concrete-crack-detection-dataset/audio/negative/neg_audio_1461.wav,dataset/multimodal-concrete-crack-detection-dataset/image/negative/neg_img_1461.jpg,0,normal,multimodal_concrete_crack_audio,train
dataset/multimodal-concrete-crack-detection-dataset/audio/positive/pos_audio_591.wav,dataset/multimodal-concrete-crack-detection-dataset/image/positive/pos_img_591.jpg,1,acoustic_abnormal,multimodal_concrete_crack_audio,test
dataset/multimodal-concrete-crack-detection-dataset/audio/negative/neg_audio_2085.wav,dataset/multimodal-concrete-crack-detection-dataset/image/negative/neg_img_2085.jpg,0,normal,multimodal_concrete_crack_audio,train
dataset/multimodal-concrete-crack-detection-dataset/audio/negative/neg_audio_309.wav,dataset/multimodal-concrete-crack-detection-dataset/image/negative/neg_img_309.jpg,0,normal,multimodal_concrete_crack_audio,train
dataset/multimodal-concrete-crack-detection-dataset/audio/negative/neg_audio_864.wav,dataset/multimodal-concrete-crack-detection-dataset/image/negative/neg_img_864.jpg,0,normal,multimodal_concrete_crack_audio,train
dataset/multimodal-concrete-crack-detection-dataset/audio/negative/neg_audio_2458.wav,dataset/multimodal-concrete-crack-detection-dataset/image/negative/neg_img_2458.jpg,0,normal,multimodal_concrete_crack_audio,train
dataset/multimodal-concrete-crack-detection-dataset/audio/negative/neg_audio_2380.wav,dataset/multimodal-concrete-crack-detection-dataset/image/negative/neg_img_2380.jpg,0,normal,multimodal_concrete_crack_audio,train
dataset/multimodal-concrete-crack-detection-dataset/audio/positive/pos_audio_222.wav,dataset/multimodal-concrete-crack-detection-dataset/image/positive/pos_img_222.jpg,1,acoustic_abnormal,multimodal_concrete_crack_audio,train
dataset/multimodal-concrete-crack-detection-dataset/audio/positive/pos_audio_693.wav,dataset/multimodal-concrete-crack-detection-dataset/image/positive/pos_img_693.jpg,1,acoustic_abnormal,multimodal_concrete_crack_audio,train
dataset/multimodal-concrete-crack-detection-dataset/audio/negative/neg_audio_2479.wav,dataset/multimodal-concrete-crack-detection-dataset/image/negative/neg_img_2479.jpg,0,normal,multimodal_concrete_crack_audio,train
dataset/multimodal-concrete-crack-detection-dataset/audio/negative/neg_audio_794.wav,dataset/multimodal-concrete-crack-detection-dataset/image/negative/neg_img_794.jpg,0,normal,multimodal_concrete_crack_audio,train
dataset/multimodal-concrete-crack-detection-dataset/audio/negative/neg_audio_1245.wav,dataset/multimodal-concrete-crack-detection-dataset/image/negative/neg_img_1245.jpg,0,normal,multimodal_concrete_crack_audio,train
dataset/multimodal-concrete-crack-detection-dataset/audio/positive/pos_audio_39.wav,dataset/multimodal-concrete-crack-detection-dataset/image/positive/pos_img_39.jpg,1,acoustic_abnormal,multimodal_concrete_crack_audio,train
dataset/multimodal-concrete-crack-detection-dataset/audio/positive/pos_audio_426.wav,dataset/multimodal-concrete-crack-detection-dataset/image/positive/pos_img_426.jpg,1,acoustic_abnormal,multimodal_concrete_crack_audio,val
dataset/multimodal-concrete-crack-detection-dataset/audio/negative/neg_audio_2229.wav,dataset/multimodal-concrete-crack-detection-dataset/image/negative/neg_img_2229.jpg,0,normal,multimodal_concrete_crack_audio,train
dataset/multimodal-concrete-crack-detection-dataset/audio/negative/neg_audio_514.wav,dataset/multimodal-concrete-crack-detection-dataset/image/negative/neg_img_514.jpg,0,normal,multimodal_concrete_crack_audio,train
dataset/multimodal-concrete-crack-detection-dataset/audio/negative/neg_audio_2013.wav,dataset/multimodal-concrete-crack-detection-dataset/image/negative/neg_img_2013.jpg,0,normal,multimodal_concrete_crack_audio,train
dataset/multimodal-concrete-crack-detection-dataset/audio/negative/neg_audio_2415.wav,dataset/multimodal-concrete-crack-detection-dataset/image/negative/neg_img_2415.jpg,0,normal,multimodal_concrete_crack_audio,test
dataset/multimodal-concrete-crack-detection-dataset/audio/negative/neg_audio_354.wav,dataset/multimodal-concrete-crack-detection-dataset/image/negative/neg_img_354.jpg,0,normal,multimodal_concrete_crack_audio,val
dataset/multimodal-concrete-crack-detection-dataset/audio/negative/neg_audio_1284.wav,dataset/multimodal-concrete-crack-detection-dataset/image/negative/neg_img_1284.jpg,0,normal,multimodal_concrete_crack_audio,train
dataset/multimodal-concrete-crack-detection-dataset/audio/negative/neg_audio_2587.wav,dataset/multimodal-concrete-crack-detection-dataset/image/negative/neg_img_2587.jpg,0,normal,multimodal_concrete_crack_audio,test
dataset/multimodal-concrete-crack-detection-dataset/audio/positive/pos_audio_794.wav,dataset/multimodal-concrete-crack-detection-dataset/image/positive/pos_img_794.jpg,1,acoustic_abnormal,multimodal_concrete_crack_audio,train
dataset/multimodal-concrete-crack-detection-dataset/audio/negative/neg_audio_1844.wav,dataset/multimodal-concrete-crack-detection-dataset/image/negative/neg_img_1844.jpg,0,normal,multimodal_concrete_crack_audio,train
dataset/multimodal-concrete-crack-detection-dataset/audio/negative/neg_audio_1773.wav,dataset/multimodal-concrete-crack-detection-dataset/image/negative/neg_img_1773.jpg,0,normal,multimodal_concrete_crack_audio,train
dataset/multimodal-concrete-crack-detection-dataset/audio/negative/neg_audio_3094.wav,dataset/multimodal-concrete-crack-detection-dataset/image/negative/neg_img_3094.jpg,0,normal,multimodal_concrete_crack_audio,train
dataset/multimodal-concrete-crack-detection-dataset/audio/negative/neg_audio_1794.wav,dataset/multimodal-concrete-crack-detection-dataset/image/negative/neg_img_1794.jpg,0,normal,multimodal_concrete_crack_audio,train
dataset/multimodal-concrete-crack-detection-dataset/audio/negative/neg_audio_2077.wav,dataset/multimodal-concrete-crack-detection-dataset/image/negative/neg_img_2077.jpg,0,normal,multimodal_concrete_crack_audio,val
dataset/multimodal-concrete-crack-detection-dataset/audio/negative/neg_audio_2571.wav,dataset/multimodal-concrete-crack-detection-dataset/image/negative/neg_img_2571.jpg,0,normal,multimodal_concrete_crack_audio,val
dataset/multimodal-concrete-crack-detection-dataset/audio/positive/pos_audio_225.wav,dataset/multimodal-concrete-crack-detection-dataset/image/positive/pos_img_225.jpg,1,acoustic_abnormal,multimodal_concrete_crack_audio,train
dataset/multimodal-concrete-crack-detection-dataset/audio/negative/neg_audio_1408.wav,dataset/multimodal-concrete-crack-detection-dataset/image/negative/neg_img_1408.jpg,0,normal,multimodal_concrete_crack_audio,train
dataset/multimodal-concrete-crack-detection-dataset/audio/positive/pos_audio_296.wav,dataset/multimodal-concrete-crack-detection-dataset/image/positive/pos_img_296.jpg,1,acoustic_abnormal,multimodal_concrete_crack_audio,train
dataset/multimodal-concrete-crack-detection-dataset/audio/positive/pos_audio_34.wav,dataset/multimodal-concrete-crack-detection-dataset/image/positive/pos_img_34.jpg,1,acoustic_abnormal,multimodal_concrete_crack_audio,val
dataset/multimodal-concrete-crack-detection-dataset/audio/positive/pos_audio_872.wav,dataset/multimodal-concrete-crack-detection-dataset/image/positive/pos_img_872.jpg,1,acoustic_abnormal,multimodal_concrete_crack_audio,train
dataset/multimodal-concrete-crack-detection-dataset/audio/negative/neg_audio_2369.wav,dataset/multimodal-concrete-crack-detection-dataset/image/negative/neg_img_2369.jpg,0,normal,multimodal_concrete_crack_audio,train
dataset/multimodal-concrete-crack-detection-dataset/audio/positive/pos_audio_205.wav,dataset/multimodal-concrete-crack-detection-dataset/image/positive/pos_img_205.jpg,1,acoustic_abnormal,multimodal_concrete_crack_audio,test
dataset/multimodal-concrete-crack-detection-dataset/audio/negative/neg_audio_2017.wav,dataset/multimodal-concrete-crack-detection-dataset/image/negative/neg_img_2017.jpg,0,normal,multimodal_concrete_crack_audio,train
dataset/multimodal-concrete-crack-detection-dataset/audio/negative/neg_audio_2895.wav,dataset/multimodal-concrete-crack-detection-dataset/image/negative/neg_img_2895.jpg,0,normal,multimodal_concrete_crack_audio,train
dataset/multimodal-concrete-crack-detection-dataset/audio/positive/pos_audio_136.wav,dataset/multimodal-concrete-crack-detection-dataset/image/positive/pos_img_136.jpg,1,acoustic_abnormal,multimodal_concrete_crack_audio,train
dataset/multimodal-concrete-crack-detection-dataset/audio/negative/neg_audio_2639.wav,dataset/multimodal-concrete-crack-detection-dataset/image/negative/neg_img_2639.jpg,0,normal,multimodal_concrete_crack_audio,test
dataset/multimodal-concrete-crack-detection-dataset/audio/negative/neg_audio_1014.wav,dataset/multimodal-concrete-crack-detection-dataset/image/negative/neg_img_1014.jpg,0,normal,multimodal_concrete_crack_audio,train
dataset/multimodal-concrete-crack-detection-dataset/audio/negative/neg_audio_211.wav,dataset/multimodal-concrete-crack-detection-dataset/image/negative/neg_img_211.jpg,0,normal,multimodal_concrete_crack_audio,test
dataset/multimodal-concrete-crack-detection-dataset/audio/positive/pos_audio_423.wav,dataset/multimodal-concrete-crack-detection-dataset/image/positive/pos_img_423.jpg,1,acoustic_abnormal,multimodal_concrete_crack_audio,val
dataset/multimodal-concrete-crack-detection-dataset/audio/negative/neg_audio_1468.wav,dataset/multimodal-concrete-crack-detection-dataset/image/negative/neg_img_1468.jpg,0,normal,multimodal_concrete_crack_audio,train
dataset/multimodal-concrete-crack-detection-dataset/audio/negative/neg_audio_1418.wav,dataset/multimodal-concrete-crack-detection-dataset/image/negative/neg_img_1418.jpg,0,normal,multimodal_concrete_crack_audio,train
dataset/multimodal-concrete-crack-detection-dataset/audio/positive/pos_audio_816.wav,dataset/multimodal-concrete-crack-detection-dataset/image/positive/pos_img_816.jpg,1,acoustic_abnormal,multimodal_concrete_crack_audio,train
dataset/multimodal-concrete-crack-detection-dataset/audio/negative/neg_audio_1517.wav,dataset/multimodal-concrete-crack-detection-dataset/image/negative/neg_img_1517.jpg,0,normal,multimodal_concrete_crack_audio,train
dataset/multimodal-concrete-crack-detection-dataset/audio/negative/neg_audio_838.wav,dataset/multimodal-concrete-crack-detection-dataset/image/negative/neg_img_838.jpg,0,normal,multimodal_concrete_crack_audio,val
dataset/multimodal-concrete-crack-detection-dataset/audio/negative/neg_audio_2968.wav,dataset/multimodal-concrete-crack-detection-dataset/image/negative/neg_img_2968.jpg,0,normal,multimodal_concrete_crack_audio,train
dataset/multimodal-concrete-crack-detection-dataset/audio/negative/neg_audio_525.wav,dataset/multimodal-concrete-crack-detection-dataset/image/negative/neg_img_525.jpg,0,normal,multimodal_concrete_crack_audio,train
dataset/multimodal-concrete-crack-detection-dataset/audio/positive/pos_audio_74.wav,dataset/multimodal-concrete-crack-detection-dataset/image/positive/pos_img_74.jpg,1,acoustic_abnormal,multimodal_concrete_crack_audio,train
dataset/multimodal-concrete-crack-detection-dataset/audio/negative/neg_audio_1456.wav,dataset/multimodal-concrete-crack-detection-dataset/image/negative/neg_img_1456.jpg,0,normal,multimodal_concrete_crack_audio,val
dataset/multimodal-concrete-crack-detection-dataset/audio/negative/neg_audio_2621.wav,dataset/multimodal-concrete-crack-detection-dataset/image/negative/neg_img_2621.jpg,0,normal,multimodal_concrete_crack_audio,train
dataset/multimodal-concrete-crack-detection-dataset/audio/negative/neg_audio_1598.wav,dataset/multimodal-concrete-crack-detection-dataset/image/negative/neg_img_1598.jpg,0,normal,multimodal_concrete_crack_audio,train
dataset/multimodal-concrete-crack-detection-dataset/audio/negative/neg_audio_2959.wav,dataset/multimodal-concrete-crack-detection-dataset/image/negative/neg_img_2959.jpg,0,normal,multimodal_concrete_crack_audio,train
dataset/multimodal-concrete-crack-detection-dataset/audio/positive/pos_audio_403.wav,dataset/multimodal-concrete-crack-detection-dataset/image/positive/pos_img_403.jpg,1,acoustic_abnormal,multimodal_concrete_crack_audio,val
dataset/multimodal-concrete-crack-detection-dataset/audio/negative/neg_audio_2262.wav,dataset/multimodal-concrete-crack-detection-dataset/image/negative/neg_img_2262.jpg,0,normal,multimodal_concrete_crack_audio,test
dataset/multimodal-concrete-crack-detection-dataset/audio/positive/pos_audio_720.wav,dataset/multimodal-concrete-crack-detection-dataset/image/positive/pos_img_720.jpg,1,acoustic_abnormal,multimodal_concrete_crack_audio,train
dataset/multimodal-concrete-crack-detection-dataset/audio/negative/neg_audio_225.wav,dataset/multimodal-concrete-crack-detection-dataset/image/negative/neg_img_225.jpg,0,normal,multimodal_concrete_crack_audio,val
dataset/multimodal-concrete-crack-detection-dataset/audio/negative/neg_audio_455.wav,dataset/multimodal-concrete-crack-detection-dataset/image/negative/neg_img_455.jpg,0,normal,multimodal_concrete_crack_audio,train
dataset/multimodal-concrete-crack-detection-dataset/audio/negative/neg_audio_2593.wav,dataset/multimodal-concrete-crack-detection-dataset/image/negative/neg_img_2593.jpg,0,normal,multimodal_concrete_crack_audio,train
dataset/multimodal-concrete-crack-detection-dataset/audio/negative/neg_audio_1761.wav,dataset/multimodal-concrete-crack-detection-dataset/image/negative/neg_img_1761.jpg,0,normal,multimodal_concrete_crack_audio,train
dataset/multimodal-concrete-crack-detection-dataset/audio/negative/neg_audio_2687.wav,dataset/multimodal-concrete-crack-detection-dataset/image/negative/neg_img_2687.jpg,0,normal,multimodal_concrete_crack_audio,train
dataset/multimodal-concrete-crack-detection-dataset/audio/positive/pos_audio_115.wav,dataset/multimodal-concrete-crack-detection-dataset/image/positive/pos_img_115.jpg,1,acoustic_abnormal,multimodal_concrete_crack_audio,test
dataset/multimodal-concrete-crack-detection-dataset/audio/negative/neg_audio_1494.wav,dataset/multimodal-concrete-crack-detection-dataset/image/negative/neg_img_1494.jpg,0,normal,multimodal_concrete_crack_audio,train
dataset/multimodal-concrete-crack-detection-dataset/audio/positive/pos_audio_262.wav,dataset/multimodal-concrete-crack-detection-dataset/image/positive/pos_img_262.jpg,1,acoustic_abnormal,multimodal_concrete_crack_audio,test
dataset/multimodal-concrete-crack-detection-dataset/audio/negative/neg_audio_1438.wav,dataset/multimodal-concrete-crack-detection-dataset/image/negative/neg_img_1438.jpg,0,normal,multimodal_concrete_crack_audio,test
dataset/multimodal-concrete-crack-detection-dataset/audio/negative/neg_audio_140.wav,dataset/multimodal-concrete-crack-detection-dataset/image/negative/neg_img_140.jpg,0,normal,multimodal_concrete_crack_audio,train
dataset/multimodal-concrete-crack-detection-dataset/audio/negative/neg_audio_1644.wav,dataset/multimodal-concrete-crack-detection-dataset/image/negative/neg_img_1644.jpg,0,normal,multimodal_concrete_crack_audio,train
dataset/multimodal-concrete-crack-detection-dataset/audio/negative/neg_audio_79.wav,dataset/multimodal-concrete-crack-detection-dataset/image/negative/neg_img_79.jpg,0,normal,multimodal_concrete_crack_audio,train
dataset/multimodal-concrete-crack-detection-dataset/audio/negative/neg_audio_280.wav,dataset/multimodal-concrete-crack-detection-dataset/image/negative/neg_img_280.jpg,0,normal,multimodal_concrete_crack_audio,test
dataset/multimodal-concrete-crack-detection-dataset/audio/negative/neg_audio_125.wav,dataset/multimodal-concrete-crack-detection-dataset/image/negative/neg_img_125.jpg,0,normal,multimodal_concrete_crack_audio,val
dataset/multimodal-concrete-crack-detection-dataset/audio/negative/neg_audio_2053.wav,dataset/multimodal-concrete-crack-detection-dataset/image/negative/neg_img_2053.jpg,0,normal,multimodal_concrete_crack_audio,train
dataset/multimodal-concrete-crack-detection-dataset/audio/negative/neg_audio_1443.wav,dataset/multimodal-concrete-crack-detection-dataset/image/negative/neg_img_1443.jpg,0,normal,multimodal_concrete_crack_audio,train
dataset/multimodal-concrete-crack-detection-dataset/audio/negative/neg_audio_3019.wav,dataset/multimodal-concrete-crack-detection-dataset/image/negative/neg_img_3019.jpg,0,normal,multimodal_concrete_crack_audio,test
dataset/multimodal-concrete-crack-detection-dataset/audio/negative/neg_audio_1985.wav,dataset/multimodal-concrete-crack-detection-dataset/image/negative/neg_img_1985.jpg,0,normal,multimodal_concrete_crack_audio,val
dataset/multimodal-concrete-crack-detection-dataset/audio/negative/neg_audio_1604.wav,dataset/multimodal-concrete-crack-detection-dataset/image/negative/neg_img_1604.jpg,0,normal,multimodal_concrete_crack_audio,train
dataset/multimodal-concrete-crack-detection-dataset/audio/negative/neg_audio_2186.wav,dataset/multimodal-concrete-crack-detection-dataset/image/negative/neg_img_2186.jpg,0,normal,multimodal_concrete_crack_audio,test
dataset/multimodal-concrete-crack-detection-dataset/audio/negative/neg_audio_291.wav,dataset/multimodal-concrete-crack-detection-dataset/image/negative/neg_img_291.jpg,0,normal,multimodal_concrete_crack_audio,test
dataset/multimodal-concrete-crack-detection-dataset/audio/negative/neg_audio_1845.wav,dataset/multimodal-concrete-crack-detection-dataset/image/negative/neg_img_1845.jpg,0,normal,multimodal_concrete_crack_audio,train
dataset/multimodal-concrete-crack-detection-dataset/audio/negative/neg_audio_2796.wav,dataset/multimodal-concrete-crack-detection-dataset/image/negative/neg_img_2796.jpg,0,normal,multimodal_concrete_crack_audio,train
dataset/multimodal-concrete-crack-detection-dataset/audio/positive/pos_audio_725.wav,dataset/multimodal-concrete-crack-detection-dataset/image/positive/pos_img_725.jpg,1,acoustic_abnormal,multimodal_concrete_crack_audio,val
dataset/multimodal-concrete-crack-detection-dataset/audio/positive/pos_audio_811.wav,dataset/multimodal-concrete-crack-detection-dataset/image/positive/pos_img_811.jpg,1,acoustic_abnormal,multimodal_concrete_crack_audio,test
dataset/multimodal-concrete-crack-detection-dataset/audio/negative/neg_audio_855.wav,dataset/multimodal-concrete-crack-detection-dataset/image/negative/neg_img_855.jpg,0,normal,multimodal_concrete_crack_audio,train
dataset/multimodal-concrete-crack-detection-dataset/audio/negative/neg_audio_2702.wav,dataset/multimodal-concrete-crack-detection-dataset/image/negative/neg_img_2702.jpg,0,normal,multimodal_concrete_crack_audio,train
dataset/multimodal-concrete-crack-detection-dataset/audio/negative/neg_audio_2424.wav,dataset/multimodal-concrete-crack-detection-dataset/image/negative/neg_img_2424.jpg,0,normal,multimodal_concrete_crack_audio,train
dataset/multimodal-concrete-crack-detection-dataset/audio/negative/neg_audio_804.wav,dataset/multimodal-concrete-crack-detection-dataset/image/negative/neg_img_804.jpg,0,normal,multimodal_concrete_crack_audio,train
dataset/multimodal-concrete-crack-detection-dataset/audio/negative/neg_audio_1091.wav,dataset/multimodal-concrete-crack-detection-dataset/image/negative/neg_img_1091.jpg,0,normal,multimodal_concrete_crack_audio,test
dataset/multimodal-concrete-crack-detection-dataset/audio/negative/neg_audio_2799.wav,dataset/multimodal-concrete-crack-detection-dataset/image/negative/neg_img_2799.jpg,0,normal,multimodal_concrete_crack_audio,test
dataset/multimodal-concrete-crack-detection-dataset/audio/negative/neg_audio_2162.wav,dataset/multimodal-concrete-crack-detection-dataset/image/negative/neg_img_2162.jpg,0,normal,multimodal_concrete_crack_audio,train
dataset/multimodal-concrete-crack-detection-dataset/audio/positive/pos_audio_420.wav,dataset/multimodal-concrete-crack-detection-dataset/image/positive/pos_img_420.jpg,1,acoustic_abnormal,multimodal_concrete_crack_audio,train
dataset/multimodal-concrete-crack-detection-dataset/audio/negative/neg_audio_2837.wav,dataset/multimodal-concrete-crack-detection-dataset/image/negative/neg_img_2837.jpg,0,normal,multimodal_concrete_crack_audio,train
dataset/multimodal-concrete-crack-detection-dataset/audio/negative/neg_audio_1774.wav,dataset/multimodal-concrete-crack-detection-dataset/image/negative/neg_img_1774.jpg,0,normal,multimodal_concrete_crack_audio,train
dataset/multimodal-concrete-crack-detection-dataset/audio/positive/pos_audio_356.wav,dataset/multimodal-concrete-crack-detection-dataset/image/positive/pos_img_356.jpg,1,acoustic_abnormal,multimodal_concrete_crack_audio,train
dataset/multimodal-concrete-crack-detection-dataset/audio/negative/neg_audio_1996.wav,dataset/multimodal-concrete-crack-detection-dataset/image/negative/neg_img_1996.jpg,0,normal,multimodal_concrete_crack_audio,train
dataset/multimodal-concrete-crack-detection-dataset/audio/negative/neg_audio_1843.wav,dataset/multimodal-concrete-crack-detection-dataset/image/negative/neg_img_1843.jpg,0,normal,multimodal_concrete_crack_audio,train
dataset/multimodal-concrete-crack-detection-dataset/audio/negative/neg_audio_2016.wav,dataset/multimodal-concrete-crack-detection-dataset/image/negative/neg_img_2016.jpg,0,normal,multimodal_concrete_crack_audio,train
dataset/multimodal-concrete-crack-detection-dataset/audio/negative/neg_audio_3031.wav,dataset/multimodal-concrete-crack-detection-dataset/image/negative/neg_img_3031.jpg,0,normal,multimodal_concrete_crack_audio,train
dataset/multimodal-concrete-crack-detection-dataset/audio/negative/neg_audio_2859.wav,dataset/multimodal-concrete-crack-detection-dataset/image/negative/neg_img_2859.jpg,0,normal,multimodal_concrete_crack_audio,train
dataset/multimodal-concrete-crack-detection-dataset/audio/negative/neg_audio_1980.wav,dataset/multimodal-concrete-crack-detection-dataset/image/negative/neg_img_1980.jpg,0,normal,multimodal_concrete_crack_audio,train
dataset/multimodal-concrete-crack-detection-dataset/audio/positive/pos_audio_63.wav,dataset/multimodal-concrete-crack-detection-dataset/image/positive/pos_img_63.jpg,1,acoustic_abnormal,multimodal_concrete_crack_audio,train
dataset/multimodal-concrete-crack-detection-dataset/audio/negative/neg_audio_879.wav,dataset/multimodal-concrete-crack-detection-dataset/image/negative/neg_img_879.jpg,0,normal,multimodal_concrete_crack_audio,train
dataset/multimodal-concrete-crack-detection-dataset/audio/positive/pos_audio_153.wav,dataset/multimodal-concrete-crack-detection-dataset/image/positive/pos_img_153.jpg,1,acoustic_abnormal,multimodal_concrete_crack_audio,val
dataset/multimodal-concrete-crack-detection-dataset/audio/negative/neg_audio_2984.wav,dataset/multimodal-concrete-crack-detection-dataset/image/negative/neg_img_2984.jpg,0,normal,multimodal_concrete_crack_audio,train
dataset/multimodal-concrete-crack-detection-dataset/audio/negative/neg_audio_2763.wav,dataset/multimodal-concrete-crack-detection-dataset/image/negative/neg_img_2763.jpg,0,normal,multimodal_concrete_crack_audio,test
dataset/multimodal-concrete-crack-detection-dataset/audio/positive/pos_audio_647.wav,dataset/multimodal-concrete-crack-detection-dataset/image/positive/pos_img_647.jpg,1,acoustic_abnormal,multimodal_concrete_crack_audio,train
dataset/multimodal-concrete-crack-detection-dataset/audio/negative/neg_audio_692.wav,dataset/multimodal-concrete-crack-detection-dataset/image/negative/neg_img_692.jpg,0,normal,multimodal_concrete_crack_audio,test
dataset/multimodal-concrete-crack-detection-dataset/audio/negative/neg_audio_2174.wav,dataset/multimodal-concrete-crack-detection-dataset/image/negative/neg_img_2174.jpg,0,normal,multimodal_concrete_crack_audio,train
dataset/multimodal-concrete-crack-detection-dataset/audio/negative/neg_audio_1971.wav,dataset/multimodal-concrete-crack-detection-dataset/image/negative/neg_img_1971.jpg,0,normal,multimodal_concrete_crack_audio,test
dataset/multimodal-concrete-crack-detection-dataset/audio/negative/neg_audio_2094.wav,dataset/multimodal-concrete-crack-detection-dataset/image/negative/neg_img_2094.jpg,0,normal,multimodal_concrete_crack_audio,train
dataset/multimodal-concrete-crack-detection-dataset/audio/negative/neg_audio_717.wav,dataset/multimodal-concrete-crack-detection-dataset/image/negative/neg_img_717.jpg,0,normal,multimodal_concrete_crack_audio,train
dataset/multimodal-concrete-crack-detection-dataset/audio/positive/pos_audio_763.wav,dataset/multimodal-concrete-crack-detection-dataset/image/positive/pos_img_763.jpg,1,acoustic_abnormal,multimodal_concrete_crack_audio,test
dataset/multimodal-concrete-crack-detection-dataset/audio/negative/neg_audio_1150.wav,dataset/multimodal-concrete-crack-detection-dataset/image/negative/neg_img_1150.jpg,0,normal,multimodal_concrete_crack_audio,train
dataset/multimodal-concrete-crack-detection-dataset/audio/negative/neg_audio_2933.wav,dataset/multimodal-concrete-crack-detection-dataset/image/negative/neg_img_2933.jpg,0,normal,multimodal_concrete_crack_audio,train
dataset/multimodal-concrete-crack-detection-dataset/audio/negative/neg_audio_2371.wav,dataset/multimodal-concrete-crack-detection-dataset/image/negative/neg_img_2371.jpg,0,normal,multimodal_concrete_crack_audio,train
dataset/multimodal-concrete-crack-detection-dataset/audio/negative/neg_audio_1265.wav,dataset/multimodal-concrete-crack-detection-dataset/image/negative/neg_img_1265.jpg,0,normal,multimodal_concrete_crack_audio,train
dataset/multimodal-concrete-crack-detection-dataset/audio/positive/pos_audio_456.wav,dataset/multimodal-concrete-crack-detection-dataset/image/positive/pos_img_456.jpg,1,acoustic_abnormal,multimodal_concrete_crack_audio,train
dataset/multimodal-concrete-crack-detection-dataset/audio/negative/neg_audio_2710.wav,dataset/multimodal-concrete-crack-detection-dataset/image/negative/neg_img_2710.jpg,0,normal,multimodal_concrete_crack_audio,val
dataset/multimodal-concrete-crack-detection-dataset/audio/negative/neg_audio_3067.wav,dataset/multimodal-concrete-crack-detection-dataset/image/negative/neg_img_3067.jpg,0,normal,multimodal_concrete_crack_audio,train
dataset/multimodal-concrete-crack-detection-dataset/audio/negative/neg_audio_548.wav,dataset/multimodal-concrete-crack-detection-dataset/image/negative/neg_img_548.jpg,0,normal,multimodal_concrete_crack_audio,test
dataset/multimodal-concrete-crack-detection-dataset/audio/negative/neg_audio_2404.wav,dataset/multimodal-concrete-crack-detection-dataset/image/negative/neg_img_2404.jpg,0,normal,multimodal_concrete_crack_audio,val
dataset/multimodal-concrete-crack-detection-dataset/audio/negative/neg_audio_1989.wav,dataset/multimodal-concrete-crack-detection-dataset/image/negative/neg_img_1989.jpg,0,normal,multimodal_concrete_crack_audio,train
dataset/multimodal-concrete-crack-detection-dataset/audio/negative/neg_audio_297.wav,dataset/multimodal-concrete-crack-detection-dataset/image/negative/neg_img_297.jpg,0,normal,multimodal_concrete_crack_audio,train
dataset/multimodal-concrete-crack-detection-dataset/audio/negative/neg_audio_2128.wav,dataset/multimodal-concrete-crack-detection-dataset/image/negative/neg_img_2128.jpg,0,normal,multimodal_concrete_crack_audio,val
dataset/multimodal-concrete-crack-detection-dataset/audio/negative/neg_audio_1413.wav,dataset/multimodal-concrete-crack-detection-dataset/image/negative/neg_img_1413.jpg,0,normal,multimodal_concrete_crack_audio,train
dataset/multimodal-concrete-crack-detection-dataset/audio/negative/neg_audio_8.wav,dataset/multimodal-concrete-crack-detection-dataset/image/negative/neg_img_8.jpg,0,normal,multimodal_concrete_crack_audio,train
dataset/multimodal-concrete-crack-detection-dataset/audio/negative/neg_audio_2073.wav,dataset/multimodal-concrete-crack-detection-dataset/image/negative/neg_img_2073.jpg,0,normal,multimodal_concrete_crack_audio,train
dataset/multimodal-concrete-crack-detection-dataset/audio/negative/neg_audio_2626.wav,dataset/multimodal-concrete-crack-detection-dataset/image/negative/neg_img_2626.jpg,0,normal,multimodal_concrete_crack_audio,train
dataset/multimodal-concrete-crack-detection-dataset/audio/positive/pos_audio_554.wav,dataset/multimodal-concrete-crack-detection-dataset/image/positive/pos_img_554.jpg,1,acoustic_abnormal,multimodal_concrete_crack_audio,train
dataset/multimodal-concrete-crack-detection-dataset/audio/negative/neg_audio_2601.wav,dataset/multimodal-concrete-crack-detection-dataset/image/negative/neg_img_2601.jpg,0,normal,multimodal_concrete_crack_audio,train
dataset/multimodal-concrete-crack-detection-dataset/audio/negative/neg_audio_1530.wav,dataset/multimodal-concrete-crack-detection-dataset/image/negative/neg_img_1530.jpg,0,normal,multimodal_concrete_crack_audio,val
dataset/multimodal-concrete-crack-detection-dataset/audio/negative/neg_audio_2091.wav,dataset/multimodal-concrete-crack-detection-dataset/image/negative/neg_img_2091.jpg,0,normal,multimodal_concrete_crack_audio,train
dataset/multimodal-concrete-crack-detection-dataset/audio/positive/pos_audio_544.wav,dataset/multimodal-concrete-crack-detection-dataset/image/positive/pos_img_544.jpg,1,acoustic_abnormal,multimodal_concrete_crack_audio,train
dataset/multimodal-concrete-crack-detection-dataset/audio/negative/neg_audio_2515.wav,dataset/multimodal-concrete-crack-detection-dataset/image/negative/neg_img_2515.jpg,0,normal,multimodal_concrete_crack_audio,train
dataset/multimodal-concrete-crack-detection-dataset/audio/positive/pos_audio_133.wav,dataset/multimodal-concrete-crack-detection-dataset/image/positive/pos_img_133.jpg,1,acoustic_abnormal,multimodal_concrete_crack_audio,test
dataset/multimodal-concrete-crack-detection-dataset/audio/negative/neg_audio_2530.wav,dataset/multimodal-concrete-crack-detection-dataset/image/negative/neg_img_2530.jpg,0,normal,multimodal_concrete_crack_audio,train
dataset/multimodal-concrete-crack-detection-dataset/audio/positive/pos_audio_5.wav,dataset/multimodal-concrete-crack-detection-dataset/image/positive/pos_img_5.jpg,1,acoustic_abnormal,multimodal_concrete_crack_audio,train
dataset/multimodal-concrete-crack-detection-dataset/audio/negative/neg_audio_689.wav,dataset/multimodal-concrete-crack-detection-dataset/image/negative/neg_img_689.jpg,0,normal,multimodal_concrete_crack_audio,train
dataset/multimodal-concrete-crack-detection-dataset/audio/positive/pos_audio_248.wav,dataset/multimodal-concrete-crack-detection-dataset/image/positive/pos_img_248.jpg,1,acoustic_abnormal,multimodal_concrete_crack_audio,train
dataset/multimodal-concrete-crack-detection-dataset/audio/negative/neg_audio_3103.wav,dataset/multimodal-concrete-crack-detection-dataset/image/negative/neg_img_3103.jpg,0,normal,multimodal_concrete_crack_audio,train
dataset/multimodal-concrete-crack-detection-dataset/audio/negative/neg_audio_904.wav,dataset/multimodal-concrete-crack-detection-dataset/image/negative/neg_img_904.jpg,0,normal,multimodal_concrete_crack_audio,val
dataset/multimodal-concrete-crack-detection-dataset/audio/positive/pos_audio_414.wav,dataset/multimodal-concrete-crack-detection-dataset/image/positive/pos_img_414.jpg,1,acoustic_abnormal,multimodal_concrete_crack_audio,train
dataset/multimodal-concrete-crack-detection-dataset/audio/negative/neg_audio_1648.wav,dataset/multimodal-concrete-crack-detection-dataset/image/negative/neg_img_1648.jpg,0,normal,multimodal_concrete_crack_audio,test
dataset/multimodal-concrete-crack-detection-dataset/audio/positive/pos_audio_519.wav,dataset/multimodal-concrete-crack-detection-dataset/image/positive/pos_img_519.jpg,1,acoustic_abnormal,multimodal_concrete_crack_audio,val
dataset/multimodal-concrete-crack-detection-dataset/audio/negative/neg_audio_1723.wav,dataset/multimodal-concrete-crack-detection-dataset/image/negative/neg_img_1723.jpg,0,normal,multimodal_concrete_crack_audio,train
dataset/multimodal-concrete-crack-detection-dataset/audio/positive/pos_audio_2.wav,dataset/multimodal-concrete-crack-detection-dataset/image/positive/pos_img_2.jpg,1,acoustic_abnormal,multimodal_concrete_crack_audio,train
dataset/multimodal-concrete-crack-detection-dataset/audio/negative/neg_audio_2317.wav,dataset/multimodal-concrete-crack-detection-dataset/image/negative/neg_img_2317.jpg,0,normal,multimodal_concrete_crack_audio,val
dataset/multimodal-concrete-crack-detection-dataset/audio/negative/neg_audio_3110.wav,dataset/multimodal-concrete-crack-detection-dataset/image/negative/neg_img_3110.jpg,0,normal,multimodal_concrete_crack_audio,train
dataset/multimodal-concrete-crack-detection-dataset/audio/negative/neg_audio_2205.wav,dataset/multimodal-concrete-crack-detection-dataset/image/negative/neg_img_2205.jpg,0,normal,multimodal_concrete_crack_audio,test
dataset/multimodal-concrete-crack-detection-dataset/audio/negative/neg_audio_2753.wav,dataset/multimodal-concrete-crack-detection-dataset/image/negative/neg_img_2753.jpg,0,normal,multimodal_concrete_crack_audio,train
dataset/multimodal-concrete-crack-detection-dataset/audio/negative/neg_audio_91.wav,dataset/multimodal-concrete-crack-detection-dataset/image/negative/neg_img_91.jpg,0,normal,multimodal_concrete_crack_audio,train
dataset/multimodal-concrete-crack-detection-dataset/audio/positive/pos_audio_469.wav,dataset/multimodal-concrete-crack-detection-dataset/image/positive/pos_img_469.jpg,1,acoustic_abnormal,multimodal_concrete_crack_audio,test
dataset/multimodal-concrete-crack-detection-dataset/audio/negative/neg_audio_2941.wav,dataset/multimodal-concrete-crack-detection-dataset/image/negative/neg_img_2941.jpg,0,normal,multimodal_concrete_crack_audio,train
dataset/multimodal-concrete-crack-detection-dataset/audio/negative/neg_audio_356.wav,dataset/multimodal-concrete-crack-detection-dataset/image/negative/neg_img_356.jpg,0,normal,multimodal_concrete_crack_audio,train
dataset/multimodal-concrete-crack-detection-dataset/audio/negative/neg_audio_2198.wav,dataset/multimodal-concrete-crack-detection-dataset/image/negative/neg_img_2198.jpg,0,normal,multimodal_concrete_crack_audio,train
dataset/multimodal-concrete-crack-detection-dataset/audio/negative/neg_audio_2749.wav,dataset/multimodal-concrete-crack-detection-dataset/image/negative/neg_img_2749.jpg,0,normal,multimodal_concrete_crack_audio,test
dataset/multimodal-concrete-crack-detection-dataset/audio/positive/pos_audio_683.wav,dataset/multimodal-concrete-crack-detection-dataset/image/positive/pos_img_683.jpg,1,acoustic_abnormal,multimodal_concrete_crack_audio,train
dataset/multimodal-concrete-crack-detection-dataset/audio/negative/neg_audio_1880.wav,dataset/multimodal-concrete-crack-detection-dataset/image/negative/neg_img_1880.jpg,0,normal,multimodal_concrete_crack_audio,test
dataset/multimodal-concrete-crack-detection-dataset/audio/negative/neg_audio_749.wav,dataset/multimodal-concrete-crack-detection-dataset/image/negative/neg_img_749.jpg,0,normal,multimodal_concrete_crack_audio,train
dataset/multimodal-concrete-crack-detection-dataset/audio/positive/pos_audio_446.wav,dataset/multimodal-concrete-crack-detection-dataset/image/positive/pos_img_446.jpg,1,acoustic_abnormal,multimodal_concrete_crack_audio,train
dataset/multimodal-concrete-crack-detection-dataset/audio/negative/neg_audio_2182.wav,dataset/multimodal-concrete-crack-detection-dataset/image/negative/neg_img_2182.jpg,0,normal,multimodal_concrete_crack_audio,train
dataset/multimodal-concrete-crack-detection-dataset/audio/positive/pos_audio_106.wav,dataset/multimodal-concrete-crack-detection-dataset/image/positive/pos_img_106.jpg,1,acoustic_abnormal,multimodal_concrete_crack_audio,train
dataset/multimodal-concrete-crack-detection-dataset/audio/negative/neg_audio_3036.wav,dataset/multimodal-concrete-crack-detection-dataset/image/negative/neg_img_3036.jpg,0,normal,multimodal_concrete_crack_audio,train
dataset/multimodal-concrete-crack-detection-dataset/audio/negative/neg_audio_1578.wav,dataset/multimodal-concrete-crack-detection-dataset/image/negative/neg_img_1578.jpg,0,normal,multimodal_concrete_crack_audio,train
dataset/multimodal-concrete-crack-detection-dataset/audio/negative/neg_audio_1624.wav,dataset/multimodal-concrete-crack-detection-dataset/image/negative/neg_img_1624.jpg,0,normal,multimodal_concrete_crack_audio,train
dataset/multimodal-concrete-crack-detection-dataset/audio/negative/neg_audio_360.wav,dataset/multimodal-concrete-crack-detection-dataset/image/negative/neg_img_360.jpg,0,normal,multimodal_concrete_crack_audio,train
dataset/multimodal-concrete-crack-detection-dataset/audio/negative/neg_audio_1394.wav,dataset/multimodal-concrete-crack-detection-dataset/image/negative/neg_img_1394.jpg,0,normal,multimodal_concrete_crack_audio,test
dataset/multimodal-concrete-crack-detection-dataset/audio/positive/pos_audio_100.wav,dataset/multimodal-concrete-crack-detection-dataset/image/positive/pos_img_100.jpg,1,acoustic_abnormal,multimodal_concrete_crack_audio,train
dataset/multimodal-concrete-crack-detection-dataset/audio/negative/neg_audio_2579.wav,dataset/multimodal-concrete-crack-detection-dataset/image/negative/neg_img_2579.jpg,0,normal,multimodal_concrete_crack_audio,train
dataset/multimodal-concrete-crack-detection-dataset/audio/negative/neg_audio_1548.wav,dataset/multimodal-concrete-crack-detection-dataset/image/negative/neg_img_1548.jpg,0,normal,multimodal_concrete_crack_audio,val
dataset/multimodal-concrete-crack-detection-dataset/audio/positive/pos_audio_327.wav,dataset/multimodal-concrete-crack-detection-dataset/image/positive/pos_img_327.jpg,1,acoustic_abnormal,multimodal_concrete_crack_audio,test
dataset/multimodal-concrete-crack-detection-dataset/audio/negative/neg_audio_1055.wav,dataset/multimodal-concrete-crack-detection-dataset/image/negative/neg_img_1055.jpg,0,normal,multimodal_concrete_crack_audio,val
dataset/multimodal-concrete-crack-detection-dataset/audio/negative/neg_audio_2853.wav,dataset/multimodal-concrete-crack-detection-dataset/image/negative/neg_img_2853.jpg,0,normal,multimodal_concrete_crack_audio,val
dataset/multimodal-concrete-crack-detection-dataset/audio/negative/neg_audio_2487.wav,dataset/multimodal-concrete-crack-detection-dataset/image/negative/neg_img_2487.jpg,0,normal,multimodal_concrete_crack_audio,train
dataset/multimodal-concrete-crack-detection-dataset/audio/negative/neg_audio_595.wav,dataset/multimodal-concrete-crack-detection-dataset/image/negative/neg_img_595.jpg,0,normal,multimodal_concrete_crack_audio,train
dataset/multimodal-concrete-crack-detection-dataset/audio/negative/neg_audio_2227.wav,dataset/multimodal-concrete-crack-detection-dataset/image/negative/neg_img_2227.jpg,0,normal,multimodal_concrete_crack_audio,train
dataset/multimodal-concrete-crack-detection-dataset/audio/negative/neg_audio_2723.wav,dataset/multimodal-concrete-crack-detection-dataset/image/negative/neg_img_2723.jpg,0,normal,multimodal_concrete_crack_audio,test
dataset/multimodal-concrete-crack-detection-dataset/audio/negative/neg_audio_3189.wav,dataset/multimodal-concrete-crack-detection-dataset/image/negative/neg_img_3189.jpg,0,normal,multimodal_concrete_crack_audio,test
dataset/multimodal-concrete-crack-detection-dataset/audio/negative/neg_audio_1358.wav,dataset/multimodal-concrete-crack-detection-dataset/image/negative/neg_img_1358.jpg,0,normal,multimodal_concrete_crack_audio,test
dataset/multimodal-concrete-crack-detection-dataset/audio/negative/neg_audio_1588.wav,dataset/multimodal-concrete-crack-detection-dataset/image/negative/neg_img_1588.jpg,0,normal,multimodal_concrete_crack_audio,train
dataset/multimodal-concrete-crack-detection-dataset/audio/negative/neg_audio_1022.wav,dataset/multimodal-concrete-crack-detection-dataset/image/negative/neg_img_1022.jpg,0,normal,multimodal_concrete_crack_audio,val
dataset/multimodal-concrete-crack-detection-dataset/audio/negative/neg_audio_2617.wav,dataset/multimodal-concrete-crack-detection-dataset/image/negative/neg_img_2617.jpg,0,normal,multimodal_concrete_crack_audio,train
dataset/multimodal-concrete-crack-detection-dataset/audio/negative/neg_audio_1850.wav,dataset/multimodal-concrete-crack-detection-dataset/image/negative/neg_img_1850.jpg,0,normal,multimodal_concrete_crack_audio,train
dataset/multimodal-concrete-crack-detection-dataset/audio/negative/neg_audio_1044.wav,dataset/multimodal-concrete-crack-detection-dataset/image/negative/neg_img_1044.jpg,0,normal,multimodal_concrete_crack_audio,test
dataset/multimodal-concrete-crack-detection-dataset/audio/negative/neg_audio_3104.wav,dataset/multimodal-concrete-crack-detection-dataset/image/negative/neg_img_3104.jpg,0,normal,multimodal_concrete_crack_audio,test
dataset/multimodal-concrete-crack-detection-dataset/audio/negative/neg_audio_3062.wav,dataset/multimodal-concrete-crack-detection-dataset/image/negative/neg_img_3062.jpg,0,normal,multimodal_concrete_crack_audio,train
dataset/multimodal-concrete-crack-detection-dataset/audio/negative/neg_audio_2949.wav,dataset/multimodal-concrete-crack-detection-dataset/image/negative/neg_img_2949.jpg,0,normal,multimodal_concrete_crack_audio,train
dataset/multimodal-concrete-crack-detection-dataset/audio/positive/pos_audio_170.wav,dataset/multimodal-concrete-crack-detection-dataset/image/positive/pos_img_170.jpg,1,acoustic_abnormal,multimodal_concrete_crack_audio,train
dataset/multimodal-concrete-crack-detection-dataset/audio/positive/pos_audio_658.wav,dataset/multimodal-concrete-crack-detection-dataset/image/positive/pos_img_658.jpg,1,acoustic_abnormal,multimodal_concrete_crack_audio,train
dataset/multimodal-concrete-crack-detection-dataset/audio/negative/neg_audio_972.wav,dataset/multimodal-concrete-crack-detection-dataset/image/negative/neg_img_972.jpg,0,normal,multimodal_concrete_crack_audio,test
dataset/multimodal-concrete-crack-detection-dataset/audio/negative/neg_audio_2544.wav,dataset/multimodal-concrete-crack-detection-dataset/image/negative/neg_img_2544.jpg,0,normal,multimodal_concrete_crack_audio,val
dataset/multimodal-concrete-crack-detection-dataset/audio/negative/neg_audio_638.wav,dataset/multimodal-concrete-crack-detection-dataset/image/negative/neg_img_638.jpg,0,normal,multimodal_concrete_crack_audio,train
dataset/multimodal-concrete-crack-detection-dataset/audio/negative/neg_audio_1129.wav,dataset/multimodal-concrete-crack-detection-dataset/image/negative/neg_img_1129.jpg,0,normal,multimodal_concrete_crack_audio,train
dataset/multimodal-concrete-crack-detection-dataset/audio/positive/pos_audio_260.wav,dataset/multimodal-concrete-crack-detection-dataset/image/positive/pos_img_260.jpg,1,acoustic_abnormal,multimodal_concrete_crack_audio,val
dataset/multimodal-concrete-crack-detection-dataset/audio/negative/neg_audio_110.wav,dataset/multimodal-concrete-crack-detection-dataset/image/negative/neg_img_110.jpg,0,normal,multimodal_concrete_crack_audio,train
dataset/multimodal-concrete-crack-detection-dataset/audio/negative/neg_audio_2153.wav,dataset/multimodal-concrete-crack-detection-dataset/image/negative/neg_img_2153.jpg,0,normal,multimodal_concrete_crack_audio,train
dataset/multimodal-concrete-crack-detection-dataset/audio/negative/neg_audio_2528.wav,dataset/multimodal-concrete-crack-detection-dataset/image/negative/neg_img_2528.jpg,0,normal,multimodal_concrete_crack_audio,train
dataset/multimodal-concrete-crack-detection-dataset/audio/positive/pos_audio_210.wav,dataset/multimodal-concrete-crack-detection-dataset/image/positive/pos_img_210.jpg,1,acoustic_abnormal,multimodal_concrete_crack_audio,train
dataset/multimodal-concrete-crack-detection-dataset/audio/negative/neg_audio_2690.wav,dataset/multimodal-concrete-crack-detection-dataset/image/negative/neg_img_2690.jpg,0,normal,multimodal_concrete_crack_audio,train
dataset/multimodal-concrete-crack-detection-dataset/audio/negative/neg_audio_2023.wav,dataset/multimodal-concrete-crack-detection-dataset/image/negative/neg_img_2023.jpg,0,normal,multimodal_concrete_crack_audio,train
dataset/multimodal-concrete-crack-detection-dataset/audio/negative/neg_audio_574.wav,dataset/multimodal-concrete-crack-detection-dataset/image/negative/neg_img_574.jpg,0,normal,multimodal_concrete_crack_audio,test
dataset/multimodal-concrete-crack-detection-dataset/audio/negative/neg_audio_928.wav,dataset/multimodal-concrete-crack-detection-dataset/image/negative/neg_img_928.jpg,0,normal,multimodal_concrete_crack_audio,train
dataset/multimodal-concrete-crack-detection-dataset/audio/negative/neg_audio_3128.wav,dataset/multimodal-concrete-crack-detection-dataset/image/negative/neg_img_3128.jpg,0,normal,multimodal_concrete_crack_audio,train
dataset/multimodal-concrete-crack-detection-dataset/audio/negative/neg_audio_272.wav,dataset/multimodal-concrete-crack-detection-dataset/image/negative/neg_img_272.jpg,0,normal,multimodal_concrete_crack_audio,test
dataset/multimodal-concrete-crack-detection-dataset/audio/negative/neg_audio_983.wav,dataset/multimodal-concrete-crack-detection-dataset/image/negative/neg_img_983.jpg,0,normal,multimodal_concrete_crack_audio,train
dataset/multimodal-concrete-crack-detection-dataset/audio/negative/neg_audio_2821.wav,dataset/multimodal-concrete-crack-detection-dataset/image/negative/neg_img_2821.jpg,0,normal,multimodal_concrete_crack_audio,val
dataset/multimodal-concrete-crack-detection-dataset/audio/positive/pos_audio_202.wav,dataset/multimodal-concrete-crack-detection-dataset/image/positive/pos_img_202.jpg,1,acoustic_abnormal,multimodal_concrete_crack_audio,train
dataset/multimodal-concrete-crack-detection-dataset/audio/positive/pos_audio_701.wav,dataset/multimodal-concrete-crack-detection-dataset/image/positive/pos_img_701.jpg,1,acoustic_abnormal,multimodal_concrete_crack_audio,train
dataset/multimodal-concrete-crack-detection-dataset/audio/negative/neg_audio_1172.wav,dataset/multimodal-concrete-crack-detection-dataset/image/negative/neg_img_1172.jpg,0,normal,multimodal_concrete_crack_audio,train
dataset/multimodal-concrete-crack-detection-dataset/audio/negative/neg_audio_3134.wav,dataset/multimodal-concrete-crack-detection-dataset/image/negative/neg_img_3134.jpg,0,normal,multimodal_concrete_crack_audio,train
dataset/multimodal-concrete-crack-detection-dataset/audio/negative/neg_audio_2996.wav,dataset/multimodal-concrete-crack-detection-dataset/image/negative/neg_img_2996.jpg,0,normal,multimodal_concrete_crack_audio,train
dataset/multimodal-concrete-crack-detection-dataset/audio/positive/pos_audio_803.wav,dataset/multimodal-concrete-crack-detection-dataset/image/positive/pos_img_803.jpg,1,acoustic_abnormal,multimodal_concrete_crack_audio,train
dataset/multimodal-concrete-crack-detection-dataset/audio/negative/neg_audio_1638.wav,dataset/multimodal-concrete-crack-detection-dataset/image/negative/neg_img_1638.jpg,0,normal,multimodal_concrete_crack_audio,train
dataset/multimodal-concrete-crack-detection-dataset/audio/positive/pos_audio_459.wav,dataset/multimodal-concrete-crack-detection-dataset/image/positive/pos_img_459.jpg,1,acoustic_abnormal,multimodal_concrete_crack_audio,train
dataset/multimodal-concrete-crack-detection-dataset/audio/negative/neg_audio_658.wav,dataset/multimodal-concrete-crack-detection-dataset/image/negative/neg_img_658.jpg,0,normal,multimodal_concrete_crack_audio,test
dataset/multimodal-concrete-crack-detection-dataset/audio/positive/pos_audio_687.wav,dataset/multimodal-concrete-crack-detection-dataset/image/positive/pos_img_687.jpg,1,acoustic_abnormal,multimodal_concrete_crack_audio,test
dataset/multimodal-concrete-crack-detection-dataset/audio/positive/pos_audio_399.wav,dataset/multimodal-concrete-crack-detection-dataset/image/positive/pos_img_399.jpg,1,acoustic_abnormal,multimodal_concrete_crack_audio,val
dataset/multimodal-concrete-crack-detection-dataset/audio/negative/neg_audio_1688.wav,dataset/multimodal-concrete-crack-detection-dataset/image/negative/neg_img_1688.jpg,0,normal,multimodal_concrete_crack_audio,train
dataset/multimodal-concrete-crack-detection-dataset/audio/negative/neg_audio_2720.wav,dataset/multimodal-concrete-crack-detection-dataset/image/negative/neg_img_2720.jpg,0,normal,multimodal_concrete_crack_audio,val
dataset/multimodal-concrete-crack-detection-dataset/audio/negative/neg_audio_1554.wav,dataset/multimodal-concrete-crack-detection-dataset/image/negative/neg_img_1554.jpg,0,normal,multimodal_concrete_crack_audio,val
dataset/multimodal-concrete-crack-detection-dataset/audio/negative/neg_audio_2991.wav,dataset/multimodal-concrete-crack-detection-dataset/image/negative/neg_img_2991.jpg,0,normal,multimodal_concrete_crack_audio,val
dataset/multimodal-concrete-crack-detection-dataset/audio/negative/neg_audio_2222.wav,dataset/multimodal-concrete-crack-detection-dataset/image/negative/neg_img_2222.jpg,0,normal,multimodal_concrete_crack_audio,train
dataset/multimodal-concrete-crack-detection-dataset/audio/negative/neg_audio_3087.wav,dataset/multimodal-concrete-crack-detection-dataset/image/negative/neg_img_3087.jpg,0,normal,multimodal_concrete_crack_audio,train
dataset/multimodal-concrete-crack-detection-dataset/audio/positive/pos_audio_704.wav,dataset/multimodal-concrete-crack-detection-dataset/image/positive/pos_img_704.jpg,1,acoustic_abnormal,multimodal_concrete_crack_audio,val
dataset/multimodal-concrete-crack-detection-dataset/audio/positive/pos_audio_516.wav,dataset/multimodal-concrete-crack-detection-dataset/image/positive/pos_img_516.jpg,1,acoustic_abnormal,multimodal_concrete_crack_audio,train
dataset/multimodal-concrete-crack-detection-dataset/audio/positive/pos_audio_193.wav,dataset/multimodal-concrete-crack-detection-dataset/image/positive/pos_img_193.jpg,1,acoustic_abnormal,multimodal_concrete_crack_audio,train
dataset/multimodal-concrete-crack-detection-dataset/audio/negative/neg_audio_3187.wav,dataset/multimodal-concrete-crack-detection-dataset/image/negative/neg_img_3187.jpg,0,normal,multimodal_concrete_crack_audio,train
dataset/multimodal-concrete-crack-detection-dataset/audio/negative/neg_audio_3165.wav,dataset/multimodal-concrete-crack-detection-dataset/image/negative/neg_img_3165.jpg,0,normal,multimodal_concrete_crack_audio,train
dataset/multimodal-concrete-crack-detection-dataset/audio/negative/neg_audio_634.wav,dataset/multimodal-concrete-crack-detection-dataset/image/negative/neg_img_634.jpg,0,normal,multimodal_concrete_crack_audio,train
dataset/multimodal-concrete-crack-detection-dataset/audio/negative/neg_audio_535.wav,dataset/multimodal-concrete-crack-detection-dataset/image/negative/neg_img_535.jpg,0,normal,multimodal_concrete_crack_audio,val
dataset/multimodal-concrete-crack-detection-dataset/audio/negative/neg_audio_1563.wav,dataset/multimodal-concrete-crack-detection-dataset/image/negative/neg_img_1563.jpg,0,normal,multimodal_concrete_crack_audio,train
dataset/multimodal-concrete-crack-detection-dataset/audio/positive/pos_audio_552.wav,dataset/multimodal-concrete-crack-detection-dataset/image/positive/pos_img_552.jpg,1,acoustic_abnormal,multimodal_concrete_crack_audio,train
dataset/multimodal-concrete-crack-detection-dataset/audio/positive/pos_audio_427.wav,dataset/multimodal-concrete-crack-detection-dataset/image/positive/pos_img_427.jpg,1,acoustic_abnormal,multimodal_concrete_crack_audio,train
dataset/multimodal-concrete-crack-detection-dataset/audio/negative/neg_audio_1837.wav,dataset/multimodal-concrete-crack-detection-dataset/image/negative/neg_img_1837.jpg,0,normal,multimodal_concrete_crack_audio,val
dataset/multimodal-concrete-crack-detection-dataset/audio/positive/pos_audio_422.wav,dataset/multimodal-concrete-crack-detection-dataset/image/positive/pos_img_422.jpg,1,acoustic_abnormal,multimodal_concrete_crack_audio,train
dataset/multimodal-concrete-crack-detection-dataset/audio/negative/neg_audio_746.wav,dataset/multimodal-concrete-crack-detection-dataset/image/negative/neg_img_746.jpg,0,normal,multimodal_concrete_crack_audio,train
dataset/multimodal-concrete-crack-detection-dataset/audio/negative/neg_audio_1037.wav,dataset/multimodal-concrete-crack-detection-dataset/image/negative/neg_img_1037.jpg,0,normal,multimodal_concrete_crack_audio,train
dataset/multimodal-concrete-crack-detection-dataset/audio/negative/neg_audio_1151.wav,dataset/multimodal-concrete-crack-detection-dataset/image/negative/neg_img_1151.jpg,0,normal,multimodal_concrete_crack_audio,train
dataset/multimodal-concrete-crack-detection-dataset/audio/positive/pos_audio_742.wav,dataset/multimodal-concrete-crack-detection-dataset/image/positive/pos_img_742.jpg,1,acoustic_abnormal,multimodal_concrete_crack_audio,train
dataset/multimodal-concrete-crack-detection-dataset/audio/positive/pos_audio_812.wav,dataset/multimodal-concrete-crack-detection-dataset/image/positive/pos_img_812.jpg,1,acoustic_abnormal,multimodal_concrete_crack_audio,train
dataset/multimodal-concrete-crack-detection-dataset/audio/positive/pos_audio_43.wav,dataset/multimodal-concrete-crack-detection-dataset/image/positive/pos_img_43.jpg,1,acoustic_abnormal,multimodal_concrete_crack_audio,train
dataset/multimodal-concrete-crack-detection-dataset/audio/positive/pos_audio_156.wav,dataset/multimodal-concrete-crack-detection-dataset/image/positive/pos_img_156.jpg,1,acoustic_abnormal,multimodal_concrete_crack_audio,train
dataset/multimodal-concrete-crack-detection-dataset/audio/negative/neg_audio_2953.wav,dataset/multimodal-concrete-crack-detection-dataset/image/negative/neg_img_2953.jpg,0,normal,multimodal_concrete_crack_audio,train
dataset/multimodal-concrete-crack-detection-dataset/audio/negative/neg_audio_859.wav,dataset/multimodal-concrete-crack-detection-dataset/image/negative/neg_img_859.jpg,0,normal,multimodal_concrete_crack_audio,train
dataset/multimodal-concrete-crack-detection-dataset/audio/negative/neg_audio_2711.wav,dataset/multimodal-concrete-crack-detection-dataset/image/negative/neg_img_2711.jpg,0,normal,multimodal_concrete_crack_audio,train
dataset/multimodal-concrete-crack-detection-dataset/audio/negative/neg_audio_2423.wav,dataset/multimodal-concrete-crack-detection-dataset/image/negative/neg_img_2423.jpg,0,normal,multimodal_concrete_crack_audio,val
dataset/multimodal-concrete-crack-detection-dataset/audio/negative/neg_audio_1799.wav,dataset/multimodal-concrete-crack-detection-dataset/image/negative/neg_img_1799.jpg,0,normal,multimodal_concrete_crack_audio,test
dataset/multimodal-concrete-crack-detection-dataset/audio/negative/neg_audio_1667.wav,dataset/multimodal-concrete-crack-detection-dataset/image/negative/neg_img_1667.jpg,0,normal,multimodal_concrete_crack_audio,train
dataset/multimodal-concrete-crack-detection-dataset/audio/negative/neg_audio_2110.wav,dataset/multimodal-concrete-crack-detection-dataset/image/negative/neg_img_2110.jpg,0,normal,multimodal_concrete_crack_audio,train
dataset/multimodal-concrete-crack-detection-dataset/audio/negative/neg_audio_305.wav,dataset/multimodal-concrete-crack-detection-dataset/image/negative/neg_img_305.jpg,0,normal,multimodal_concrete_crack_audio,train
dataset/multimodal-concrete-crack-detection-dataset/audio/negative/neg_audio_2735.wav,dataset/multimodal-concrete-crack-detection-dataset/image/negative/neg_img_2735.jpg,0,normal,multimodal_concrete_crack_audio,train
dataset/multimodal-concrete-crack-detection-dataset/audio/negative/neg_audio_1920.wav,dataset/multimodal-concrete-crack-detection-dataset/image/negative/neg_img_1920.jpg,0,normal,multimodal_concrete_crack_audio,train
dataset/multimodal-concrete-crack-detection-dataset/audio/negative/neg_audio_955.wav,dataset/multimodal-concrete-crack-detection-dataset/image/negative/neg_img_955.jpg,0,normal,multimodal_concrete_crack_audio,test
dataset/multimodal-concrete-crack-detection-dataset/audio/negative/neg_audio_2903.wav,dataset/multimodal-concrete-crack-detection-dataset/image/negative/neg_img_2903.jpg,0,normal,multimodal_concrete_crack_audio,train
dataset/multimodal-concrete-crack-detection-dataset/audio/negative/neg_audio_2746.wav,dataset/multimodal-concrete-crack-detection-dataset/image/negative/neg_img_2746.jpg,0,normal,multimodal_concrete_crack_audio,train
dataset/multimodal-concrete-crack-detection-dataset/audio/negative/neg_audio_536.wav,dataset/multimodal-concrete-crack-detection-dataset/image/negative/neg_img_536.jpg,0,normal,multimodal_concrete_crack_audio,train
dataset/multimodal-concrete-crack-detection-dataset/audio/negative/neg_audio_2335.wav,dataset/multimodal-concrete-crack-detection-dataset/image/negative/neg_img_2335.jpg,0,normal,multimodal_concrete_crack_audio,train
dataset/multimodal-concrete-crack-detection-dataset/audio/negative/neg_audio_2353.wav,dataset/multimodal-concrete-crack-detection-dataset/image/negative/neg_img_2353.jpg,0,normal,multimodal_concrete_crack_audio,train
dataset/multimodal-concrete-crack-detection-dataset/audio/negative/neg_audio_2868.wav,dataset/multimodal-concrete-crack-detection-dataset/image/negative/neg_img_2868.jpg,0,normal,multimodal_concrete_crack_audio,train
dataset/multimodal-concrete-crack-detection-dataset/audio/negative/neg_audio_1183.wav,dataset/multimodal-concrete-crack-detection-dataset/image/negative/neg_img_1183.jpg,0,normal,multimodal_concrete_crack_audio,val
dataset/multimodal-concrete-crack-detection-dataset/audio/negative/neg_audio_1380.wav,dataset/multimodal-concrete-crack-detection-dataset/image/negative/neg_img_1380.jpg,0,normal,multimodal_concrete_crack_audio,val
dataset/multimodal-concrete-crack-detection-dataset/audio/negative/neg_audio_1706.wav,dataset/multimodal-concrete-crack-detection-dataset/image/negative/neg_img_1706.jpg,0,normal,multimodal_concrete_crack_audio,val
dataset/multimodal-concrete-crack-detection-dataset/audio/negative/neg_audio_2637.wav,dataset/multimodal-concrete-crack-detection-dataset/image/negative/neg_img_2637.jpg,0,normal,multimodal_concrete_crack_audio,val
dataset/multimodal-concrete-crack-detection-dataset/audio/positive/pos_audio_694.wav,dataset/multimodal-concrete-crack-detection-dataset/image/positive/pos_img_694.jpg,1,acoustic_abnormal,multimodal_concrete_crack_audio,test
dataset/multimodal-concrete-crack-detection-dataset/audio/negative/neg_audio_1020.wav,dataset/multimodal-concrete-crack-detection-dataset/image/negative/neg_img_1020.jpg,0,normal,multimodal_concrete_crack_audio,train
dataset/multimodal-concrete-crack-detection-dataset/audio/negative/neg_audio_2187.wav,dataset/multimodal-concrete-crack-detection-dataset/image/negative/neg_img_2187.jpg,0,normal,multimodal_concrete_crack_audio,train
dataset/multimodal-concrete-crack-detection-dataset/audio/positive/pos_audio_537.wav,dataset/multimodal-concrete-crack-detection-dataset/image/positive/pos_img_537.jpg,1,acoustic_abnormal,multimodal_concrete_crack_audio,val
dataset/multimodal-concrete-crack-detection-dataset/audio/positive/pos_audio_719.wav,dataset/multimodal-concrete-crack-detection-dataset/image/positive/pos_img_719.jpg,1,acoustic_abnormal,multimodal_concrete_crack_audio,train
dataset/multimodal-concrete-crack-detection-dataset/audio/negative/neg_audio_2709.wav,dataset/multimodal-concrete-crack-detection-dataset/image/negative/neg_img_2709.jpg,0,normal,multimodal_concrete_crack_audio,train
dataset/multimodal-concrete-crack-detection-dataset/audio/negative/neg_audio_2742.wav,dataset/multimodal-concrete-crack-detection-dataset/image/negative/neg_img_2742.jpg,0,normal,multimodal_concrete_crack_audio,val
dataset/multimodal-concrete-crack-detection-dataset/audio/negative/neg_audio_2553.wav,dataset/multimodal-concrete-crack-detection-dataset/image/negative/neg_img_2553.jpg,0,normal,multimodal_concrete_crack_audio,train
dataset/multimodal-concrete-crack-detection-dataset/audio/negative/neg_audio_694.wav,dataset/multimodal-concrete-crack-detection-dataset/image/negative/neg_img_694.jpg,0,normal,multimodal_concrete_crack_audio,train
dataset/multimodal-concrete-crack-detection-dataset/audio/negative/neg_audio_1848.wav,dataset/multimodal-concrete-crack-detection-dataset/image/negative/neg_img_1848.jpg,0,normal,multimodal_concrete_crack_audio,train
dataset/multimodal-concrete-crack-detection-dataset/audio/negative/neg_audio_2403.wav,dataset/multimodal-concrete-crack-detection-dataset/image/negative/neg_img_2403.jpg,0,normal,multimodal_concrete_crack_audio,test
dataset/multimodal-concrete-crack-detection-dataset/audio/negative/neg_audio_2915.wav,dataset/multimodal-concrete-crack-detection-dataset/image/negative/neg_img_2915.jpg,0,normal,multimodal_concrete_crack_audio,val
dataset/multimodal-concrete-crack-detection-dataset/audio/positive/pos_audio_717.wav,dataset/multimodal-concrete-crack-detection-dataset/image/positive/pos_img_717.jpg,1,acoustic_abnormal,multimodal_concrete_crack_audio,test
dataset/multimodal-concrete-crack-detection-dataset/audio/positive/pos_audio_727.wav,dataset/multimodal-concrete-crack-detection-dataset/image/positive/pos_img_727.jpg,1,acoustic_abnormal,multimodal_concrete_crack_audio,test
dataset/multimodal-concrete-crack-detection-dataset/audio/positive/pos_audio_594.wav,dataset/multimodal-concrete-crack-detection-dataset/image/positive/pos_img_594.jpg,1,acoustic_abnormal,multimodal_concrete_crack_audio,train
dataset/multimodal-concrete-crack-detection-dataset/audio/positive/pos_audio_245.wav,dataset/multimodal-concrete-crack-detection-dataset/image/positive/pos_img_245.jpg,1,acoustic_abnormal,multimodal_concrete_crack_audio,train
dataset/multimodal-concrete-crack-detection-dataset/audio/positive/pos_audio_38.wav,dataset/multimodal-concrete-crack-detection-dataset/image/positive/pos_img_38.jpg,1,acoustic_abnormal,multimodal_concrete_crack_audio,test
dataset/multimodal-concrete-crack-detection-dataset/audio/negative/neg_audio_400.wav,dataset/multimodal-concrete-crack-detection-dataset/image/negative/neg_img_400.jpg,0,normal,multimodal_concrete_crack_audio,val
dataset/multimodal-concrete-crack-detection-dataset/audio/negative/neg_audio_2495.wav,dataset/multimodal-concrete-crack-detection-dataset/image/negative/neg_img_2495.jpg,0,normal,multimodal_concrete_crack_audio,train
dataset/multimodal-concrete-crack-detection-dataset/audio/negative/neg_audio_1574.wav,dataset/multimodal-concrete-crack-detection-dataset/image/negative/neg_img_1574.jpg,0,normal,multimodal_concrete_crack_audio,train
dataset/multimodal-concrete-crack-detection-dataset/audio/negative/neg_audio_781.wav,dataset/multimodal-concrete-crack-detection-dataset/image/negative/neg_img_781.jpg,0,normal,multimodal_concrete_crack_audio,train
dataset/multimodal-concrete-crack-detection-dataset/audio/positive/pos_audio_178.wav,dataset/multimodal-concrete-crack-detection-dataset/image/positive/pos_img_178.jpg,1,acoustic_abnormal,multimodal_concrete_crack_audio,val
dataset/multimodal-concrete-crack-detection-dataset/audio/negative/neg_audio_1721.wav,dataset/multimodal-concrete-crack-detection-dataset/image/negative/neg_img_1721.jpg,0,normal,multimodal_concrete_crack_audio,train
dataset/multimodal-concrete-crack-detection-dataset/audio/negative/neg_audio_420.wav,dataset/multimodal-concrete-crack-detection-dataset/image/negative/neg_img_420.jpg,0,normal,multimodal_concrete_crack_audio,train
dataset/multimodal-concrete-crack-detection-dataset/audio/negative/neg_audio_3186.wav,dataset/multimodal-concrete-crack-detection-dataset/image/negative/neg_img_3186.jpg,0,normal,multimodal_concrete_crack_audio,test
dataset/multimodal-concrete-crack-detection-dataset/audio/positive/pos_audio_699.wav,dataset/multimodal-concrete-crack-detection-dataset/image/positive/pos_img_699.jpg,1,acoustic_abnormal,multimodal_concrete_crack_audio,train
dataset/multimodal-concrete-crack-detection-dataset/audio/negative/neg_audio_608.wav,dataset/multimodal-concrete-crack-detection-dataset/image/negative/neg_img_608.jpg,0,normal,multimodal_concrete_crack_audio,val
dataset/multimodal-concrete-crack-detection-dataset/audio/negative/neg_audio_2648.wav,dataset/multimodal-concrete-crack-detection-dataset/image/negative/neg_img_2648.jpg,0,normal,multimodal_concrete_crack_audio,test
dataset/multimodal-concrete-crack-detection-dataset/audio/negative/neg_audio_2322.wav,dataset/multimodal-concrete-crack-detection-dataset/image/negative/neg_img_2322.jpg,0,normal,multimodal_concrete_crack_audio,train
dataset/multimodal-concrete-crack-detection-dataset/audio/negative/neg_audio_2244.wav,dataset/multimodal-concrete-crack-detection-dataset/image/negative/neg_img_2244.jpg,0,normal,multimodal_concrete_crack_audio,val
dataset/multimodal-concrete-crack-detection-dataset/audio/negative/neg_audio_2511.wav,dataset/multimodal-concrete-crack-detection-dataset/image/negative/neg_img_2511.jpg,0,normal,multimodal_concrete_crack_audio,train
dataset/multimodal-concrete-crack-detection-dataset/audio/positive/pos_audio_698.wav,dataset/multimodal-concrete-crack-detection-dataset/image/positive/pos_img_698.jpg,1,acoustic_abnormal,multimodal_concrete_crack_audio,val
dataset/multimodal-concrete-crack-detection-dataset/audio/negative/neg_audio_76.wav,dataset/multimodal-concrete-crack-detection-dataset/image/negative/neg_img_76.jpg,0,normal,multimodal_concrete_crack_audio,val
dataset/multimodal-concrete-crack-detection-dataset/audio/negative/neg_audio_858.wav,dataset/multimodal-concrete-crack-detection-dataset/image/negative/neg_img_858.jpg,0,normal,multimodal_concrete_crack_audio,train
dataset/multimodal-concrete-crack-detection-dataset/audio/negative/neg_audio_964.wav,dataset/multimodal-concrete-crack-detection-dataset/image/negative/neg_img_964.jpg,0,normal,multimodal_concrete_crack_audio,train
dataset/multimodal-concrete-crack-detection-dataset/audio/negative/neg_audio_3045.wav,dataset/multimodal-concrete-crack-detection-dataset/image/negative/neg_img_3045.jpg,0,normal,multimodal_concrete_crack_audio,train
dataset/multimodal-concrete-crack-detection-dataset/audio/negative/neg_audio_1941.wav,dataset/multimodal-concrete-crack-detection-dataset/image/negative/neg_img_1941.jpg,0,normal,multimodal_concrete_crack_audio,train
dataset/multimodal-concrete-crack-detection-dataset/audio/negative/neg_audio_479.wav,dataset/multimodal-concrete-crack-detection-dataset/image/negative/neg_img_479.jpg,0,normal,multimodal_concrete_crack_audio,train
dataset/multimodal-concrete-crack-detection-dataset/audio/negative/neg_audio_1911.wav,dataset/multimodal-concrete-crack-detection-dataset/image/negative/neg_img_1911.jpg,0,normal,multimodal_concrete_crack_audio,train
dataset/multimodal-concrete-crack-detection-dataset/audio/negative/neg_audio_1697.wav,dataset/multimodal-concrete-crack-detection-dataset/image/negative/neg_img_1697.jpg,0,normal,multimodal_concrete_crack_audio,train
dataset/multimodal-concrete-crack-detection-dataset/audio/negative/neg_audio_1779.wav,dataset/multimodal-concrete-crack-detection-dataset/image/negative/neg_img_1779.jpg,0,normal,multimodal_concrete_crack_audio,val
dataset/multimodal-concrete-crack-detection-dataset/audio/negative/neg_audio_1670.wav,dataset/multimodal-concrete-crack-detection-dataset/image/negative/neg_img_1670.jpg,0,normal,multimodal_concrete_crack_audio,test
dataset/multimodal-concrete-crack-detection-dataset/audio/positive/pos_audio_304.wav,dataset/multimodal-concrete-crack-detection-dataset/image/positive/pos_img_304.jpg,1,acoustic_abnormal,multimodal_concrete_crack_audio,train
dataset/multimodal-concrete-crack-detection-dataset/audio/negative/neg_audio_1060.wav,dataset/multimodal-concrete-crack-detection-dataset/image/negative/neg_img_1060.jpg,0,normal,multimodal_concrete_crack_audio,train
dataset/multimodal-concrete-crack-detection-dataset/audio/negative/neg_audio_3069.wav,dataset/multimodal-concrete-crack-detection-dataset/image/negative/neg_img_3069.jpg,0,normal,multimodal_concrete_crack_audio,train
dataset/multimodal-concrete-crack-detection-dataset/audio/negative/neg_audio_285.wav,dataset/multimodal-concrete-crack-detection-dataset/image/negative/neg_img_285.jpg,0,normal,multimodal_concrete_crack_audio,train
dataset/multimodal-concrete-crack-detection-dataset/audio/positive/pos_audio_110.wav,dataset/multimodal-concrete-crack-detection-dataset/image/positive/pos_img_110.jpg,1,acoustic_abnormal,multimodal_concrete_crack_audio,train
dataset/multimodal-concrete-crack-detection-dataset/audio/negative/neg_audio_2764.wav,dataset/multimodal-concrete-crack-detection-dataset/image/negative/neg_img_2764.jpg,0,normal,multimodal_concrete_crack_audio,train
dataset/multimodal-concrete-crack-detection-dataset/audio/negative/neg_audio_1427.wav,dataset/multimodal-concrete-crack-detection-dataset/image/negative/neg_img_1427.jpg,0,normal,multimodal_concrete_crack_audio,train
dataset/multimodal-concrete-crack-detection-dataset/audio/negative/neg_audio_553.wav,dataset/multimodal-concrete-crack-detection-dataset/image/negative/neg_img_553.jpg,0,normal,multimodal_concrete_crack_audio,train
dataset/multimodal-concrete-crack-detection-dataset/audio/negative/neg_audio_1048.wav,dataset/multimodal-concrete-crack-detection-dataset/image/negative/neg_img_1048.jpg,0,normal,multimodal_concrete_crack_audio,train
dataset/multimodal-concrete-crack-detection-dataset/audio/negative/neg_audio_978.wav,dataset/multimodal-concrete-crack-detection-dataset/image/negative/neg_img_978.jpg,0,normal,multimodal_concrete_crack_audio,train
dataset/multimodal-concrete-crack-detection-dataset/audio/negative/neg_audio_1376.wav,dataset/multimodal-concrete-crack-detection-dataset/image/negative/neg_img_1376.jpg,0,normal,multimodal_concrete_crack_audio,train
dataset/multimodal-concrete-crack-detection-dataset/audio/positive/pos_audio_875.wav,dataset/multimodal-concrete-crack-detection-dataset/image/positive/pos_img_875.jpg,1,acoustic_abnormal,multimodal_concrete_crack_audio,train
dataset/multimodal-concrete-crack-detection-dataset/audio/negative/neg_audio_2444.wav,dataset/multimodal-concrete-crack-detection-dataset/image/negative/neg_img_2444.jpg,0,normal,multimodal_concrete_crack_audio,val
dataset/multimodal-concrete-crack-detection-dataset/audio/negative/neg_audio_2765.wav,dataset/multimodal-concrete-crack-detection-dataset/image/negative/neg_img_2765.jpg,0,normal,multimodal_concrete_crack_audio,train
dataset/multimodal-concrete-crack-detection-dataset/audio/negative/neg_audio_2632.wav,dataset/multimodal-concrete-crack-detection-dataset/image/negative/neg_img_2632.jpg,0,normal,multimodal_concrete_crack_audio,train
dataset/multimodal-concrete-crack-detection-dataset/audio/negative/neg_audio_1113.wav,dataset/multimodal-concrete-crack-detection-dataset/image/negative/neg_img_1113.jpg,0,normal,multimodal_concrete_crack_audio,train
dataset/multimodal-concrete-crack-detection-dataset/audio/positive/pos_audio_543.wav,dataset/multimodal-concrete-crack-detection-dataset/image/positive/pos_img_543.jpg,1,acoustic_abnormal,multimodal_concrete_crack_audio,train
dataset/multimodal-concrete-crack-detection-dataset/audio/positive/pos_audio_573.wav,dataset/multimodal-concrete-crack-detection-dataset/image/positive/pos_img_573.jpg,1,acoustic_abnormal,multimodal_concrete_crack_audio,test
dataset/multimodal-concrete-crack-detection-dataset/audio/positive/pos_audio_660.wav,dataset/multimodal-concrete-crack-detection-dataset/image/positive/pos_img_660.jpg,1,acoustic_abnormal,multimodal_concrete_crack_audio,test
dataset/multimodal-concrete-crack-detection-dataset/audio/negative/neg_audio_3010.wav,dataset/multimodal-concrete-crack-detection-dataset/image/negative/neg_img_3010.jpg,0,normal,multimodal_concrete_crack_audio,train
dataset/multimodal-concrete-crack-detection-dataset/audio/negative/neg_audio_235.wav,dataset/multimodal-concrete-crack-detection-dataset/image/negative/neg_img_235.jpg,0,normal,multimodal_concrete_crack_audio,test
dataset/multimodal-concrete-crack-detection-dataset/audio/negative/neg_audio_1660.wav,dataset/multimodal-concrete-crack-detection-dataset/image/negative/neg_img_1660.jpg,0,normal,multimodal_concrete_crack_audio,train
dataset/multimodal-concrete-crack-detection-dataset/audio/positive/pos_audio_454.wav,dataset/multimodal-concrete-crack-detection-dataset/image/positive/pos_img_454.jpg,1,acoustic_abnormal,multimodal_concrete_crack_audio,train
dataset/multimodal-concrete-crack-detection-dataset/audio/positive/pos_audio_242.wav,dataset/multimodal-concrete-crack-detection-dataset/image/positive/pos_img_242.jpg,1,acoustic_abnormal,multimodal_concrete_crack_audio,train
dataset/multimodal-concrete-crack-detection-dataset/audio/positive/pos_audio_653.wav,dataset/multimodal-concrete-crack-detection-dataset/image/positive/pos_img_653.jpg,1,acoustic_abnormal,multimodal_concrete_crack_audio,val
dataset/multimodal-concrete-crack-detection-dataset/audio/negative/neg_audio_3091.wav,dataset/multimodal-concrete-crack-detection-dataset/image/negative/neg_img_3091.jpg,0,normal,multimodal_concrete_crack_audio,train
dataset/multimodal-concrete-crack-detection-dataset/audio/negative/neg_audio_2178.wav,dataset/multimodal-concrete-crack-detection-dataset/image/negative/neg_img_2178.jpg,0,normal,multimodal_concrete_crack_audio,train
dataset/multimodal-concrete-crack-detection-dataset/audio/negative/neg_audio_2516.wav,dataset/multimodal-concrete-crack-detection-dataset/image/negative/neg_img_2516.jpg,0,normal,multimodal_concrete_crack_audio,test
dataset/multimodal-concrete-crack-detection-dataset/audio/negative/neg_audio_2769.wav,dataset/multimodal-concrete-crack-detection-dataset/image/negative/neg_img_2769.jpg,0,normal,multimodal_concrete_crack_audio,train
dataset/multimodal-concrete-crack-detection-dataset/audio/negative/neg_audio_2382.wav,dataset/multimodal-concrete-crack-detection-dataset/image/negative/neg_img_2382.jpg,0,normal,multimodal_concrete_crack_audio,train
dataset/multimodal-concrete-crack-detection-dataset/audio/positive/pos_audio_297.wav,dataset/multimodal-concrete-crack-detection-dataset/image/positive/pos_img_297.jpg,1,acoustic_abnormal,multimodal_concrete_crack_audio,train
dataset/multimodal-concrete-crack-detection-dataset/audio/negative/neg_audio_1527.wav,dataset/multimodal-concrete-crack-detection-dataset/image/negative/neg_img_1527.jpg,0,normal,multimodal_concrete_crack_audio,train
dataset/multimodal-concrete-crack-detection-dataset/audio/positive/pos_audio_745.wav,dataset/multimodal-concrete-crack-detection-dataset/image/positive/pos_img_745.jpg,1,acoustic_abnormal,multimodal_concrete_crack_audio,train
dataset/multimodal-concrete-crack-detection-dataset/audio/negative/neg_audio_1069.wav,dataset/multimodal-concrete-crack-detection-dataset/image/negative/neg_img_1069.jpg,0,normal,multimodal_concrete_crack_audio,train
dataset/multimodal-concrete-crack-detection-dataset/audio/negative/neg_audio_1152.wav,dataset/multimodal-concrete-crack-detection-dataset/image/negative/neg_img_1152.jpg,0,normal,multimodal_concrete_crack_audio,train
dataset/multimodal-concrete-crack-detection-dataset/audio/negative/neg_audio_1998.wav,dataset/multimodal-concrete-crack-detection-dataset/image/negative/neg_img_1998.jpg,0,normal,multimodal_concrete_crack_audio,train
dataset/multimodal-concrete-crack-detection-dataset/audio/negative/neg_audio_3138.wav,dataset/multimodal-concrete-crack-detection-dataset/image/negative/neg_img_3138.jpg,0,normal,multimodal_concrete_crack_audio,train
dataset/multimodal-concrete-crack-detection-dataset/audio/negative/neg_audio_199.wav,dataset/multimodal-concrete-crack-detection-dataset/image/negative/neg_img_199.jpg,0,normal,multimodal_concrete_crack_audio,train
dataset/multimodal-concrete-crack-detection-dataset/audio/positive/pos_audio_666.wav,dataset/multimodal-concrete-crack-detection-dataset/image/positive/pos_img_666.jpg,1,acoustic_abnormal,multimodal_concrete_crack_audio,val
dataset/multimodal-concrete-crack-detection-dataset/audio/negative/neg_audio_1120.wav,dataset/multimodal-concrete-crack-detection-dataset/image/negative/neg_img_1120.jpg,0,normal,multimodal_concrete_crack_audio,test
dataset/multimodal-concrete-crack-detection-dataset/audio/negative/neg_audio_2649.wav,dataset/multimodal-concrete-crack-detection-dataset/image/negative/neg_img_2649.jpg,0,normal,multimodal_concrete_crack_audio,test
dataset/multimodal-concrete-crack-detection-dataset/audio/negative/neg_audio_2914.wav,dataset/multimodal-concrete-crack-detection-dataset/image/negative/neg_img_2914.jpg,0,normal,multimodal_concrete_crack_audio,test
dataset/multimodal-concrete-crack-detection-dataset/audio/negative/neg_audio_1402.wav,dataset/multimodal-concrete-crack-detection-dataset/image/negative/neg_img_1402.jpg,0,normal,multimodal_concrete_crack_audio,val
dataset/multimodal-concrete-crack-detection-dataset/audio/negative/neg_audio_1757.wav,dataset/multimodal-concrete-crack-detection-dataset/image/negative/neg_img_1757.jpg,0,normal,multimodal_concrete_crack_audio,train
dataset/multimodal-concrete-crack-detection-dataset/audio/negative/neg_audio_2524.wav,dataset/multimodal-concrete-crack-detection-dataset/image/negative/neg_img_2524.jpg,0,normal,multimodal_concrete_crack_audio,train
dataset/multimodal-concrete-crack-detection-dataset/audio/negative/neg_audio_2995.wav,dataset/multimodal-concrete-crack-detection-dataset/image/negative/neg_img_2995.jpg,0,normal,multimodal_concrete_crack_audio,train
dataset/multimodal-concrete-crack-detection-dataset/audio/positive/pos_audio_321.wav,dataset/multimodal-concrete-crack-detection-dataset/image/positive/pos_img_321.jpg,1,acoustic_abnormal,multimodal_concrete_crack_audio,test
dataset/multimodal-concrete-crack-detection-dataset/audio/positive/pos_audio_474.wav,dataset/multimodal-concrete-crack-detection-dataset/image/positive/pos_img_474.jpg,1,acoustic_abnormal,multimodal_concrete_crack_audio,train
dataset/multimodal-concrete-crack-detection-dataset/audio/negative/neg_audio_1433.wav,dataset/multimodal-concrete-crack-detection-dataset/image/negative/neg_img_1433.jpg,0,normal,multimodal_concrete_crack_audio,train
dataset/multimodal-concrete-crack-detection-dataset/audio/negative/neg_audio_2536.wav,dataset/multimodal-concrete-crack-detection-dataset/image/negative/neg_img_2536.jpg,0,normal,multimodal_concrete_crack_audio,val
dataset/multimodal-concrete-crack-detection-dataset/audio/positive/pos_audio_465.wav,dataset/multimodal-concrete-crack-detection-dataset/image/positive/pos_img_465.jpg,1,acoustic_abnormal,multimodal_concrete_crack_audio,test
dataset/multimodal-concrete-crack-detection-dataset/audio/positive/pos_audio_746.wav,dataset/multimodal-concrete-crack-detection-dataset/image/positive/pos_img_746.jpg,1,acoustic_abnormal,multimodal_concrete_crack_audio,train
dataset/multimodal-concrete-crack-detection-dataset/audio/negative/neg_audio_1875.wav,dataset/multimodal-concrete-crack-detection-dataset/image/negative/neg_img_1875.jpg,0,normal,multimodal_concrete_crack_audio,train
dataset/multimodal-concrete-crack-detection-dataset/audio/negative/neg_audio_3199.wav,dataset/multimodal-concrete-crack-detection-dataset/image/negative/neg_img_3199.jpg,0,normal,multimodal_concrete_crack_audio,val
dataset/multimodal-concrete-crack-detection-dataset/audio/negative/neg_audio_1216.wav,dataset/multimodal-concrete-crack-detection-dataset/image/negative/neg_img_1216.jpg,0,normal,multimodal_concrete_crack_audio,train
dataset/multimodal-concrete-crack-detection-dataset/audio/positive/pos_audio_30.wav,dataset/multimodal-concrete-crack-detection-dataset/image/positive/pos_img_30.jpg,1,acoustic_abnormal,multimodal_concrete_crack_audio,train
dataset/multimodal-concrete-crack-detection-dataset/audio/negative/neg_audio_96.wav,dataset/multimodal-concrete-crack-detection-dataset/image/negative/neg_img_96.jpg,0,normal,multimodal_concrete_crack_audio,train
dataset/multimodal-concrete-crack-detection-dataset/audio/negative/neg_audio_129.wav,dataset/multimodal-concrete-crack-detection-dataset/image/negative/neg_img_129.jpg,0,normal,multimodal_concrete_crack_audio,train
dataset/multimodal-concrete-crack-detection-dataset/audio/negative/neg_audio_556.wav,dataset/multimodal-concrete-crack-detection-dataset/image/negative/neg_img_556.jpg,0,normal,multimodal_concrete_crack_audio,train
dataset/multimodal-concrete-crack-detection-dataset/audio/negative/neg_audio_3050.wav,dataset/multimodal-concrete-crack-detection-dataset/image/negative/neg_img_3050.jpg,0,normal,multimodal_concrete_crack_audio,val
dataset/multimodal-concrete-crack-detection-dataset/audio/positive/pos_audio_241.wav,dataset/multimodal-concrete-crack-detection-dataset/image/positive/pos_img_241.jpg,1,acoustic_abnormal,multimodal_concrete_crack_audio,test
dataset/multimodal-concrete-crack-detection-dataset/audio/positive/pos_audio_318.wav,dataset/multimodal-concrete-crack-detection-dataset/image/positive/pos_img_318.jpg,1,acoustic_abnormal,multimodal_concrete_crack_audio,train
dataset/multimodal-concrete-crack-detection-dataset/audio/negative/neg_audio_2144.wav,dataset/multimodal-concrete-crack-detection-dataset/image/negative/neg_img_2144.jpg,0,normal,multimodal_concrete_crack_audio,train
dataset/multimodal-concrete-crack-detection-dataset/audio/negative/neg_audio_64.wav,dataset/multimodal-concrete-crack-detection-dataset/image/negative/neg_img_64.jpg,0,normal,multimodal_concrete_crack_audio,train
dataset/multimodal-concrete-crack-detection-dataset/audio/negative/neg_audio_2041.wav,dataset/multimodal-concrete-crack-detection-dataset/image/negative/neg_img_2041.jpg,0,normal,multimodal_concrete_crack_audio,train
dataset/multimodal-concrete-crack-detection-dataset/audio/negative/neg_audio_2489.wav,dataset/multimodal-concrete-crack-detection-dataset/image/negative/neg_img_2489.jpg,0,normal,multimodal_concrete_crack_audio,test
dataset/multimodal-concrete-crack-detection-dataset/audio/positive/pos_audio_320.wav,dataset/multimodal-concrete-crack-detection-dataset/image/positive/pos_img_320.jpg,1,acoustic_abnormal,multimodal_concrete_crack_audio,train
dataset/multimodal-concrete-crack-detection-dataset/audio/negative/neg_audio_2208.wav,dataset/multimodal-concrete-crack-detection-dataset/image/negative/neg_img_2208.jpg,0,normal,multimodal_concrete_crack_audio,train
dataset/multimodal-concrete-crack-detection-dataset/audio/negative/neg_audio_1471.wav,dataset/multimodal-concrete-crack-detection-dataset/image/negative/neg_img_1471.jpg,0,normal,multimodal_concrete_crack_audio,train
dataset/multimodal-concrete-crack-detection-dataset/audio/negative/neg_audio_2402.wav,dataset/multimodal-concrete-crack-detection-dataset/image/negative/neg_img_2402.jpg,0,normal,multimodal_concrete_crack_audio,test
dataset/multimodal-concrete-crack-detection-dataset/audio/negative/neg_audio_3154.wav,dataset/multimodal-concrete-crack-detection-dataset/image/negative/neg_img_3154.jpg,0,normal,multimodal_concrete_crack_audio,train
dataset/multimodal-concrete-crack-detection-dataset/audio/negative/neg_audio_1739.wav,dataset/multimodal-concrete-crack-detection-dataset/image/negative/neg_img_1739.jpg,0,normal,multimodal_concrete_crack_audio,train
dataset/multimodal-concrete-crack-detection-dataset/audio/negative/neg_audio_1958.wav,dataset/multimodal-concrete-crack-detection-dataset/image/negative/neg_img_1958.jpg,0,normal,multimodal_concrete_crack_audio,train
dataset/multimodal-concrete-crack-detection-dataset/audio/negative/neg_audio_349.wav,dataset/multimodal-concrete-crack-detection-dataset/image/negative/neg_img_349.jpg,0,normal,multimodal_concrete_crack_audio,train
dataset/multimodal-concrete-crack-detection-dataset/audio/negative/neg_audio_2312.wav,dataset/multimodal-concrete-crack-detection-dataset/image/negative/neg_img_2312.jpg,0,normal,multimodal_concrete_crack_audio,val
dataset/multimodal-concrete-crack-detection-dataset/audio/negative/neg_audio_2502.wav,dataset/multimodal-concrete-crack-detection-dataset/image/negative/neg_img_2502.jpg,0,normal,multimodal_concrete_crack_audio,train
dataset/multimodal-concrete-crack-detection-dataset/audio/negative/neg_audio_3141.wav,dataset/multimodal-concrete-crack-detection-dataset/image/negative/neg_img_3141.jpg,0,normal,multimodal_concrete_crack_audio,train
dataset/multimodal-concrete-crack-detection-dataset/audio/negative/neg_audio_345.wav,dataset/multimodal-concrete-crack-detection-dataset/image/negative/neg_img_345.jpg,0,normal,multimodal_concrete_crack_audio,train
dataset/multimodal-concrete-crack-detection-dataset/audio/positive/pos_audio_224.wav,dataset/multimodal-concrete-crack-detection-dataset/image/positive/pos_img_224.jpg,1,acoustic_abnormal,multimodal_concrete_crack_audio,train
dataset/multimodal-concrete-crack-detection-dataset/audio/negative/neg_audio_1655.wav,dataset/multimodal-concrete-crack-detection-dataset/image/negative/neg_img_1655.jpg,0,normal,multimodal_concrete_crack_audio,test
dataset/multimodal-concrete-crack-detection-dataset/audio/negative/neg_audio_1195.wav,dataset/multimodal-concrete-crack-detection-dataset/image/negative/neg_img_1195.jpg,0,normal,multimodal_concrete_crack_audio,val
dataset/multimodal-concrete-crack-detection-dataset/audio/negative/neg_audio_2438.wav,dataset/multimodal-concrete-crack-detection-dataset/image/negative/neg_img_2438.jpg,0,normal,multimodal_concrete_crack_audio,train
dataset/multimodal-concrete-crack-detection-dataset/audio/positive/pos_audio_249.wav,dataset/multimodal-concrete-crack-detection-dataset/image/positive/pos_img_249.jpg,1,acoustic_abnormal,multimodal_concrete_crack_audio,train
dataset/multimodal-concrete-crack-detection-dataset/audio/negative/neg_audio_1962.wav,dataset/multimodal-concrete-crack-detection-dataset/image/negative/neg_img_1962.jpg,0,normal,multimodal_concrete_crack_audio,train
dataset/multimodal-concrete-crack-detection-dataset/audio/positive/pos_audio_60.wav,dataset/multimodal-concrete-crack-detection-dataset/image/positive/pos_img_60.jpg,1,acoustic_abnormal,multimodal_concrete_crack_audio,train
dataset/multimodal-concrete-crack-detection-dataset/audio/positive/pos_audio_888.wav,dataset/multimodal-concrete-crack-detection-dataset/image/positive/pos_img_888.jpg,1,acoustic_abnormal,multimodal_concrete_crack_audio,train
dataset/multimodal-concrete-crack-detection-dataset/audio/negative/neg_audio_956.wav,dataset/multimodal-concrete-crack-detection-dataset/image/negative/neg_img_956.jpg,0,normal,multimodal_concrete_crack_audio,test
dataset/multimodal-concrete-crack-detection-dataset/audio/negative/neg_audio_464.wav,dataset/multimodal-concrete-crack-detection-dataset/image/negative/neg_img_464.jpg,0,normal,multimodal_concrete_crack_audio,test
dataset/multimodal-concrete-crack-detection-dataset/audio/positive/pos_audio_691.wav,dataset/multimodal-concrete-crack-detection-dataset/image/positive/pos_img_691.jpg,1,acoustic_abnormal,multimodal_concrete_crack_audio,val
dataset/multimodal-concrete-crack-detection-dataset/audio/negative/neg_audio_462.wav,dataset/multimodal-concrete-crack-detection-dataset/image/negative/neg_img_462.jpg,0,normal,multimodal_concrete_crack_audio,train
dataset/multimodal-concrete-crack-detection-dataset/audio/negative/neg_audio_415.wav,dataset/multimodal-concrete-crack-detection-dataset/image/negative/neg_img_415.jpg,0,normal,multimodal_concrete_crack_audio,val
dataset/multimodal-concrete-crack-detection-dataset/audio/negative/neg_audio_809.wav,dataset/multimodal-concrete-crack-detection-dataset/image/negative/neg_img_809.jpg,0,normal,multimodal_concrete_crack_audio,train
dataset/multimodal-concrete-crack-detection-dataset/audio/negative/neg_audio_1393.wav,dataset/multimodal-concrete-crack-detection-dataset/image/negative/neg_img_1393.jpg,0,normal,multimodal_concrete_crack_audio,train
dataset/multimodal-concrete-crack-detection-dataset/audio/negative/neg_audio_192.wav,dataset/multimodal-concrete-crack-detection-dataset/image/negative/neg_img_192.jpg,0,normal,multimodal_concrete_crack_audio,train
dataset/multimodal-concrete-crack-detection-dataset/audio/negative/neg_audio_2340.wav,dataset/multimodal-concrete-crack-detection-dataset/image/negative/neg_img_2340.jpg,0,normal,multimodal_concrete_crack_audio,train
dataset/multimodal-concrete-crack-detection-dataset/audio/positive/pos_audio_412.wav,dataset/multimodal-concrete-crack-detection-dataset/image/positive/pos_img_412.jpg,1,acoustic_abnormal,multimodal_concrete_crack_audio,train
dataset/multimodal-concrete-crack-detection-dataset/audio/negative/neg_audio_2291.wav,dataset/multimodal-concrete-crack-detection-dataset/image/negative/neg_img_2291.jpg,0,normal,multimodal_concrete_crack_audio,train
dataset/multimodal-concrete-crack-detection-dataset/audio/negative/neg_audio_2474.wav,dataset/multimodal-concrete-crack-detection-dataset/image/negative/neg_img_2474.jpg,0,normal,multimodal_concrete_crack_audio,train
dataset/multimodal-concrete-crack-detection-dataset/audio/positive/pos_audio_175.wav,dataset/multimodal-concrete-crack-detection-dataset/image/positive/pos_img_175.jpg,1,acoustic_abnormal,multimodal_concrete_crack_audio,train
dataset/multimodal-concrete-crack-detection-dataset/audio/negative/neg_audio_852.wav,dataset/multimodal-concrete-crack-detection-dataset/image/negative/neg_img_852.jpg,0,normal,multimodal_concrete_crack_audio,train
dataset/multimodal-concrete-crack-detection-dataset/audio/negative/neg_audio_406.wav,dataset/multimodal-concrete-crack-detection-dataset/image/negative/neg_img_406.jpg,0,normal,multimodal_concrete_crack_audio,train
dataset/multimodal-concrete-crack-detection-dataset/audio/negative/neg_audio_165.wav,dataset/multimodal-concrete-crack-detection-dataset/image/negative/neg_img_165.jpg,0,normal,multimodal_concrete_crack_audio,train
dataset/multimodal-concrete-crack-detection-dataset/audio/positive/pos_audio_127.wav,dataset/multimodal-concrete-crack-detection-dataset/image/positive/pos_img_127.jpg,1,acoustic_abnormal,multimodal_concrete_crack_audio,train
dataset/multimodal-concrete-crack-detection-dataset/audio/positive/pos_audio_662.wav,dataset/multimodal-concrete-crack-detection-dataset/image/positive/pos_img_662.jpg,1,acoustic_abnormal,multimodal_concrete_crack_audio,train
dataset/multimodal-concrete-crack-detection-dataset/audio/negative/neg_audio_649.wav,dataset/multimodal-concrete-crack-detection-dataset/image/negative/neg_img_649.jpg,0,normal,multimodal_concrete_crack_audio,test
dataset/multimodal-concrete-crack-detection-dataset/audio/negative/neg_audio_1016.wav,dataset/multimodal-concrete-crack-detection-dataset/image/negative/neg_img_1016.jpg,0,normal,multimodal_concrete_crack_audio,train
dataset/multimodal-concrete-crack-detection-dataset/audio/negative/neg_audio_2815.wav,dataset/multimodal-concrete-crack-detection-dataset/image/negative/neg_img_2815.jpg,0,normal,multimodal_concrete_crack_audio,train
dataset/multimodal-concrete-crack-detection-dataset/audio/negative/neg_audio_3079.wav,dataset/multimodal-concrete-crack-detection-dataset/image/negative/neg_img_3079.jpg,0,normal,multimodal_concrete_crack_audio,test
dataset/multimodal-concrete-crack-detection-dataset/audio/negative/neg_audio_1354.wav,dataset/multimodal-concrete-crack-detection-dataset/image/negative/neg_img_1354.jpg,0,normal,multimodal_concrete_crack_audio,train
dataset/multimodal-concrete-crack-detection-dataset/audio/negative/neg_audio_49.wav,dataset/multimodal-concrete-crack-detection-dataset/image/negative/neg_img_49.jpg,0,normal,multimodal_concrete_crack_audio,test
dataset/multimodal-concrete-crack-detection-dataset/audio/negative/neg_audio_647.wav,dataset/multimodal-concrete-crack-detection-dataset/image/negative/neg_img_647.jpg,0,normal,multimodal_concrete_crack_audio,train
dataset/multimodal-concrete-crack-detection-dataset/audio/positive/pos_audio_216.wav,dataset/multimodal-concrete-crack-detection-dataset/image/positive/pos_img_216.jpg,1,acoustic_abnormal,multimodal_concrete_crack_audio,train
dataset/multimodal-concrete-crack-detection-dataset/audio/negative/neg_audio_765.wav,dataset/multimodal-concrete-crack-detection-dataset/image/negative/neg_img_765.jpg,0,normal,multimodal_concrete_crack_audio,test
dataset/multimodal-concrete-crack-detection-dataset/audio/negative/neg_audio_888.wav,dataset/multimodal-concrete-crack-detection-dataset/image/negative/neg_img_888.jpg,0,normal,multimodal_concrete_crack_audio,train
dataset/multimodal-concrete-crack-detection-dataset/audio/positive/pos_audio_378.wav,dataset/multimodal-concrete-crack-detection-dataset/image/positive/pos_img_378.jpg,1,acoustic_abnormal,multimodal_concrete_crack_audio,train
dataset/multimodal-concrete-crack-detection-dataset/audio/negative/neg_audio_593.wav,dataset/multimodal-concrete-crack-detection-dataset/image/negative/neg_img_593.jpg,0,normal,multimodal_concrete_crack_audio,train
dataset/multimodal-concrete-crack-detection-dataset/audio/negative/neg_audio_148.wav,dataset/multimodal-concrete-crack-detection-dataset/image/negative/neg_img_148.jpg,0,normal,multimodal_concrete_crack_audio,train
dataset/multimodal-concrete-crack-detection-dataset/audio/negative/neg_audio_1892.wav,dataset/multimodal-concrete-crack-detection-dataset/image/negative/neg_img_1892.jpg,0,normal,multimodal_concrete_crack_audio,train
dataset/multimodal-concrete-crack-detection-dataset/audio/negative/neg_audio_383.wav,dataset/multimodal-concrete-crack-detection-dataset/image/negative/neg_img_383.jpg,0,normal,multimodal_concrete_crack_audio,test
dataset/multimodal-concrete-crack-detection-dataset/audio/negative/neg_audio_1642.wav,dataset/multimodal-concrete-crack-detection-dataset/image/negative/neg_img_1642.jpg,0,normal,multimodal_concrete_crack_audio,train
dataset/multimodal-concrete-crack-detection-dataset/audio/negative/neg_audio_335.wav,dataset/multimodal-concrete-crack-detection-dataset/image/negative/neg_img_335.jpg,0,normal,multimodal_concrete_crack_audio,train
dataset/multimodal-concrete-crack-detection-dataset/audio/negative/neg_audio_1251.wav,dataset/multimodal-concrete-crack-detection-dataset/image/negative/neg_img_1251.jpg,0,normal,multimodal_concrete_crack_audio,test
dataset/multimodal-concrete-crack-detection-dataset/audio/positive/pos_audio_196.wav,dataset/multimodal-concrete-crack-detection-dataset/image/positive/pos_img_196.jpg,1,acoustic_abnormal,multimodal_concrete_crack_audio,train
dataset/multimodal-concrete-crack-detection-dataset/audio/negative/neg_audio_3122.wav,dataset/multimodal-concrete-crack-detection-dataset/image/negative/neg_img_3122.jpg,0,normal,multimodal_concrete_crack_audio,train
dataset/multimodal-concrete-crack-detection-dataset/audio/negative/neg_audio_591.wav,dataset/multimodal-concrete-crack-detection-dataset/image/negative/neg_img_591.jpg,0,normal,multimodal_concrete_crack_audio,train
dataset/multimodal-concrete-crack-detection-dataset/audio/negative/neg_audio_1923.wav,dataset/multimodal-concrete-crack-detection-dataset/image/negative/neg_img_1923.jpg,0,normal,multimodal_concrete_crack_audio,train
dataset/multimodal-concrete-crack-detection-dataset/audio/negative/neg_audio_3196.wav,dataset/multimodal-concrete-crack-detection-dataset/image/negative/neg_img_3196.jpg,0,normal,multimodal_concrete_crack_audio,val
dataset/multimodal-concrete-crack-detection-dataset/audio/negative/neg_audio_1017.wav,dataset/multimodal-concrete-crack-detection-dataset/image/negative/neg_img_1017.jpg,0,normal,multimodal_concrete_crack_audio,train
dataset/multimodal-concrete-crack-detection-dataset/audio/negative/neg_audio_1147.wav,dataset/multimodal-concrete-crack-detection-dataset/image/negative/neg_img_1147.jpg,0,normal,multimodal_concrete_crack_audio,train
dataset/multimodal-concrete-crack-detection-dataset/audio/positive/pos_audio_57.wav,dataset/multimodal-concrete-crack-detection-dataset/image/positive/pos_img_57.jpg,1,acoustic_abnormal,multimodal_concrete_crack_audio,val
dataset/multimodal-concrete-crack-detection-dataset/audio/negative/neg_audio_1035.wav,dataset/multimodal-concrete-crack-detection-dataset/image/negative/neg_img_1035.jpg,0,normal,multimodal_concrete_crack_audio,train
dataset/multimodal-concrete-crack-detection-dataset/audio/negative/neg_audio_336.wav,dataset/multimodal-concrete-crack-detection-dataset/image/negative/neg_img_336.jpg,0,normal,multimodal_concrete_crack_audio,val
dataset/multimodal-concrete-crack-detection-dataset/audio/negative/neg_audio_3096.wav,dataset/multimodal-concrete-crack-detection-dataset/image/negative/neg_img_3096.jpg,0,normal,multimodal_concrete_crack_audio,train
dataset/multimodal-concrete-crack-detection-dataset/audio/negative/neg_audio_1511.wav,dataset/multimodal-concrete-crack-detection-dataset/image/negative/neg_img_1511.jpg,0,normal,multimodal_concrete_crack_audio,train
dataset/multimodal-concrete-crack-detection-dataset/audio/negative/neg_audio_2825.wav,dataset/multimodal-concrete-crack-detection-dataset/image/negative/neg_img_2825.jpg,0,normal,multimodal_concrete_crack_audio,val
dataset/multimodal-concrete-crack-detection-dataset/audio/negative/neg_audio_189.wav,dataset/multimodal-concrete-crack-detection-dataset/image/negative/neg_img_189.jpg,0,normal,multimodal_concrete_crack_audio,val
dataset/multimodal-concrete-crack-detection-dataset/audio/negative/neg_audio_256.wav,dataset/multimodal-concrete-crack-detection-dataset/image/negative/neg_img_256.jpg,0,normal,multimodal_concrete_crack_audio,train
dataset/multimodal-concrete-crack-detection-dataset/audio/negative/neg_audio_231.wav,dataset/multimodal-concrete-crack-detection-dataset/image/negative/neg_img_231.jpg,0,normal,multimodal_concrete_crack_audio,val
dataset/multimodal-concrete-crack-detection-dataset/audio/negative/neg_audio_2247.wav,dataset/multimodal-concrete-crack-detection-dataset/image/negative/neg_img_2247.jpg,0,normal,multimodal_concrete_crack_audio,train
dataset/multimodal-concrete-crack-detection-dataset/audio/positive/pos_audio_81.wav,dataset/multimodal-concrete-crack-detection-dataset/image/positive/pos_img_81.jpg,1,acoustic_abnormal,multimodal_concrete_crack_audio,test
dataset/multimodal-concrete-crack-detection-dataset/audio/negative/neg_audio_2452.wav,dataset/multimodal-concrete-crack-detection-dataset/image/negative/neg_img_2452.jpg,0,normal,multimodal_concrete_crack_audio,val
dataset/multimodal-concrete-crack-detection-dataset/audio/positive/pos_audio_273.wav,dataset/multimodal-concrete-crack-detection-dataset/image/positive/pos_img_273.jpg,1,acoustic_abnormal,multimodal_concrete_crack_audio,train
dataset/multimodal-concrete-crack-detection-dataset/audio/positive/pos_audio_599.wav,dataset/multimodal-concrete-crack-detection-dataset/image/positive/pos_img_599.jpg,1,acoustic_abnormal,multimodal_concrete_crack_audio,train
dataset/multimodal-concrete-crack-detection-dataset/audio/negative/neg_audio_2383.wav,dataset/multimodal-concrete-crack-detection-dataset/image/negative/neg_img_2383.jpg,0,normal,multimodal_concrete_crack_audio,train
dataset/multimodal-concrete-crack-detection-dataset/audio/negative/neg_audio_97.wav,dataset/multimodal-concrete-crack-detection-dataset/image/negative/neg_img_97.jpg,0,normal,multimodal_concrete_crack_audio,train
dataset/multimodal-concrete-crack-detection-dataset/audio/negative/neg_audio_761.wav,dataset/multimodal-concrete-crack-detection-dataset/image/negative/neg_img_761.jpg,0,normal,multimodal_concrete_crack_audio,train
dataset/multimodal-concrete-crack-detection-dataset/audio/positive/pos_audio_728.wav,dataset/multimodal-concrete-crack-detection-dataset/image/positive/pos_img_728.jpg,1,acoustic_abnormal,multimodal_concrete_crack_audio,train
dataset/multimodal-concrete-crack-detection-dataset/audio/negative/neg_audio_2651.wav,dataset/multimodal-concrete-crack-detection-dataset/image/negative/neg_img_2651.jpg,0,normal,multimodal_concrete_crack_audio,val
dataset/multimodal-concrete-crack-detection-dataset/audio/negative/neg_audio_1094.wav,dataset/multimodal-concrete-crack-detection-dataset/image/negative/neg_img_1094.jpg,0,normal,multimodal_concrete_crack_audio,test
dataset/multimodal-concrete-crack-detection-dataset/audio/negative/neg_audio_2014.wav,dataset/multimodal-concrete-crack-detection-dataset/image/negative/neg_img_2014.jpg,0,normal,multimodal_concrete_crack_audio,train
dataset/multimodal-concrete-crack-detection-dataset/audio/positive/pos_audio_230.wav,dataset/multimodal-concrete-crack-detection-dataset/image/positive/pos_img_230.jpg,1,acoustic_abnormal,multimodal_concrete_crack_audio,test
dataset/multimodal-concrete-crack-detection-dataset/audio/negative/neg_audio_3083.wav,dataset/multimodal-concrete-crack-detection-dataset/image/negative/neg_img_3083.jpg,0,normal,multimodal_concrete_crack_audio,train
dataset/multimodal-concrete-crack-detection-dataset/audio/negative/neg_audio_527.wav,dataset/multimodal-concrete-crack-detection-dataset/image/negative/neg_img_527.jpg,0,normal,multimodal_concrete_crack_audio,train
dataset/multimodal-concrete-crack-detection-dataset/audio/positive/pos_audio_493.wav,dataset/multimodal-concrete-crack-detection-dataset/image/positive/pos_img_493.jpg,1,acoustic_abnormal,multimodal_concrete_crack_audio,train
dataset/multimodal-concrete-crack-detection-dataset/audio/negative/neg_audio_2739.wav,dataset/multimodal-concrete-crack-detection-dataset/image/negative/neg_img_2739.jpg,0,normal,multimodal_concrete_crack_audio,train
dataset/multimodal-concrete-crack-detection-dataset/audio/negative/neg_audio_200.wav,dataset/multimodal-concrete-crack-detection-dataset/image/negative/neg_img_200.jpg,0,normal,multimodal_concrete_crack_audio,val
dataset/multimodal-concrete-crack-detection-dataset/audio/positive/pos_audio_609.wav,dataset/multimodal-concrete-crack-detection-dataset/image/positive/pos_img_609.jpg,1,acoustic_abnormal,multimodal_concrete_crack_audio,train
dataset/multimodal-concrete-crack-detection-dataset/audio/negative/neg_audio_2604.wav,dataset/multimodal-concrete-crack-detection-dataset/image/negative/neg_img_2604.jpg,0,normal,multimodal_concrete_crack_audio,train
dataset/multimodal-concrete-crack-detection-dataset/audio/positive/pos_audio_409.wav,dataset/multimodal-concrete-crack-detection-dataset/image/positive/pos_img_409.jpg,1,acoustic_abnormal,multimodal_concrete_crack_audio,val
dataset/multimodal-concrete-crack-detection-dataset/audio/negative/neg_audio_1385.wav,dataset/multimodal-concrete-crack-detection-dataset/image/negative/neg_img_1385.jpg,0,normal,multimodal_concrete_crack_audio,train
dataset/multimodal-concrete-crack-detection-dataset/audio/negative/neg_audio_3017.wav,dataset/multimodal-concrete-crack-detection-dataset/image/negative/neg_img_3017.jpg,0,normal,multimodal_concrete_crack_audio,train
dataset/multimodal-concrete-crack-detection-dataset/audio/negative/neg_audio_2277.wav,dataset/multimodal-concrete-crack-detection-dataset/image/negative/neg_img_2277.jpg,0,normal,multimodal_concrete_crack_audio,val
dataset/multimodal-concrete-crack-detection-dataset/audio/negative/neg_audio_912.wav,dataset/multimodal-concrete-crack-detection-dataset/image/negative/neg_img_912.jpg,0,normal,multimodal_concrete_crack_audio,train
dataset/multimodal-concrete-crack-detection-dataset/audio/negative/neg_audio_2046.wav,dataset/multimodal-concrete-crack-detection-dataset/image/negative/neg_img_2046.jpg,0,normal,multimodal_concrete_crack_audio,train
dataset/multimodal-concrete-crack-detection-dataset/audio/negative/neg_audio_3188.wav,dataset/multimodal-concrete-crack-detection-dataset/image/negative/neg_img_3188.jpg,0,normal,multimodal_concrete_crack_audio,train
dataset/multimodal-concrete-crack-detection-dataset/audio/negative/neg_audio_1661.wav,dataset/multimodal-concrete-crack-detection-dataset/image/negative/neg_img_1661.jpg,0,normal,multimodal_concrete_crack_audio,train
dataset/multimodal-concrete-crack-detection-dataset/audio/negative/neg_audio_2389.wav,dataset/multimodal-concrete-crack-detection-dataset/image/negative/neg_img_2389.jpg,0,normal,multimodal_concrete_crack_audio,train
dataset/multimodal-concrete-crack-detection-dataset/audio/negative/neg_audio_1550.wav,dataset/multimodal-concrete-crack-detection-dataset/image/negative/neg_img_1550.jpg,0,normal,multimodal_concrete_crack_audio,val
dataset/multimodal-concrete-crack-detection-dataset/audio/negative/neg_audio_2894.wav,dataset/multimodal-concrete-crack-detection-dataset/image/negative/neg_img_2894.jpg,0,normal,multimodal_concrete_crack_audio,train
dataset/multimodal-concrete-crack-detection-dataset/audio/negative/neg_audio_1771.wav,dataset/multimodal-concrete-crack-detection-dataset/image/negative/neg_img_1771.jpg,0,normal,multimodal_concrete_crack_audio,train
dataset/multimodal-concrete-crack-detection-dataset/audio/positive/pos_audio_541.wav,dataset/multimodal-concrete-crack-detection-dataset/image/positive/pos_img_541.jpg,1,acoustic_abnormal,multimodal_concrete_crack_audio,train
dataset/multimodal-concrete-crack-detection-dataset/audio/negative/neg_audio_1518.wav,dataset/multimodal-concrete-crack-detection-dataset/image/negative/neg_img_1518.jpg,0,normal,multimodal_concrete_crack_audio,val
dataset/multimodal-concrete-crack-detection-dataset/audio/positive/pos_audio_778.wav,dataset/multimodal-concrete-crack-detection-dataset/image/positive/pos_img_778.jpg,1,acoustic_abnormal,multimodal_concrete_crack_audio,train
dataset/multimodal-concrete-crack-detection-dataset/audio/positive/pos_audio_444.wav,dataset/multimodal-concrete-crack-detection-dataset/image/positive/pos_img_444.jpg,1,acoustic_abnormal,multimodal_concrete_crack_audio,train
dataset/multimodal-concrete-crack-detection-dataset/audio/positive/pos_audio_191.wav,dataset/multimodal-concrete-crack-detection-dataset/image/positive/pos_img_191.jpg,1,acoustic_abnormal,multimodal_concrete_crack_audio,train
dataset/multimodal-concrete-crack-detection-dataset/audio/negative/neg_audio_1470.wav,dataset/multimodal-concrete-crack-detection-dataset/image/negative/neg_img_1470.jpg,0,normal,multimodal_concrete_crack_audio,test
dataset/multimodal-concrete-crack-detection-dataset/audio/negative/neg_audio_617.wav,dataset/multimodal-concrete-crack-detection-dataset/image/negative/neg_img_617.jpg,0,normal,multimodal_concrete_crack_audio,train
dataset/multimodal-concrete-crack-detection-dataset/audio/negative/neg_audio_2623.wav,dataset/multimodal-concrete-crack-detection-dataset/image/negative/neg_img_2623.jpg,0,normal,multimodal_concrete_crack_audio,train
dataset/multimodal-concrete-crack-detection-dataset/audio/negative/neg_audio_450.wav,dataset/multimodal-concrete-crack-detection-dataset/image/negative/neg_img_450.jpg,0,normal,multimodal_concrete_crack_audio,test
dataset/multimodal-concrete-crack-detection-dataset/audio/negative/neg_audio_549.wav,dataset/multimodal-concrete-crack-detection-dataset/image/negative/neg_img_549.jpg,0,normal,multimodal_concrete_crack_audio,train
dataset/multimodal-concrete-crack-detection-dataset/audio/negative/neg_audio_994.wav,dataset/multimodal-concrete-crack-detection-dataset/image/negative/neg_img_994.jpg,0,normal,multimodal_concrete_crack_audio,train
dataset/multimodal-concrete-crack-detection-dataset/audio/negative/neg_audio_475.wav,dataset/multimodal-concrete-crack-detection-dataset/image/negative/neg_img_475.jpg,0,normal,multimodal_concrete_crack_audio,val
dataset/multimodal-concrete-crack-detection-dataset/audio/negative/neg_audio_2841.wav,dataset/multimodal-concrete-crack-detection-dataset/image/negative/neg_img_2841.jpg,0,normal,multimodal_concrete_crack_audio,train
dataset/multimodal-concrete-crack-detection-dataset/audio/negative/neg_audio_115.wav,dataset/multimodal-concrete-crack-detection-dataset/image/negative/neg_img_115.jpg,0,normal,multimodal_concrete_crack_audio,test
dataset/multimodal-concrete-crack-detection-dataset/audio/negative/neg_audio_2565.wav,dataset/multimodal-concrete-crack-detection-dataset/image/negative/neg_img_2565.jpg,0,normal,multimodal_concrete_crack_audio,test
dataset/multimodal-concrete-crack-detection-dataset/audio/negative/neg_audio_2613.wav,dataset/multimodal-concrete-crack-detection-dataset/image/negative/neg_img_2613.jpg,0,normal,multimodal_concrete_crack_audio,val
dataset/multimodal-concrete-crack-detection-dataset/audio/negative/neg_audio_1167.wav,dataset/multimodal-concrete-crack-detection-dataset/image/negative/neg_img_1167.jpg,0,normal,multimodal_concrete_crack_audio,train
dataset/multimodal-concrete-crack-detection-dataset/audio/negative/neg_audio_1261.wav,dataset/multimodal-concrete-crack-detection-dataset/image/negative/neg_img_1261.jpg,0,normal,multimodal_concrete_crack_audio,test
dataset/multimodal-concrete-crack-detection-dataset/audio/negative/neg_audio_357.wav,dataset/multimodal-concrete-crack-detection-dataset/image/negative/neg_img_357.jpg,0,normal,multimodal_concrete_crack_audio,val
dataset/multimodal-concrete-crack-detection-dataset/audio/negative/neg_audio_15.wav,dataset/multimodal-concrete-crack-detection-dataset/image/negative/neg_img_15.jpg,0,normal,multimodal_concrete_crack_audio,train
dataset/multimodal-concrete-crack-detection-dataset/audio/negative/neg_audio_1615.wav,dataset/multimodal-concrete-crack-detection-dataset/image/negative/neg_img_1615.jpg,0,normal,multimodal_concrete_crack_audio,train
dataset/multimodal-concrete-crack-detection-dataset/audio/negative/neg_audio_3042.wav,dataset/multimodal-concrete-crack-detection-dataset/image/negative/neg_img_3042.jpg,0,normal,multimodal_concrete_crack_audio,train
dataset/multimodal-concrete-crack-detection-dataset/audio/negative/neg_audio_2552.wav,dataset/multimodal-concrete-crack-detection-dataset/image/negative/neg_img_2552.jpg,0,normal,multimodal_concrete_crack_audio,train
dataset/multimodal-concrete-crack-detection-dataset/audio/negative/neg_audio_1476.wav,dataset/multimodal-concrete-crack-detection-dataset/image/negative/neg_img_1476.jpg,0,normal,multimodal_concrete_crack_audio,train
dataset/multimodal-concrete-crack-detection-dataset/audio/negative/neg_audio_1329.wav,dataset/multimodal-concrete-crack-detection-dataset/image/negative/neg_img_1329.jpg,0,normal,multimodal_concrete_crack_audio,train
dataset/multimodal-concrete-crack-detection-dataset/audio/negative/neg_audio_2805.wav,dataset/multimodal-concrete-crack-detection-dataset/image/negative/neg_img_2805.jpg,0,normal,multimodal_concrete_crack_audio,val
dataset/multimodal-concrete-crack-detection-dataset/audio/negative/neg_audio_1830.wav,dataset/multimodal-concrete-crack-detection-dataset/image/negative/neg_img_1830.jpg,0,normal,multimodal_concrete_crack_audio,train
dataset/multimodal-concrete-crack-detection-dataset/audio/negative/neg_audio_1847.wav,dataset/multimodal-concrete-crack-detection-dataset/image/negative/neg_img_1847.jpg,0,normal,multimodal_concrete_crack_audio,train
dataset/multimodal-concrete-crack-detection-dataset/audio/negative/neg_audio_552.wav,dataset/multimodal-concrete-crack-detection-dataset/image/negative/neg_img_552.jpg,0,normal,multimodal_concrete_crack_audio,train
dataset/multimodal-concrete-crack-detection-dataset/audio/negative/neg_audio_2166.wav,dataset/multimodal-concrete-crack-detection-dataset/image/negative/neg_img_2166.jpg,0,normal,multimodal_concrete_crack_audio,val
dataset/multimodal-concrete-crack-detection-dataset/audio/negative/neg_audio_417.wav,dataset/multimodal-concrete-crack-detection-dataset/image/negative/neg_img_417.jpg,0,normal,multimodal_concrete_crack_audio,train
dataset/multimodal-concrete-crack-detection-dataset/audio/negative/neg_audio_2559.wav,dataset/multimodal-concrete-crack-detection-dataset/image/negative/neg_img_2559.jpg,0,normal,multimodal_concrete_crack_audio,train
dataset/multimodal-concrete-crack-detection-dataset/audio/negative/neg_audio_752.wav,dataset/multimodal-concrete-crack-detection-dataset/image/negative/neg_img_752.jpg,0,normal,multimodal_concrete_crack_audio,train
dataset/multimodal-concrete-crack-detection-dataset/audio/positive/pos_audio_761.wav,dataset/multimodal-concrete-crack-detection-dataset/image/positive/pos_img_761.jpg,1,acoustic_abnormal,multimodal_concrete_crack_audio,train
dataset/multimodal-concrete-crack-detection-dataset/audio/negative/neg_audio_936.wav,dataset/multimodal-concrete-crack-detection-dataset/image/negative/neg_img_936.jpg,0,normal,multimodal_concrete_crack_audio,train
dataset/multimodal-concrete-crack-detection-dataset/audio/negative/neg_audio_2784.wav,dataset/multimodal-concrete-crack-detection-dataset/image/negative/neg_img_2784.jpg,0,normal,multimodal_concrete_crack_audio,train
dataset/multimodal-concrete-crack-detection-dataset/audio/positive/pos_audio_394.wav,dataset/multimodal-concrete-crack-detection-dataset/image/positive/pos_img_394.jpg,1,acoustic_abnormal,multimodal_concrete_crack_audio,train
dataset/multimodal-concrete-crack-detection-dataset/audio/positive/pos_audio_452.wav,dataset/multimodal-concrete-crack-detection-dataset/image/positive/pos_img_452.jpg,1,acoustic_abnormal,multimodal_concrete_crack_audio,train
dataset/multimodal-concrete-crack-detection-dataset/audio/negative/neg_audio_2275.wav,dataset/multimodal-concrete-crack-detection-dataset/image/negative/neg_img_2275.jpg,0,normal,multimodal_concrete_crack_audio,val
dataset/multimodal-concrete-crack-detection-dataset/audio/negative/neg_audio_2975.wav,dataset/multimodal-concrete-crack-detection-dataset/image/negative/neg_img_2975.jpg,0,normal,multimodal_concrete_crack_audio,train
dataset/multimodal-concrete-crack-detection-dataset/audio/positive/pos_audio_232.wav,dataset/multimodal-concrete-crack-detection-dataset/image/positive/pos_img_232.jpg,1,acoustic_abnormal,multimodal_concrete_crack_audio,train
dataset/multimodal-concrete-crack-detection-dataset/audio/negative/neg_audio_636.wav,dataset/multimodal-concrete-crack-detection-dataset/image/negative/neg_img_636.jpg,0,normal,multimodal_concrete_crack_audio,test
dataset/multimodal-concrete-crack-detection-dataset/audio/negative/neg_audio_2324.wav,dataset/multimodal-concrete-crack-detection-dataset/image/negative/neg_img_2324.jpg,0,normal,multimodal_concrete_crack_audio,train
dataset/multimodal-concrete-crack-detection-dataset/audio/negative/neg_audio_1716.wav,dataset/multimodal-concrete-crack-detection-dataset/image/negative/neg_img_1716.jpg,0,normal,multimodal_concrete_crack_audio,test
dataset/multimodal-concrete-crack-detection-dataset/audio/negative/neg_audio_382.wav,dataset/multimodal-concrete-crack-detection-dataset/image/negative/neg_img_382.jpg,0,normal,multimodal_concrete_crack_audio,train
dataset/multimodal-concrete-crack-detection-dataset/audio/positive/pos_audio_575.wav,dataset/multimodal-concrete-crack-detection-dataset/image/positive/pos_img_575.jpg,1,acoustic_abnormal,multimodal_concrete_crack_audio,val
dataset/multimodal-concrete-crack-detection-dataset/audio/negative/neg_audio_1042.wav,dataset/multimodal-concrete-crack-detection-dataset/image/negative/neg_img_1042.jpg,0,normal,multimodal_concrete_crack_audio,train
dataset/multimodal-concrete-crack-detection-dataset/audio/negative/neg_audio_2537.wav,dataset/multimodal-concrete-crack-detection-dataset/image/negative/neg_img_2537.jpg,0,normal,multimodal_concrete_crack_audio,val
dataset/multimodal-concrete-crack-detection-dataset/audio/negative/neg_audio_208.wav,dataset/multimodal-concrete-crack-detection-dataset/image/negative/neg_img_208.jpg,0,normal,multimodal_concrete_crack_audio,train
dataset/multimodal-concrete-crack-detection-dataset/audio/negative/neg_audio_1268.wav,dataset/multimodal-concrete-crack-detection-dataset/image/negative/neg_img_1268.jpg,0,normal,multimodal_concrete_crack_audio,val
dataset/multimodal-concrete-crack-detection-dataset/audio/negative/neg_audio_30.wav,dataset/multimodal-concrete-crack-detection-dataset/image/negative/neg_img_30.jpg,0,normal,multimodal_concrete_crack_audio,test
dataset/multimodal-concrete-crack-detection-dataset/audio/positive/pos_audio_291.wav,dataset/multimodal-concrete-crack-detection-dataset/image/positive/pos_img_291.jpg,1,acoustic_abnormal,multimodal_concrete_crack_audio,train
dataset/multimodal-concrete-crack-detection-dataset/audio/positive/pos_audio_204.wav,dataset/multimodal-concrete-crack-detection-dataset/image/positive/pos_img_204.jpg,1,acoustic_abnormal,multimodal_concrete_crack_audio,train
dataset/multimodal-concrete-crack-detection-dataset/audio/negative/neg_audio_2754.wav,dataset/multimodal-concrete-crack-detection-dataset/image/negative/neg_img_2754.jpg,0,normal,multimodal_concrete_crack_audio,val
dataset/multimodal-concrete-crack-detection-dataset/audio/negative/neg_audio_2923.wav,dataset/multimodal-concrete-crack-detection-dataset/image/negative/neg_img_2923.jpg,0,normal,multimodal_concrete_crack_audio,train
dataset/multimodal-concrete-crack-detection-dataset/audio/negative/neg_audio_1876.wav,dataset/multimodal-concrete-crack-detection-dataset/image/negative/neg_img_1876.jpg,0,normal,multimodal_concrete_crack_audio,train
dataset/multimodal-concrete-crack-detection-dataset/audio/negative/neg_audio_2834.wav,dataset/multimodal-concrete-crack-detection-dataset/image/negative/neg_img_2834.jpg,0,normal,multimodal_concrete_crack_audio,train
dataset/multimodal-concrete-crack-detection-dataset/audio/negative/neg_audio_1596.wav,dataset/multimodal-concrete-crack-detection-dataset/image/negative/neg_img_1596.jpg,0,normal,multimodal_concrete_crack_audio,train
dataset/multimodal-concrete-crack-detection-dataset/audio/negative/neg_audio_958.wav,dataset/multimodal-concrete-crack-detection-dataset/image/negative/neg_img_958.jpg,0,normal,multimodal_concrete_crack_audio,train
dataset/multimodal-concrete-crack-detection-dataset/audio/negative/neg_audio_1945.wav,dataset/multimodal-concrete-crack-detection-dataset/image/negative/neg_img_1945.jpg,0,normal,multimodal_concrete_crack_audio,train
dataset/multimodal-concrete-crack-detection-dataset/audio/negative/neg_audio_1212.wav,dataset/multimodal-concrete-crack-detection-dataset/image/negative/neg_img_1212.jpg,0,normal,multimodal_concrete_crack_audio,train
dataset/multimodal-concrete-crack-detection-dataset/audio/negative/neg_audio_155.wav,dataset/multimodal-concrete-crack-detection-dataset/image/negative/neg_img_155.jpg,0,normal,multimodal_concrete_crack_audio,train
dataset/multimodal-concrete-crack-detection-dataset/audio/negative/neg_audio_2582.wav,dataset/multimodal-concrete-crack-detection-dataset/image/negative/neg_img_2582.jpg,0,normal,multimodal_concrete_crack_audio,val
dataset/multimodal-concrete-crack-detection-dataset/audio/negative/neg_audio_178.wav,dataset/multimodal-concrete-crack-detection-dataset/image/negative/neg_img_178.jpg,0,normal,multimodal_concrete_crack_audio,train
dataset/multimodal-concrete-crack-detection-dataset/audio/negative/neg_audio_176.wav,dataset/multimodal-concrete-crack-detection-dataset/image/negative/neg_img_176.jpg,0,normal,multimodal_concrete_crack_audio,test
dataset/multimodal-concrete-crack-detection-dataset/audio/negative/neg_audio_429.wav,dataset/multimodal-concrete-crack-detection-dataset/image/negative/neg_img_429.jpg,0,normal,multimodal_concrete_crack_audio,train
dataset/multimodal-concrete-crack-detection-dataset/audio/positive/pos_audio_856.wav,dataset/multimodal-concrete-crack-detection-dataset/image/positive/pos_img_856.jpg,1,acoustic_abnormal,multimodal_concrete_crack_audio,test
dataset/multimodal-concrete-crack-detection-dataset/audio/positive/pos_audio_7.wav,dataset/multimodal-concrete-crack-detection-dataset/image/positive/pos_img_7.jpg,1,acoustic_abnormal,multimodal_concrete_crack_audio,train
dataset/multimodal-concrete-crack-detection-dataset/audio/negative/neg_audio_2358.wav,dataset/multimodal-concrete-crack-detection-dataset/image/negative/neg_img_2358.jpg,0,normal,multimodal_concrete_crack_audio,train
dataset/multimodal-concrete-crack-detection-dataset/audio/negative/neg_audio_2602.wav,dataset/multimodal-concrete-crack-detection-dataset/image/negative/neg_img_2602.jpg,0,normal,multimodal_concrete_crack_audio,train
dataset/multimodal-concrete-crack-detection-dataset/audio/negative/neg_audio_1758.wav,dataset/multimodal-concrete-crack-detection-dataset/image/negative/neg_img_1758.jpg,0,normal,multimodal_concrete_crack_audio,train
dataset/multimodal-concrete-crack-detection-dataset/audio/positive/pos_audio_189.wav,dataset/multimodal-concrete-crack-detection-dataset/image/positive/pos_img_189.jpg,1,acoustic_abnormal,multimodal_concrete_crack_audio,train
dataset/multimodal-concrete-crack-detection-dataset/audio/negative/neg_audio_1081.wav,dataset/multimodal-concrete-crack-detection-dataset/image/negative/neg_img_1081.jpg,0,normal,multimodal_concrete_crack_audio,train
dataset/multimodal-concrete-crack-detection-dataset/audio/negative/neg_audio_757.wav,dataset/multimodal-concrete-crack-detection-dataset/image/negative/neg_img_757.jpg,0,normal,multimodal_concrete_crack_audio,train
dataset/multimodal-concrete-crack-detection-dataset/audio/negative/neg_audio_2827.wav,dataset/multimodal-concrete-crack-detection-dataset/image/negative/neg_img_2827.jpg,0,normal,multimodal_concrete_crack_audio,train
dataset/multimodal-concrete-crack-detection-dataset/audio/negative/neg_audio_2890.wav,dataset/multimodal-concrete-crack-detection-dataset/image/negative/neg_img_2890.jpg,0,normal,multimodal_concrete_crack_audio,train
dataset/multimodal-concrete-crack-detection-dataset/audio/negative/neg_audio_1633.wav,dataset/multimodal-concrete-crack-detection-dataset/image/negative/neg_img_1633.jpg,0,normal,multimodal_concrete_crack_audio,val
dataset/multimodal-concrete-crack-detection-dataset/audio/negative/neg_audio_610.wav,dataset/multimodal-concrete-crack-detection-dataset/image/negative/neg_img_610.jpg,0,normal,multimodal_concrete_crack_audio,test
dataset/multimodal-concrete-crack-detection-dataset/audio/negative/neg_audio_3089.wav,dataset/multimodal-concrete-crack-detection-dataset/image/negative/neg_img_3089.jpg,0,normal,multimodal_concrete_crack_audio,train
dataset/multimodal-concrete-crack-detection-dataset/audio/positive/pos_audio_415.wav,dataset/multimodal-concrete-crack-detection-dataset/image/positive/pos_img_415.jpg,1,acoustic_abnormal,multimodal_concrete_crack_audio,train
dataset/multimodal-concrete-crack-detection-dataset/audio/positive/pos_audio_680.wav,dataset/multimodal-concrete-crack-detection-dataset/image/positive/pos_img_680.jpg,1,acoustic_abnormal,multimodal_concrete_crack_audio,train
dataset/multimodal-concrete-crack-detection-dataset/audio/negative/neg_audio_2446.wav,dataset/multimodal-concrete-crack-detection-dataset/image/negative/neg_img_2446.jpg,0,normal,multimodal_concrete_crack_audio,test
dataset/multimodal-concrete-crack-detection-dataset/audio/negative/neg_audio_2249.wav,dataset/multimodal-concrete-crack-detection-dataset/image/negative/neg_img_2249.jpg,0,normal,multimodal_concrete_crack_audio,train
dataset/multimodal-concrete-crack-detection-dataset/audio/negative/neg_audio_2010.wav,dataset/multimodal-concrete-crack-detection-dataset/image/negative/neg_img_2010.jpg,0,normal,multimodal_concrete_crack_audio,train
dataset/multimodal-concrete-crack-detection-dataset/audio/negative/neg_audio_2911.wav,dataset/multimodal-concrete-crack-detection-dataset/image/negative/neg_img_2911.jpg,0,normal,multimodal_concrete_crack_audio,train
dataset/multimodal-concrete-crack-detection-dataset/audio/negative/neg_audio_1735.wav,dataset/multimodal-concrete-crack-detection-dataset/image/negative/neg_img_1735.jpg,0,normal,multimodal_concrete_crack_audio,val
dataset/multimodal-concrete-crack-detection-dataset/audio/positive/pos_audio_600.wav,dataset/multimodal-concrete-crack-detection-dataset/image/positive/pos_img_600.jpg,1,acoustic_abnormal,multimodal_concrete_crack_audio,train
dataset/multimodal-concrete-crack-detection-dataset/audio/negative/neg_audio_9.wav,dataset/multimodal-concrete-crack-detection-dataset/image/negative/neg_img_9.jpg,0,normal,multimodal_concrete_crack_audio,train
dataset/multimodal-concrete-crack-detection-dataset/audio/negative/neg_audio_2810.wav,dataset/multimodal-concrete-crack-detection-dataset/image/negative/neg_img_2810.jpg,0,normal,multimodal_concrete_crack_audio,val
dataset/multimodal-concrete-crack-detection-dataset/audio/negative/neg_audio_3143.wav,dataset/multimodal-concrete-crack-detection-dataset/image/negative/neg_img_3143.jpg,0,normal,multimodal_concrete_crack_audio,train
dataset/multimodal-concrete-crack-detection-dataset/audio/negative/neg_audio_1479.wav,dataset/multimodal-concrete-crack-detection-dataset/image/negative/neg_img_1479.jpg,0,normal,multimodal_concrete_crack_audio,test
dataset/multimodal-concrete-crack-detection-dataset/audio/negative/neg_audio_867.wav,dataset/multimodal-concrete-crack-detection-dataset/image/negative/neg_img_867.jpg,0,normal,multimodal_concrete_crack_audio,train
dataset/multimodal-concrete-crack-detection-dataset/audio/negative/neg_audio_1507.wav,dataset/multimodal-concrete-crack-detection-dataset/image/negative/neg_img_1507.jpg,0,normal,multimodal_concrete_crack_audio,train
dataset/multimodal-concrete-crack-detection-dataset/audio/negative/neg_audio_1558.wav,dataset/multimodal-concrete-crack-detection-dataset/image/negative/neg_img_1558.jpg,0,normal,multimodal_concrete_crack_audio,val
dataset/multimodal-concrete-crack-detection-dataset/audio/negative/neg_audio_331.wav,dataset/multimodal-concrete-crack-detection-dataset/image/negative/neg_img_331.jpg,0,normal,multimodal_concrete_crack_audio,val
dataset/multimodal-concrete-crack-detection-dataset/audio/negative/neg_audio_918.wav,dataset/multimodal-concrete-crack-detection-dataset/image/negative/neg_img_918.jpg,0,normal,multimodal_concrete_crack_audio,train
dataset/multimodal-concrete-crack-detection-dataset/audio/negative/neg_audio_662.wav,dataset/multimodal-concrete-crack-detection-dataset/image/negative/neg_img_662.jpg,0,normal,multimodal_concrete_crack_audio,val
dataset/multimodal-concrete-crack-detection-dataset/audio/negative/neg_audio_1906.wav,dataset/multimodal-concrete-crack-detection-dataset/image/negative/neg_img_1906.jpg,0,normal,multimodal_concrete_crack_audio,train
dataset/multimodal-concrete-crack-detection-dataset/audio/negative/neg_audio_1033.wav,dataset/multimodal-concrete-crack-detection-dataset/image/negative/neg_img_1033.jpg,0,normal,multimodal_concrete_crack_audio,test
dataset/multimodal-concrete-crack-detection-dataset/audio/negative/neg_audio_981.wav,dataset/multimodal-concrete-crack-detection-dataset/image/negative/neg_img_981.jpg,0,normal,multimodal_concrete_crack_audio,train
dataset/multimodal-concrete-crack-detection-dataset/audio/negative/neg_audio_2200.wav,dataset/multimodal-concrete-crack-detection-dataset/image/negative/neg_img_2200.jpg,0,normal,multimodal_concrete_crack_audio,train
dataset/multimodal-concrete-crack-detection-dataset/audio/positive/pos_audio_406.wav,dataset/multimodal-concrete-crack-detection-dataset/image/positive/pos_img_406.jpg,1,acoustic_abnormal,multimodal_concrete_crack_audio,test
dataset/multimodal-concrete-crack-detection-dataset/audio/negative/neg_audio_2232.wav,dataset/multimodal-concrete-crack-detection-dataset/image/negative/neg_img_2232.jpg,0,normal,multimodal_concrete_crack_audio,train
dataset/multimodal-concrete-crack-detection-dataset/audio/negative/neg_audio_2351.wav,dataset/multimodal-concrete-crack-detection-dataset/image/negative/neg_img_2351.jpg,0,normal,multimodal_concrete_crack_audio,val
dataset/multimodal-concrete-crack-detection-dataset/audio/positive/pos_audio_389.wav,dataset/multimodal-concrete-crack-detection-dataset/image/positive/pos_img_389.jpg,1,acoustic_abnormal,multimodal_concrete_crack_audio,train
dataset/multimodal-concrete-crack-detection-dataset/audio/negative/neg_audio_2627.wav,dataset/multimodal-concrete-crack-detection-dataset/image/negative/neg_img_2627.jpg,0,normal,multimodal_concrete_crack_audio,train
dataset/multimodal-concrete-crack-detection-dataset/audio/positive/pos_audio_809.wav,dataset/multimodal-concrete-crack-detection-dataset/image/positive/pos_img_809.jpg,1,acoustic_abnormal,multimodal_concrete_crack_audio,train
dataset/multimodal-concrete-crack-detection-dataset/audio/negative/neg_audio_718.wav,dataset/multimodal-concrete-crack-detection-dataset/image/negative/neg_img_718.jpg,0,normal,multimodal_concrete_crack_audio,train
dataset/multimodal-concrete-crack-detection-dataset/audio/negative/neg_audio_2254.wav,dataset/multimodal-concrete-crack-detection-dataset/image/negative/neg_img_2254.jpg,0,normal,multimodal_concrete_crack_audio,train
dataset/multimodal-concrete-crack-detection-dataset/audio/negative/neg_audio_2718.wav,dataset/multimodal-concrete-crack-detection-dataset/image/negative/neg_img_2718.jpg,0,normal,multimodal_concrete_crack_audio,train
dataset/multimodal-concrete-crack-detection-dataset/audio/negative/neg_audio_1535.wav,dataset/multimodal-concrete-crack-detection-dataset/image/negative/neg_img_1535.jpg,0,normal,multimodal_concrete_crack_audio,train
dataset/multimodal-concrete-crack-detection-dataset/audio/negative/neg_audio_2338.wav,dataset/multimodal-concrete-crack-detection-dataset/image/negative/neg_img_2338.jpg,0,normal,multimodal_concrete_crack_audio,train
dataset/multimodal-concrete-crack-detection-dataset/audio/negative/neg_audio_2256.wav,dataset/multimodal-concrete-crack-detection-dataset/image/negative/neg_img_2256.jpg,0,normal,multimodal_concrete_crack_audio,train
dataset/multimodal-concrete-crack-detection-dataset/audio/negative/neg_audio_2483.wav,dataset/multimodal-concrete-crack-detection-dataset/image/negative/neg_img_2483.jpg,0,normal,multimodal_concrete_crack_audio,val
dataset/multimodal-concrete-crack-detection-dataset/audio/positive/pos_audio_67.wav,dataset/multimodal-concrete-crack-detection-dataset/image/positive/pos_img_67.jpg,1,acoustic_abnormal,multimodal_concrete_crack_audio,train
dataset/multimodal-concrete-crack-detection-dataset/audio/positive/pos_audio_240.wav,dataset/multimodal-concrete-crack-detection-dataset/image/positive/pos_img_240.jpg,1,acoustic_abnormal,multimodal_concrete_crack_audio,train
dataset/multimodal-concrete-crack-detection-dataset/audio/negative/neg_audio_2428.wav,dataset/multimodal-concrete-crack-detection-dataset/image/negative/neg_img_2428.jpg,0,normal,multimodal_concrete_crack_audio,val
dataset/multimodal-concrete-crack-detection-dataset/audio/negative/neg_audio_2057.wav,dataset/multimodal-concrete-crack-detection-dataset/image/negative/neg_img_2057.jpg,0,normal,multimodal_concrete_crack_audio,train
dataset/multimodal-concrete-crack-detection-dataset/audio/negative/neg_audio_1333.wav,dataset/multimodal-concrete-crack-detection-dataset/image/negative/neg_img_1333.jpg,0,normal,multimodal_concrete_crack_audio,train
dataset/multimodal-concrete-crack-detection-dataset/audio/positive/pos_audio_369.wav,dataset/multimodal-concrete-crack-detection-dataset/image/positive/pos_img_369.jpg,1,acoustic_abnormal,multimodal_concrete_crack_audio,val
dataset/multimodal-concrete-crack-detection-dataset/audio/negative/neg_audio_878.wav,dataset/multimodal-concrete-crack-detection-dataset/image/negative/neg_img_878.jpg,0,normal,multimodal_concrete_crack_audio,train
dataset/multimodal-concrete-crack-detection-dataset/audio/negative/neg_audio_3151.wav,dataset/multimodal-concrete-crack-detection-dataset/image/negative/neg_img_3151.jpg,0,normal,multimodal_concrete_crack_audio,val
dataset/multimodal-concrete-crack-detection-dataset/audio/negative/neg_audio_1280.wav,dataset/multimodal-concrete-crack-detection-dataset/image/negative/neg_img_1280.jpg,0,normal,multimodal_concrete_crack_audio,val
dataset/multimodal-concrete-crack-detection-dataset/audio/negative/neg_audio_1074.wav,dataset/multimodal-concrete-crack-detection-dataset/image/negative/neg_img_1074.jpg,0,normal,multimodal_concrete_crack_audio,train
dataset/multimodal-concrete-crack-detection-dataset/audio/negative/neg_audio_2594.wav,dataset/multimodal-concrete-crack-detection-dataset/image/negative/neg_img_2594.jpg,0,normal,multimodal_concrete_crack_audio,train
dataset/multimodal-concrete-crack-detection-dataset/audio/negative/neg_audio_7.wav,dataset/multimodal-concrete-crack-detection-dataset/image/negative/neg_img_7.jpg,0,normal,multimodal_concrete_crack_audio,train
dataset/multimodal-concrete-crack-detection-dataset/audio/negative/neg_audio_16.wav,dataset/multimodal-concrete-crack-detection-dataset/image/negative/neg_img_16.jpg,0,normal,multimodal_concrete_crack_audio,train
dataset/multimodal-concrete-crack-detection-dataset/audio/negative/neg_audio_1335.wav,dataset/multimodal-concrete-crack-detection-dataset/image/negative/neg_img_1335.jpg,0,normal,multimodal_concrete_crack_audio,train
dataset/multimodal-concrete-crack-detection-dataset/audio/negative/neg_audio_1544.wav,dataset/multimodal-concrete-crack-detection-dataset/image/negative/neg_img_1544.jpg,0,normal,multimodal_concrete_crack_audio,train
dataset/multimodal-concrete-crack-detection-dataset/audio/negative/neg_audio_2550.wav,dataset/multimodal-concrete-crack-detection-dataset/image/negative/neg_img_2550.jpg,0,normal,multimodal_concrete_crack_audio,train
dataset/multimodal-concrete-crack-detection-dataset/audio/positive/pos_audio_176.wav,dataset/multimodal-concrete-crack-detection-dataset/image/positive/pos_img_176.jpg,1,acoustic_abnormal,multimodal_concrete_crack_audio,train
dataset/multimodal-concrete-crack-detection-dataset/audio/negative/neg_audio_261.wav,dataset/multimodal-concrete-crack-detection-dataset/image/negative/neg_img_261.jpg,0,normal,multimodal_concrete_crack_audio,val
dataset/multimodal-concrete-crack-detection-dataset/audio/negative/neg_audio_2237.wav,dataset/multimodal-concrete-crack-detection-dataset/image/negative/neg_img_2237.jpg,0,normal,multimodal_concrete_crack_audio,train
dataset/multimodal-concrete-crack-detection-dataset/audio/negative/neg_audio_1975.wav,dataset/multimodal-concrete-crack-detection-dataset/image/negative/neg_img_1975.jpg,0,normal,multimodal_concrete_crack_audio,train
dataset/multimodal-concrete-crack-detection-dataset/audio/positive/pos_audio_29.wav,dataset/multimodal-concrete-crack-detection-dataset/image/positive/pos_img_29.jpg,1,acoustic_abnormal,multimodal_concrete_crack_audio,val
dataset/multimodal-concrete-crack-detection-dataset/audio/negative/neg_audio_1493.wav,dataset/multimodal-concrete-crack-detection-dataset/image/negative/neg_img_1493.jpg,0,normal,multimodal_concrete_crack_audio,train
dataset/multimodal-concrete-crack-detection-dataset/audio/positive/pos_audio_164.wav,dataset/multimodal-concrete-crack-detection-dataset/image/positive/pos_img_164.jpg,1,acoustic_abnormal,multimodal_concrete_crack_audio,train
dataset/multimodal-concrete-crack-detection-dataset/audio/negative/neg_audio_215.wav,dataset/multimodal-concrete-crack-detection-dataset/image/negative/neg_img_215.jpg,0,normal,multimodal_concrete_crack_audio,val
dataset/multimodal-concrete-crack-detection-dataset/audio/negative/neg_audio_195.wav,dataset/multimodal-concrete-crack-detection-dataset/image/negative/neg_img_195.jpg,0,normal,multimodal_concrete_crack_audio,train
dataset/multimodal-concrete-crack-detection-dataset/audio/negative/neg_audio_2122.wav,dataset/multimodal-concrete-crack-detection-dataset/image/negative/neg_img_2122.jpg,0,normal,multimodal_concrete_crack_audio,train
dataset/multimodal-concrete-crack-detection-dataset/audio/positive/pos_audio_166.wav,dataset/multimodal-concrete-crack-detection-dataset/image/positive/pos_img_166.jpg,1,acoustic_abnormal,multimodal_concrete_crack_audio,val
dataset/multimodal-concrete-crack-detection-dataset/audio/positive/pos_audio_814.wav,dataset/multimodal-concrete-crack-detection-dataset/image/positive/pos_img_814.jpg,1,acoustic_abnormal,multimodal_concrete_crack_audio,train
dataset/multimodal-concrete-crack-detection-dataset/audio/negative/neg_audio_2089.wav,dataset/multimodal-concrete-crack-detection-dataset/image/negative/neg_img_2089.jpg,0,normal,multimodal_concrete_crack_audio,test
dataset/multimodal-concrete-crack-detection-dataset/audio/negative/neg_audio_619.wav,dataset/multimodal-concrete-crack-detection-dataset/image/negative/neg_img_619.jpg,0,normal,multimodal_concrete_crack_audio,train
dataset/multimodal-concrete-crack-detection-dataset/audio/negative/neg_audio_1559.wav,dataset/multimodal-concrete-crack-detection-dataset/image/negative/neg_img_1559.jpg,0,normal,multimodal_concrete_crack_audio,val
dataset/multimodal-concrete-crack-detection-dataset/audio/negative/neg_audio_500.wav,dataset/multimodal-concrete-crack-detection-dataset/image/negative/neg_img_500.jpg,0,normal,multimodal_concrete_crack_audio,train
dataset/multimodal-concrete-crack-detection-dataset/audio/negative/neg_audio_1255.wav,dataset/multimodal-concrete-crack-detection-dataset/image/negative/neg_img_1255.jpg,0,normal,multimodal_concrete_crack_audio,val
dataset/multimodal-concrete-crack-detection-dataset/audio/negative/neg_audio_2822.wav,dataset/multimodal-concrete-crack-detection-dataset/image/negative/neg_img_2822.jpg,0,normal,multimodal_concrete_crack_audio,val
dataset/multimodal-concrete-crack-detection-dataset/audio/positive/pos_audio_111.wav,dataset/multimodal-concrete-crack-detection-dataset/image/positive/pos_img_111.jpg,1,acoustic_abnormal,multimodal_concrete_crack_audio,val
dataset/multimodal-concrete-crack-detection-dataset/audio/negative/neg_audio_1390.wav,dataset/multimodal-concrete-crack-detection-dataset/image/negative/neg_img_1390.jpg,0,normal,multimodal_concrete_crack_audio,train
dataset/multimodal-concrete-crack-detection-dataset/audio/negative/neg_audio_166.wav,dataset/multimodal-concrete-crack-detection-dataset/image/negative/neg_img_166.jpg,0,normal,multimodal_concrete_crack_audio,train
dataset/multimodal-concrete-crack-detection-dataset/audio/negative/neg_audio_1321.wav,dataset/multimodal-concrete-crack-detection-dataset/image/negative/neg_img_1321.jpg,0,normal,multimodal_concrete_crack_audio,val
dataset/multimodal-concrete-crack-detection-dataset/audio/negative/neg_audio_2038.wav,dataset/multimodal-concrete-crack-detection-dataset/image/negative/neg_img_2038.jpg,0,normal,multimodal_concrete_crack_audio,train
dataset/multimodal-concrete-crack-detection-dataset/audio/negative/neg_audio_2517.wav,dataset/multimodal-concrete-crack-detection-dataset/image/negative/neg_img_2517.jpg,0,normal,multimodal_concrete_crack_audio,val
dataset/multimodal-concrete-crack-detection-dataset/audio/negative/neg_audio_1639.wav,dataset/multimodal-concrete-crack-detection-dataset/image/negative/neg_img_1639.jpg,0,normal,multimodal_concrete_crack_audio,train
dataset/multimodal-concrete-crack-detection-dataset/audio/negative/neg_audio_2847.wav,dataset/multimodal-concrete-crack-detection-dataset/image/negative/neg_img_2847.jpg,0,normal,multimodal_concrete_crack_audio,val
dataset/multimodal-concrete-crack-detection-dataset/audio/negative/neg_audio_2341.wav,dataset/multimodal-concrete-crack-detection-dataset/image/negative/neg_img_2341.jpg,0,normal,multimodal_concrete_crack_audio,train
dataset/multimodal-concrete-crack-detection-dataset/audio/negative/neg_audio_1597.wav,dataset/multimodal-concrete-crack-detection-dataset/image/negative/neg_img_1597.jpg,0,normal,multimodal_concrete_crack_audio,train
dataset/multimodal-concrete-crack-detection-dataset/audio/negative/neg_audio_992.wav,dataset/multimodal-concrete-crack-detection-dataset/image/negative/neg_img_992.jpg,0,normal,multimodal_concrete_crack_audio,test
dataset/multimodal-concrete-crack-detection-dataset/audio/positive/pos_audio_525.wav,dataset/multimodal-concrete-crack-detection-dataset/image/positive/pos_img_525.jpg,1,acoustic_abnormal,multimodal_concrete_crack_audio,train
dataset/multimodal-concrete-crack-detection-dataset/audio/positive/pos_audio_209.wav,dataset/multimodal-concrete-crack-detection-dataset/image/positive/pos_img_209.jpg,1,acoustic_abnormal,multimodal_concrete_crack_audio,train
dataset/multimodal-concrete-crack-detection-dataset/audio/negative/neg_audio_834.wav,dataset/multimodal-concrete-crack-detection-dataset/image/negative/neg_img_834.jpg,0,normal,multimodal_concrete_crack_audio,train
dataset/multimodal-concrete-crack-detection-dataset/audio/negative/neg_audio_1457.wav,dataset/multimodal-concrete-crack-detection-dataset/image/negative/neg_img_1457.jpg,0,normal,multimodal_concrete_crack_audio,val
dataset/multimodal-concrete-crack-detection-dataset/audio/negative/neg_audio_1326.wav,dataset/multimodal-concrete-crack-detection-dataset/image/negative/neg_img_1326.jpg,0,normal,multimodal_concrete_crack_audio,train
dataset/multimodal-concrete-crack-detection-dataset/audio/negative/neg_audio_2967.wav,dataset/multimodal-concrete-crack-detection-dataset/image/negative/neg_img_2967.jpg,0,normal,multimodal_concrete_crack_audio,train
dataset/multimodal-concrete-crack-detection-dataset/audio/positive/pos_audio_586.wav,dataset/multimodal-concrete-crack-detection-dataset/image/positive/pos_img_586.jpg,1,acoustic_abnormal,multimodal_concrete_crack_audio,train
dataset/multimodal-concrete-crack-detection-dataset/audio/positive/pos_audio_825.wav,dataset/multimodal-concrete-crack-detection-dataset/image/positive/pos_img_825.jpg,1,acoustic_abnormal,multimodal_concrete_crack_audio,train
dataset/multimodal-concrete-crack-detection-dataset/audio/negative/neg_audio_2773.wav,dataset/multimodal-concrete-crack-detection-dataset/image/negative/neg_img_2773.jpg,0,normal,multimodal_concrete_crack_audio,train
dataset/multimodal-concrete-crack-detection-dataset/audio/negative/neg_audio_2731.wav,dataset/multimodal-concrete-crack-detection-dataset/image/negative/neg_img_2731.jpg,0,normal,multimodal_concrete_crack_audio,train
dataset/multimodal-concrete-crack-detection-dataset/audio/positive/pos_audio_461.wav,dataset/multimodal-concrete-crack-detection-dataset/image/positive/pos_img_461.jpg,1,acoustic_abnormal,multimodal_concrete_crack_audio,test
dataset/multimodal-concrete-crack-detection-dataset/audio/positive/pos_audio_606.wav,dataset/multimodal-concrete-crack-detection-dataset/image/positive/pos_img_606.jpg,1,acoustic_abnormal,multimodal_concrete_crack_audio,train
dataset/multimodal-concrete-crack-detection-dataset/audio/negative/neg_audio_3065.wav,dataset/multimodal-concrete-crack-detection-dataset/image/negative/neg_img_3065.jpg,0,normal,multimodal_concrete_crack_audio,train
dataset/multimodal-concrete-crack-detection-dataset/audio/negative/neg_audio_1256.wav,dataset/multimodal-concrete-crack-detection-dataset/image/negative/neg_img_1256.jpg,0,normal,multimodal_concrete_crack_audio,train
dataset/multimodal-concrete-crack-detection-dataset/audio/negative/neg_audio_909.wav,dataset/multimodal-concrete-crack-detection-dataset/image/negative/neg_img_909.jpg,0,normal,multimodal_concrete_crack_audio,test
dataset/multimodal-concrete-crack-detection-dataset/audio/positive/pos_audio_808.wav,dataset/multimodal-concrete-crack-detection-dataset/image/positive/pos_img_808.jpg,1,acoustic_abnormal,multimodal_concrete_crack_audio,test
dataset/multimodal-concrete-crack-detection-dataset/audio/negative/neg_audio_1429.wav,dataset/multimodal-concrete-crack-detection-dataset/image/negative/neg_img_1429.jpg,0,normal,multimodal_concrete_crack_audio,train
dataset/multimodal-concrete-crack-detection-dataset/audio/negative/neg_audio_1646.wav,dataset/multimodal-concrete-crack-detection-dataset/image/negative/neg_img_1646.jpg,0,normal,multimodal_concrete_crack_audio,test
dataset/multimodal-concrete-crack-detection-dataset/audio/positive/pos_audio_295.wav,dataset/multimodal-concrete-crack-detection-dataset/image/positive/pos_img_295.jpg,1,acoustic_abnormal,multimodal_concrete_crack_audio,train
dataset/multimodal-concrete-crack-detection-dataset/audio/negative/neg_audio_281.wav,dataset/multimodal-concrete-crack-detection-dataset/image/negative/neg_img_281.jpg,0,normal,multimodal_concrete_crack_audio,train
dataset/multimodal-concrete-crack-detection-dataset/audio/negative/neg_audio_2293.wav,dataset/multimodal-concrete-crack-detection-dataset/image/negative/neg_img_2293.jpg,0,normal,multimodal_concrete_crack_audio,train
dataset/multimodal-concrete-crack-detection-dataset/audio/positive/pos_audio_802.wav,dataset/multimodal-concrete-crack-detection-dataset/image/positive/pos_img_802.jpg,1,acoustic_abnormal,multimodal_concrete_crack_audio,train
dataset/multimodal-concrete-crack-detection-dataset/audio/negative/neg_audio_444.wav,dataset/multimodal-concrete-crack-detection-dataset/image/negative/neg_img_444.jpg,0,normal,multimodal_concrete_crack_audio,train
dataset/multimodal-concrete-crack-detection-dataset/audio/negative/neg_audio_2726.wav,dataset/multimodal-concrete-crack-detection-dataset/image/negative/neg_img_2726.jpg,0,normal,multimodal_concrete_crack_audio,train
dataset/multimodal-concrete-crack-detection-dataset/audio/negative/neg_audio_2590.wav,dataset/multimodal-concrete-crack-detection-dataset/image/negative/neg_img_2590.jpg,0,normal,multimodal_concrete_crack_audio,val
dataset/multimodal-concrete-crack-detection-dataset/audio/negative/neg_audio_1902.wav,dataset/multimodal-concrete-crack-detection-dataset/image/negative/neg_img_1902.jpg,0,normal,multimodal_concrete_crack_audio,train
dataset/multimodal-concrete-crack-detection-dataset/audio/negative/neg_audio_1253.wav,dataset/multimodal-concrete-crack-detection-dataset/image/negative/neg_img_1253.jpg,0,normal,multimodal_concrete_crack_audio,train
dataset/multimodal-concrete-crack-detection-dataset/audio/negative/neg_audio_2606.wav,dataset/multimodal-concrete-crack-detection-dataset/image/negative/neg_img_2606.jpg,0,normal,multimodal_concrete_crack_audio,train
dataset/multimodal-concrete-crack-detection-dataset/audio/negative/neg_audio_3167.wav,dataset/multimodal-concrete-crack-detection-dataset/image/negative/neg_img_3167.jpg,0,normal,multimodal_concrete_crack_audio,test
dataset/multimodal-concrete-crack-detection-dataset/audio/negative/neg_audio_2453.wav,dataset/multimodal-concrete-crack-detection-dataset/image/negative/neg_img_2453.jpg,0,normal,multimodal_concrete_crack_audio,train
dataset/multimodal-concrete-crack-detection-dataset/audio/negative/neg_audio_3198.wav,dataset/multimodal-concrete-crack-detection-dataset/image/negative/neg_img_3198.jpg,0,normal,multimodal_concrete_crack_audio,train
dataset/multimodal-concrete-crack-detection-dataset/audio/negative/neg_audio_1309.wav,dataset/multimodal-concrete-crack-detection-dataset/image/negative/neg_img_1309.jpg,0,normal,multimodal_concrete_crack_audio,train
dataset/multimodal-concrete-crack-detection-dataset/audio/negative/neg_audio_670.wav,dataset/multimodal-concrete-crack-detection-dataset/image/negative/neg_img_670.jpg,0,normal,multimodal_concrete_crack_audio,train
dataset/multimodal-concrete-crack-detection-dataset/audio/negative/neg_audio_141.wav,dataset/multimodal-concrete-crack-detection-dataset/image/negative/neg_img_141.jpg,0,normal,multimodal_concrete_crack_audio,val
dataset/multimodal-concrete-crack-detection-dataset/audio/negative/neg_audio_713.wav,dataset/multimodal-concrete-crack-detection-dataset/image/negative/neg_img_713.jpg,0,normal,multimodal_concrete_crack_audio,train
dataset/multimodal-concrete-crack-detection-dataset/audio/negative/neg_audio_260.wav,dataset/multimodal-concrete-crack-detection-dataset/image/negative/neg_img_260.jpg,0,normal,multimodal_concrete_crack_audio,train
dataset/multimodal-concrete-crack-detection-dataset/audio/negative/neg_audio_80.wav,dataset/multimodal-concrete-crack-detection-dataset/image/negative/neg_img_80.jpg,0,normal,multimodal_concrete_crack_audio,train
dataset/multimodal-concrete-crack-detection-dataset/audio/negative/neg_audio_1437.wav,dataset/multimodal-concrete-crack-detection-dataset/image/negative/neg_img_1437.jpg,0,normal,multimodal_concrete_crack_audio,train
dataset/multimodal-concrete-crack-detection-dataset/audio/negative/neg_audio_206.wav,dataset/multimodal-concrete-crack-detection-dataset/image/negative/neg_img_206.jpg,0,normal,multimodal_concrete_crack_audio,train
dataset/multimodal-concrete-crack-detection-dataset/audio/positive/pos_audio_795.wav,dataset/multimodal-concrete-crack-detection-dataset/image/positive/pos_img_795.jpg,1,acoustic_abnormal,multimodal_concrete_crack_audio,train
dataset/multimodal-concrete-crack-detection-dataset/audio/negative/neg_audio_2055.wav,dataset/multimodal-concrete-crack-detection-dataset/image/negative/neg_img_2055.jpg,0,normal,multimodal_concrete_crack_audio,train
dataset/multimodal-concrete-crack-detection-dataset/audio/negative/neg_audio_1755.wav,dataset/multimodal-concrete-crack-detection-dataset/image/negative/neg_img_1755.jpg,0,normal,multimodal_concrete_crack_audio,train
dataset/multimodal-concrete-crack-detection-dataset/audio/negative/neg_audio_2952.wav,dataset/multimodal-concrete-crack-detection-dataset/image/negative/neg_img_2952.jpg,0,normal,multimodal_concrete_crack_audio,train
dataset/multimodal-concrete-crack-detection-dataset/audio/negative/neg_audio_2026.wav,dataset/multimodal-concrete-crack-detection-dataset/image/negative/neg_img_2026.jpg,0,normal,multimodal_concrete_crack_audio,train
dataset/multimodal-concrete-crack-detection-dataset/audio/positive/pos_audio_10.wav,dataset/multimodal-concrete-crack-detection-dataset/image/positive/pos_img_10.jpg,1,acoustic_abnormal,multimodal_concrete_crack_audio,test
dataset/multimodal-concrete-crack-detection-dataset/audio/negative/neg_audio_726.wav,dataset/multimodal-concrete-crack-detection-dataset/image/negative/neg_img_726.jpg,0,normal,multimodal_concrete_crack_audio,train
dataset/multimodal-concrete-crack-detection-dataset/audio/negative/neg_audio_2113.wav,dataset/multimodal-concrete-crack-detection-dataset/image/negative/neg_img_2113.jpg,0,normal,multimodal_concrete_crack_audio,test
dataset/multimodal-concrete-crack-detection-dataset/audio/negative/neg_audio_2653.wav,dataset/multimodal-concrete-crack-detection-dataset/image/negative/neg_img_2653.jpg,0,normal,multimodal_concrete_crack_audio,train
dataset/multimodal-concrete-crack-detection-dataset/audio/negative/neg_audio_1812.wav,dataset/multimodal-concrete-crack-detection-dataset/image/negative/neg_img_1812.jpg,0,normal,multimodal_concrete_crack_audio,train
dataset/multimodal-concrete-crack-detection-dataset/audio/negative/neg_audio_456.wav,dataset/multimodal-concrete-crack-detection-dataset/image/negative/neg_img_456.jpg,0,normal,multimodal_concrete_crack_audio,train
dataset/multimodal-concrete-crack-detection-dataset/audio/negative/neg_audio_3157.wav,dataset/multimodal-concrete-crack-detection-dataset/image/negative/neg_img_3157.jpg,0,normal,multimodal_concrete_crack_audio,val
dataset/multimodal-concrete-crack-detection-dataset/audio/negative/neg_audio_3183.wav,dataset/multimodal-concrete-crack-detection-dataset/image/negative/neg_img_3183.jpg,0,normal,multimodal_concrete_crack_audio,train
dataset/multimodal-concrete-crack-detection-dataset/audio/negative/neg_audio_874.wav,dataset/multimodal-concrete-crack-detection-dataset/image/negative/neg_img_874.jpg,0,normal,multimodal_concrete_crack_audio,train
dataset/multimodal-concrete-crack-detection-dataset/audio/negative/neg_audio_1541.wav,dataset/multimodal-concrete-crack-detection-dataset/image/negative/neg_img_1541.jpg,0,normal,multimodal_concrete_crack_audio,train
dataset/multimodal-concrete-crack-detection-dataset/audio/positive/pos_audio_853.wav,dataset/multimodal-concrete-crack-detection-dataset/image/positive/pos_img_853.jpg,1,acoustic_abnormal,multimodal_concrete_crack_audio,train
dataset/multimodal-concrete-crack-detection-dataset/audio/negative/neg_audio_17.wav,dataset/multimodal-concrete-crack-detection-dataset/image/negative/neg_img_17.jpg,0,normal,multimodal_concrete_crack_audio,train
dataset/multimodal-concrete-crack-detection-dataset/audio/negative/neg_audio_2088.wav,dataset/multimodal-concrete-crack-detection-dataset/image/negative/neg_img_2088.jpg,0,normal,multimodal_concrete_crack_audio,test
dataset/multimodal-concrete-crack-detection-dataset/audio/negative/neg_audio_2622.wav,dataset/multimodal-concrete-crack-detection-dataset/image/negative/neg_img_2622.jpg,0,normal,multimodal_concrete_crack_audio,train
dataset/multimodal-concrete-crack-detection-dataset/audio/positive/pos_audio_158.wav,dataset/multimodal-concrete-crack-detection-dataset/image/positive/pos_img_158.jpg,1,acoustic_abnormal,multimodal_concrete_crack_audio,train
dataset/multimodal-concrete-crack-detection-dataset/audio/negative/neg_audio_3030.wav,dataset/multimodal-concrete-crack-detection-dataset/image/negative/neg_img_3030.jpg,0,normal,multimodal_concrete_crack_audio,train
dataset/multimodal-concrete-crack-detection-dataset/audio/positive/pos_audio_138.wav,dataset/multimodal-concrete-crack-detection-dataset/image/positive/pos_img_138.jpg,1,acoustic_abnormal,multimodal_concrete_crack_audio,test
dataset/multimodal-concrete-crack-detection-dataset/audio/negative/neg_audio_2276.wav,dataset/multimodal-concrete-crack-detection-dataset/image/negative/neg_img_2276.jpg,0,normal,multimodal_concrete_crack_audio,train
dataset/multimodal-concrete-crack-detection-dataset/audio/negative/neg_audio_885.wav,dataset/multimodal-concrete-crack-detection-dataset/image/negative/neg_img_885.jpg,0,normal,multimodal_concrete_crack_audio,train
dataset/multimodal-concrete-crack-detection-dataset/audio/negative/neg_audio_929.wav,dataset/multimodal-concrete-crack-detection-dataset/image/negative/neg_img_929.jpg,0,normal,multimodal_concrete_crack_audio,train
dataset/multimodal-concrete-crack-detection-dataset/audio/negative/neg_audio_2797.wav,dataset/multimodal-concrete-crack-detection-dataset/image/negative/neg_img_2797.jpg,0,normal,multimodal_concrete_crack_audio,test
dataset/multimodal-concrete-crack-detection-dataset/audio/negative/neg_audio_372.wav,dataset/multimodal-concrete-crack-detection-dataset/image/negative/neg_img_372.jpg,0,normal,multimodal_concrete_crack_audio,val
dataset/multimodal-concrete-crack-detection-dataset/audio/negative/neg_audio_2230.wav,dataset/multimodal-concrete-crack-detection-dataset/image/negative/neg_img_2230.jpg,0,normal,multimodal_concrete_crack_audio,test
dataset/multimodal-concrete-crack-detection-dataset/audio/negative/neg_audio_676.wav,dataset/multimodal-concrete-crack-detection-dataset/image/negative/neg_img_676.jpg,0,normal,multimodal_concrete_crack_audio,train
dataset/multimodal-concrete-crack-detection-dataset/audio/negative/neg_audio_311.wav,dataset/multimodal-concrete-crack-detection-dataset/image/negative/neg_img_311.jpg,0,normal,multimodal_concrete_crack_audio,train
dataset/multimodal-concrete-crack-detection-dataset/audio/negative/neg_audio_1672.wav,dataset/multimodal-concrete-crack-detection-dataset/image/negative/neg_img_1672.jpg,0,normal,multimodal_concrete_crack_audio,train
dataset/multimodal-concrete-crack-detection-dataset/audio/negative/neg_audio_3026.wav,dataset/multimodal-concrete-crack-detection-dataset/image/negative/neg_img_3026.jpg,0,normal,multimodal_concrete_crack_audio,train
dataset/multimodal-concrete-crack-detection-dataset/audio/positive/pos_audio_550.wav,dataset/multimodal-concrete-crack-detection-dataset/image/positive/pos_img_550.jpg,1,acoustic_abnormal,multimodal_concrete_crack_audio,test
dataset/multimodal-concrete-crack-detection-dataset/audio/negative/neg_audio_1829.wav,dataset/multimodal-concrete-crack-detection-dataset/image/negative/neg_img_1829.jpg,0,normal,multimodal_concrete_crack_audio,train
dataset/multimodal-concrete-crack-detection-dataset/audio/negative/neg_audio_1308.wav,dataset/multimodal-concrete-crack-detection-dataset/image/negative/neg_img_1308.jpg,0,normal,multimodal_concrete_crack_audio,train
dataset/multimodal-concrete-crack-detection-dataset/audio/negative/neg_audio_2475.wav,dataset/multimodal-concrete-crack-detection-dataset/image/negative/neg_img_2475.jpg,0,normal,multimodal_concrete_crack_audio,test
dataset/multimodal-concrete-crack-detection-dataset/audio/negative/neg_audio_1125.wav,dataset/multimodal-concrete-crack-detection-dataset/image/negative/neg_img_1125.jpg,0,normal,multimodal_concrete_crack_audio,train
dataset/multimodal-concrete-crack-detection-dataset/audio/negative/neg_audio_2257.wav,dataset/multimodal-concrete-crack-detection-dataset/image/negative/neg_img_2257.jpg,0,normal,multimodal_concrete_crack_audio,train
dataset/multimodal-concrete-crack-detection-dataset/audio/negative/neg_audio_1051.wav,dataset/multimodal-concrete-crack-detection-dataset/image/negative/neg_img_1051.jpg,0,normal,multimodal_concrete_crack_audio,train
dataset/multimodal-concrete-crack-detection-dataset/audio/negative/neg_audio_1430.wav,dataset/multimodal-concrete-crack-detection-dataset/image/negative/neg_img_1430.jpg,0,normal,multimodal_concrete_crack_audio,train
dataset/multimodal-concrete-crack-detection-dataset/audio/negative/neg_audio_1576.wav,dataset/multimodal-concrete-crack-detection-dataset/image/negative/neg_img_1576.jpg,0,normal,multimodal_concrete_crack_audio,val
dataset/multimodal-concrete-crack-detection-dataset/audio/negative/neg_audio_230.wav,dataset/multimodal-concrete-crack-detection-dataset/image/negative/neg_img_230.jpg,0,normal,multimodal_concrete_crack_audio,val
dataset/multimodal-concrete-crack-detection-dataset/audio/negative/neg_audio_188.wav,dataset/multimodal-concrete-crack-detection-dataset/image/negative/neg_img_188.jpg,0,normal,multimodal_concrete_crack_audio,train
dataset/multimodal-concrete-crack-detection-dataset/audio/negative/neg_audio_154.wav,dataset/multimodal-concrete-crack-detection-dataset/image/negative/neg_img_154.jpg,0,normal,multimodal_concrete_crack_audio,train
dataset/multimodal-concrete-crack-detection-dataset/audio/negative/neg_audio_1351.wav,dataset/multimodal-concrete-crack-detection-dataset/image/negative/neg_img_1351.jpg,0,normal,multimodal_concrete_crack_audio,val
dataset/multimodal-concrete-crack-detection-dataset/audio/negative/neg_audio_1209.wav,dataset/multimodal-concrete-crack-detection-dataset/image/negative/neg_img_1209.jpg,0,normal,multimodal_concrete_crack_audio,train
dataset/multimodal-concrete-crack-detection-dataset/audio/positive/pos_audio_22.wav,dataset/multimodal-concrete-crack-detection-dataset/image/positive/pos_img_22.jpg,1,acoustic_abnormal,multimodal_concrete_crack_audio,train
dataset/multimodal-concrete-crack-detection-dataset/audio/positive/pos_audio_309.wav,dataset/multimodal-concrete-crack-detection-dataset/image/positive/pos_img_309.jpg,1,acoustic_abnormal,multimodal_concrete_crack_audio,train
dataset/multimodal-concrete-crack-detection-dataset/audio/negative/neg_audio_2025.wav,dataset/multimodal-concrete-crack-detection-dataset/image/negative/neg_img_2025.jpg,0,normal,multimodal_concrete_crack_audio,train
dataset/multimodal-concrete-crack-detection-dataset/audio/positive/pos_audio_608.wav,dataset/multimodal-concrete-crack-detection-dataset/image/positive/pos_img_608.jpg,1,acoustic_abnormal,multimodal_concrete_crack_audio,train
dataset/multimodal-concrete-crack-detection-dataset/audio/negative/neg_audio_65.wav,dataset/multimodal-concrete-crack-detection-dataset/image/negative/neg_img_65.jpg,0,normal,multimodal_concrete_crack_audio,test
dataset/multimodal-concrete-crack-detection-dataset/audio/negative/neg_audio_895.wav,dataset/multimodal-concrete-crack-detection-dataset/image/negative/neg_img_895.jpg,0,normal,multimodal_concrete_crack_audio,train
dataset/multimodal-concrete-crack-detection-dataset/audio/negative/neg_audio_33.wav,dataset/multimodal-concrete-crack-detection-dataset/image/negative/neg_img_33.jpg,0,normal,multimodal_concrete_crack_audio,val
dataset/multimodal-concrete-crack-detection-dataset/audio/negative/neg_audio_2977.wav,dataset/multimodal-concrete-crack-detection-dataset/image/negative/neg_img_2977.jpg,0,normal,multimodal_concrete_crack_audio,train
dataset/multimodal-concrete-crack-detection-dataset/audio/negative/neg_audio_1802.wav,dataset/multimodal-concrete-crack-detection-dataset/image/negative/neg_img_1802.jpg,0,normal,multimodal_concrete_crack_audio,train
dataset/multimodal-concrete-crack-detection-dataset/audio/negative/neg_audio_123.wav,dataset/multimodal-concrete-crack-detection-dataset/image/negative/neg_img_123.jpg,0,normal,multimodal_concrete_crack_audio,train
dataset/multimodal-concrete-crack-detection-dataset/audio/negative/neg_audio_2513.wav,dataset/multimodal-concrete-crack-detection-dataset/image/negative/neg_img_2513.jpg,0,normal,multimodal_concrete_crack_audio,train
dataset/multimodal-concrete-crack-detection-dataset/audio/negative/neg_audio_2856.wav,dataset/multimodal-concrete-crack-detection-dataset/image/negative/neg_img_2856.jpg,0,normal,multimodal_concrete_crack_audio,train
dataset/multimodal-concrete-crack-detection-dataset/audio/negative/neg_audio_3113.wav,dataset/multimodal-concrete-crack-detection-dataset/image/negative/neg_img_3113.jpg,0,normal,multimodal_concrete_crack_audio,val
dataset/multimodal-concrete-crack-detection-dataset/audio/negative/neg_audio_1617.wav,dataset/multimodal-concrete-crack-detection-dataset/image/negative/neg_img_1617.jpg,0,normal,multimodal_concrete_crack_audio,train
dataset/multimodal-concrete-crack-detection-dataset/audio/negative/neg_audio_2855.wav,dataset/multimodal-concrete-crack-detection-dataset/image/negative/neg_img_2855.jpg,0,normal,multimodal_concrete_crack_audio,train
dataset/multimodal-concrete-crack-detection-dataset/audio/negative/neg_audio_841.wav,dataset/multimodal-concrete-crack-detection-dataset/image/negative/neg_img_841.jpg,0,normal,multimodal_concrete_crack_audio,test
dataset/multimodal-concrete-crack-detection-dataset/audio/negative/neg_audio_2115.wav,dataset/multimodal-concrete-crack-detection-dataset/image/negative/neg_img_2115.jpg,0,normal,multimodal_concrete_crack_audio,test
dataset/multimodal-concrete-crack-detection-dataset/audio/negative/neg_audio_1349.wav,dataset/multimodal-concrete-crack-detection-dataset/image/negative/neg_img_1349.jpg,0,normal,multimodal_concrete_crack_audio,train
dataset/multimodal-concrete-crack-detection-dataset/audio/negative/neg_audio_1658.wav,dataset/multimodal-concrete-crack-detection-dataset/image/negative/neg_img_1658.jpg,0,normal,multimodal_concrete_crack_audio,train
dataset/multimodal-concrete-crack-detection-dataset/audio/negative/neg_audio_2846.wav,dataset/multimodal-concrete-crack-detection-dataset/image/negative/neg_img_2846.jpg,0,normal,multimodal_concrete_crack_audio,train
dataset/multimodal-concrete-crack-detection-dataset/audio/positive/pos_audio_99.wav,dataset/multimodal-concrete-crack-detection-dataset/image/positive/pos_img_99.jpg,1,acoustic_abnormal,multimodal_concrete_crack_audio,train
dataset/multimodal-concrete-crack-detection-dataset/audio/negative/neg_audio_3007.wav,dataset/multimodal-concrete-crack-detection-dataset/image/negative/neg_img_3007.jpg,0,normal,multimodal_concrete_crack_audio,train
dataset/multimodal-concrete-crack-detection-dataset/audio/negative/neg_audio_2597.wav,dataset/multimodal-concrete-crack-detection-dataset/image/negative/neg_img_2597.jpg,0,normal,multimodal_concrete_crack_audio,train
dataset/multimodal-concrete-crack-detection-dataset/audio/negative/neg_audio_1999.wav,dataset/multimodal-concrete-crack-detection-dataset/image/negative/neg_img_1999.jpg,0,normal,multimodal_concrete_crack_audio,train
dataset/multimodal-concrete-crack-detection-dataset/audio/negative/neg_audio_2492.wav,dataset/multimodal-concrete-crack-detection-dataset/image/negative/neg_img_2492.jpg,0,normal,multimodal_concrete_crack_audio,val
dataset/multimodal-concrete-crack-detection-dataset/audio/negative/neg_audio_1319.wav,dataset/multimodal-concrete-crack-detection-dataset/image/negative/neg_img_1319.jpg,0,normal,multimodal_concrete_crack_audio,test
dataset/multimodal-concrete-crack-detection-dataset/audio/negative/neg_audio_2957.wav,dataset/multimodal-concrete-crack-detection-dataset/image/negative/neg_img_2957.jpg,0,normal,multimodal_concrete_crack_audio,train
dataset/multimodal-concrete-crack-detection-dataset/audio/negative/neg_audio_657.wav,dataset/multimodal-concrete-crack-detection-dataset/image/negative/neg_img_657.jpg,0,normal,multimodal_concrete_crack_audio,train
dataset/multimodal-concrete-crack-detection-dataset/audio/negative/neg_audio_377.wav,dataset/multimodal-concrete-crack-detection-dataset/image/negative/neg_img_377.jpg,0,normal,multimodal_concrete_crack_audio,train
dataset/multimodal-concrete-crack-detection-dataset/audio/positive/pos_audio_377.wav,dataset/multimodal-concrete-crack-detection-dataset/image/positive/pos_img_377.jpg,1,acoustic_abnormal,multimodal_concrete_crack_audio,val
dataset/multimodal-concrete-crack-detection-dataset/audio/negative/neg_audio_913.wav,dataset/multimodal-concrete-crack-detection-dataset/image/negative/neg_img_913.jpg,0,normal,multimodal_concrete_crack_audio,val
dataset/multimodal-concrete-crack-detection-dataset/audio/positive/pos_audio_27.wav,dataset/multimodal-concrete-crack-detection-dataset/image/positive/pos_img_27.jpg,1,acoustic_abnormal,multimodal_concrete_crack_audio,train
dataset/multimodal-concrete-crack-detection-dataset/audio/negative/neg_audio_2551.wav,dataset/multimodal-concrete-crack-detection-dataset/image/negative/neg_img_2551.jpg,0,normal,multimodal_concrete_crack_audio,test
dataset/multimodal-concrete-crack-detection-dataset/audio/negative/neg_audio_3193.wav,dataset/multimodal-concrete-crack-detection-dataset/image/negative/neg_img_3193.jpg,0,normal,multimodal_concrete_crack_audio,train
dataset/multimodal-concrete-crack-detection-dataset/audio/negative/neg_audio_287.wav,dataset/multimodal-concrete-crack-detection-dataset/image/negative/neg_img_287.jpg,0,normal,multimodal_concrete_crack_audio,test
dataset/multimodal-concrete-crack-detection-dataset/audio/negative/neg_audio_44.wav,dataset/multimodal-concrete-crack-detection-dataset/image/negative/neg_img_44.jpg,0,normal,multimodal_concrete_crack_audio,train
dataset/multimodal-concrete-crack-detection-dataset/audio/positive/pos_audio_850.wav,dataset/multimodal-concrete-crack-detection-dataset/image/positive/pos_img_850.jpg,1,acoustic_abnormal,multimodal_concrete_crack_audio,val
dataset/multimodal-concrete-crack-detection-dataset/audio/negative/neg_audio_1087.wav,dataset/multimodal-concrete-crack-detection-dataset/image/negative/neg_img_1087.jpg,0,normal,multimodal_concrete_crack_audio,train
dataset/multimodal-concrete-crack-detection-dataset/audio/negative/neg_audio_533.wav,dataset/multimodal-concrete-crack-detection-dataset/image/negative/neg_img_533.jpg,0,normal,multimodal_concrete_crack_audio,test
dataset/multimodal-concrete-crack-detection-dataset/audio/negative/neg_audio_1119.wav,dataset/multimodal-concrete-crack-detection-dataset/image/negative/neg_img_1119.jpg,0,normal,multimodal_concrete_crack_audio,train
dataset/multimodal-concrete-crack-detection-dataset/audio/negative/neg_audio_2084.wav,dataset/multimodal-concrete-crack-detection-dataset/image/negative/neg_img_2084.jpg,0,normal,multimodal_concrete_crack_audio,train
dataset/multimodal-concrete-crack-detection-dataset/audio/negative/neg_audio_3173.wav,dataset/multimodal-concrete-crack-detection-dataset/image/negative/neg_img_3173.jpg,0,normal,multimodal_concrete_crack_audio,train
dataset/multimodal-concrete-crack-detection-dataset/audio/positive/pos_audio_89.wav,dataset/multimodal-concrete-crack-detection-dataset/image/positive/pos_img_89.jpg,1,acoustic_abnormal,multimodal_concrete_crack_audio,train
dataset/multimodal-concrete-crack-detection-dataset/audio/negative/neg_audio_180.wav,dataset/multimodal-concrete-crack-detection-dataset/image/negative/neg_img_180.jpg,0,normal,multimodal_concrete_crack_audio,train
dataset/multimodal-concrete-crack-detection-dataset/audio/negative/neg_audio_2510.wav,dataset/multimodal-concrete-crack-detection-dataset/image/negative/neg_img_2510.jpg,0,normal,multimodal_concrete_crack_audio,train
dataset/multimodal-concrete-crack-detection-dataset/audio/negative/neg_audio_612.wav,dataset/multimodal-concrete-crack-detection-dataset/image/negative/neg_img_612.jpg,0,normal,multimodal_concrete_crack_audio,train
dataset/multimodal-concrete-crack-detection-dataset/audio/negative/neg_audio_1973.wav,dataset/multimodal-concrete-crack-detection-dataset/image/negative/neg_img_1973.jpg,0,normal,multimodal_concrete_crack_audio,train
dataset/multimodal-concrete-crack-detection-dataset/audio/negative/neg_audio_2534.wav,dataset/multimodal-concrete-crack-detection-dataset/image/negative/neg_img_2534.jpg,0,normal,multimodal_concrete_crack_audio,train
dataset/multimodal-concrete-crack-detection-dataset/audio/negative/neg_audio_2758.wav,dataset/multimodal-concrete-crack-detection-dataset/image/negative/neg_img_2758.jpg,0,normal,multimodal_concrete_crack_audio,train
dataset/multimodal-concrete-crack-detection-dataset/audio/negative/neg_audio_1727.wav,dataset/multimodal-concrete-crack-detection-dataset/image/negative/neg_img_1727.jpg,0,normal,multimodal_concrete_crack_audio,train
dataset/multimodal-concrete-crack-detection-dataset/audio/negative/neg_audio_1543.wav,dataset/multimodal-concrete-crack-detection-dataset/image/negative/neg_img_1543.jpg,0,normal,multimodal_concrete_crack_audio,train
dataset/multimodal-concrete-crack-detection-dataset/audio/negative/neg_audio_2678.wav,dataset/multimodal-concrete-crack-detection-dataset/image/negative/neg_img_2678.jpg,0,normal,multimodal_concrete_crack_audio,train
dataset/multimodal-concrete-crack-detection-dataset/audio/negative/neg_audio_1214.wav,dataset/multimodal-concrete-crack-detection-dataset/image/negative/neg_img_1214.jpg,0,normal,multimodal_concrete_crack_audio,train
dataset/multimodal-concrete-crack-detection-dataset/audio/negative/neg_audio_1654.wav,dataset/multimodal-concrete-crack-detection-dataset/image/negative/neg_img_1654.jpg,0,normal,multimodal_concrete_crack_audio,train
dataset/multimodal-concrete-crack-detection-dataset/audio/negative/neg_audio_582.wav,dataset/multimodal-concrete-crack-detection-dataset/image/negative/neg_img_582.jpg,0,normal,multimodal_concrete_crack_audio,train
dataset/multimodal-concrete-crack-detection-dataset/audio/negative/neg_audio_897.wav,dataset/multimodal-concrete-crack-detection-dataset/image/negative/neg_img_897.jpg,0,normal,multimodal_concrete_crack_audio,train
dataset/multimodal-concrete-crack-detection-dataset/audio/negative/neg_audio_2251.wav,dataset/multimodal-concrete-crack-detection-dataset/image/negative/neg_img_2251.jpg,0,normal,multimodal_concrete_crack_audio,train
dataset/multimodal-concrete-crack-detection-dataset/audio/negative/neg_audio_1347.wav,dataset/multimodal-concrete-crack-detection-dataset/image/negative/neg_img_1347.jpg,0,normal,multimodal_concrete_crack_audio,train
dataset/multimodal-concrete-crack-detection-dataset/audio/negative/neg_audio_2885.wav,dataset/multimodal-concrete-crack-detection-dataset/image/negative/neg_img_2885.jpg,0,normal,multimodal_concrete_crack_audio,train
dataset/multimodal-concrete-crack-detection-dataset/audio/positive/pos_audio_235.wav,dataset/multimodal-concrete-crack-detection-dataset/image/positive/pos_img_235.jpg,1,acoustic_abnormal,multimodal_concrete_crack_audio,train
dataset/multimodal-concrete-crack-detection-dataset/audio/negative/neg_audio_3077.wav,dataset/multimodal-concrete-crack-detection-dataset/image/negative/neg_img_3077.jpg,0,normal,multimodal_concrete_crack_audio,train
dataset/multimodal-concrete-crack-detection-dataset/audio/negative/neg_audio_3040.wav,dataset/multimodal-concrete-crack-detection-dataset/image/negative/neg_img_3040.jpg,0,normal,multimodal_concrete_crack_audio,train
dataset/multimodal-concrete-crack-detection-dataset/audio/negative/neg_audio_121.wav,dataset/multimodal-concrete-crack-detection-dataset/image/negative/neg_img_121.jpg,0,normal,multimodal_concrete_crack_audio,train
dataset/multimodal-concrete-crack-detection-dataset/audio/negative/neg_audio_1953.wav,dataset/multimodal-concrete-crack-detection-dataset/image/negative/neg_img_1953.jpg,0,normal,multimodal_concrete_crack_audio,val
dataset/multimodal-concrete-crack-detection-dataset/audio/positive/pos_audio_323.wav,dataset/multimodal-concrete-crack-detection-dataset/image/positive/pos_img_323.jpg,1,acoustic_abnormal,multimodal_concrete_crack_audio,train
dataset/multimodal-concrete-crack-detection-dataset/audio/negative/neg_audio_1659.wav,dataset/multimodal-concrete-crack-detection-dataset/image/negative/neg_img_1659.jpg,0,normal,multimodal_concrete_crack_audio,train
dataset/multimodal-concrete-crack-detection-dataset/audio/negative/neg_audio_1295.wav,dataset/multimodal-concrete-crack-detection-dataset/image/negative/neg_img_1295.jpg,0,normal,multimodal_concrete_crack_audio,test
dataset/multimodal-concrete-crack-detection-dataset/audio/negative/neg_audio_1692.wav,dataset/multimodal-concrete-crack-detection-dataset/image/negative/neg_img_1692.jpg,0,normal,multimodal_concrete_crack_audio,val
dataset/multimodal-concrete-crack-detection-dataset/audio/negative/neg_audio_94.wav,dataset/multimodal-concrete-crack-detection-dataset/image/negative/neg_img_94.jpg,0,normal,multimodal_concrete_crack_audio,train
dataset/multimodal-concrete-crack-detection-dataset/audio/negative/neg_audio_1509.wav,dataset/multimodal-concrete-crack-detection-dataset/image/negative/neg_img_1509.jpg,0,normal,multimodal_concrete_crack_audio,val
dataset/multimodal-concrete-crack-detection-dataset/audio/negative/neg_audio_982.wav,dataset/multimodal-concrete-crack-detection-dataset/image/negative/neg_img_982.jpg,0,normal,multimodal_concrete_crack_audio,train
dataset/multimodal-concrete-crack-detection-dataset/audio/positive/pos_audio_173.wav,dataset/multimodal-concrete-crack-detection-dataset/image/positive/pos_img_173.jpg,1,acoustic_abnormal,multimodal_concrete_crack_audio,train
dataset/multimodal-concrete-crack-detection-dataset/audio/negative/neg_audio_328.wav,dataset/multimodal-concrete-crack-detection-dataset/image/negative/neg_img_328.jpg,0,normal,multimodal_concrete_crack_audio,test
dataset/multimodal-concrete-crack-detection-dataset/audio/negative/neg_audio_2557.wav,dataset/multimodal-concrete-crack-detection-dataset/image/negative/neg_img_2557.jpg,0,normal,multimodal_concrete_crack_audio,train
dataset/multimodal-concrete-crack-detection-dataset/audio/negative/neg_audio_152.wav,dataset/multimodal-concrete-crack-detection-dataset/image/negative/neg_img_152.jpg,0,normal,multimodal_concrete_crack_audio,train
dataset/multimodal-concrete-crack-detection-dataset/audio/negative/neg_audio_2176.wav,dataset/multimodal-concrete-crack-detection-dataset/image/negative/neg_img_2176.jpg,0,normal,multimodal_concrete_crack_audio,train
dataset/multimodal-concrete-crack-detection-dataset/audio/negative/neg_audio_1193.wav,dataset/multimodal-concrete-crack-detection-dataset/image/negative/neg_img_1193.jpg,0,normal,multimodal_concrete_crack_audio,train
dataset/multimodal-concrete-crack-detection-dataset/audio/negative/neg_audio_1262.wav,dataset/multimodal-concrete-crack-detection-dataset/image/negative/neg_img_1262.jpg,0,normal,multimodal_concrete_crack_audio,train
dataset/multimodal-concrete-crack-detection-dataset/audio/negative/neg_audio_1823.wav,dataset/multimodal-concrete-crack-detection-dataset/image/negative/neg_img_1823.jpg,0,normal,multimodal_concrete_crack_audio,train
dataset/multimodal-concrete-crack-detection-dataset/audio/negative/neg_audio_1297.wav,dataset/multimodal-concrete-crack-detection-dataset/image/negative/neg_img_1297.jpg,0,normal,multimodal_concrete_crack_audio,train
dataset/multimodal-concrete-crack-detection-dataset/audio/negative/neg_audio_2514.wav,dataset/multimodal-concrete-crack-detection-dataset/image/negative/neg_img_2514.jpg,0,normal,multimodal_concrete_crack_audio,train
dataset/multimodal-concrete-crack-detection-dataset/audio/negative/neg_audio_2346.wav,dataset/multimodal-concrete-crack-detection-dataset/image/negative/neg_img_2346.jpg,0,normal,multimodal_concrete_crack_audio,train
dataset/multimodal-concrete-crack-detection-dataset/audio/negative/neg_audio_2733.wav,dataset/multimodal-concrete-crack-detection-dataset/image/negative/neg_img_2733.jpg,0,normal,multimodal_concrete_crack_audio,train
dataset/multimodal-concrete-crack-detection-dataset/audio/negative/neg_audio_667.wav,dataset/multimodal-concrete-crack-detection-dataset/image/negative/neg_img_667.jpg,0,normal,multimodal_concrete_crack_audio,train
dataset/multimodal-concrete-crack-detection-dataset/audio/negative/neg_audio_783.wav,dataset/multimodal-concrete-crack-detection-dataset/image/negative/neg_img_783.jpg,0,normal,multimodal_concrete_crack_audio,train
dataset/multimodal-concrete-crack-detection-dataset/audio/negative/neg_audio_2844.wav,dataset/multimodal-concrete-crack-detection-dataset/image/negative/neg_img_2844.jpg,0,normal,multimodal_concrete_crack_audio,test
dataset/multimodal-concrete-crack-detection-dataset/audio/negative/neg_audio_659.wav,dataset/multimodal-concrete-crack-detection-dataset/image/negative/neg_img_659.jpg,0,normal,multimodal_concrete_crack_audio,train
dataset/multimodal-concrete-crack-detection-dataset/audio/negative/neg_audio_1496.wav,dataset/multimodal-concrete-crack-detection-dataset/image/negative/neg_img_1496.jpg,0,normal,multimodal_concrete_crack_audio,test
dataset/multimodal-concrete-crack-detection-dataset/audio/negative/neg_audio_764.wav,dataset/multimodal-concrete-crack-detection-dataset/image/negative/neg_img_764.jpg,0,normal,multimodal_concrete_crack_audio,test
dataset/multimodal-concrete-crack-detection-dataset/audio/negative/neg_audio_2633.wav,dataset/multimodal-concrete-crack-detection-dataset/image/negative/neg_img_2633.jpg,0,normal,multimodal_concrete_crack_audio,val
dataset/multimodal-concrete-crack-detection-dataset/audio/positive/pos_audio_376.wav,dataset/multimodal-concrete-crack-detection-dataset/image/positive/pos_img_376.jpg,1,acoustic_abnormal,multimodal_concrete_crack_audio,train
dataset/multimodal-concrete-crack-detection-dataset/audio/negative/neg_audio_3190.wav,dataset/multimodal-concrete-crack-detection-dataset/image/negative/neg_img_3190.jpg,0,normal,multimodal_concrete_crack_audio,test
dataset/multimodal-concrete-crack-detection-dataset/audio/negative/neg_audio_1359.wav,dataset/multimodal-concrete-crack-detection-dataset/image/negative/neg_img_1359.jpg,0,normal,multimodal_concrete_crack_audio,train
dataset/multimodal-concrete-crack-detection-dataset/audio/positive/pos_audio_793.wav,dataset/multimodal-concrete-crack-detection-dataset/image/positive/pos_img_793.jpg,1,acoustic_abnormal,multimodal_concrete_crack_audio,train
dataset/multimodal-concrete-crack-detection-dataset/audio/positive/pos_audio_561.wav,dataset/multimodal-concrete-crack-detection-dataset/image/positive/pos_img_561.jpg,1,acoustic_abnormal,multimodal_concrete_crack_audio,val
dataset/multimodal-concrete-crack-detection-dataset/audio/positive/pos_audio_774.wav,dataset/multimodal-concrete-crack-detection-dataset/image/positive/pos_img_774.jpg,1,acoustic_abnormal,multimodal_concrete_crack_audio,train
dataset/multimodal-concrete-crack-detection-dataset/audio/negative/neg_audio_2905.wav,dataset/multimodal-concrete-crack-detection-dataset/image/negative/neg_img_2905.jpg,0,normal,multimodal_concrete_crack_audio,test
dataset/multimodal-concrete-crack-detection-dataset/audio/negative/neg_audio_1891.wav,dataset/multimodal-concrete-crack-detection-dataset/image/negative/neg_img_1891.jpg,0,normal,multimodal_concrete_crack_audio,test
dataset/multimodal-concrete-crack-detection-dataset/audio/negative/neg_audio_2732.wav,dataset/multimodal-concrete-crack-detection-dataset/image/negative/neg_img_2732.jpg,0,normal,multimodal_concrete_crack_audio,train
dataset/multimodal-concrete-crack-detection-dataset/audio/positive/pos_audio_534.wav,dataset/multimodal-concrete-crack-detection-dataset/image/positive/pos_img_534.jpg,1,acoustic_abnormal,multimodal_concrete_crack_audio,train
dataset/multimodal-concrete-crack-detection-dataset/audio/negative/neg_audio_1904.wav,dataset/multimodal-concrete-crack-detection-dataset/image/negative/neg_img_1904.jpg,0,normal,multimodal_concrete_crack_audio,test
dataset/multimodal-concrete-crack-detection-dataset/audio/negative/neg_audio_11.wav,dataset/multimodal-concrete-crack-detection-dataset/image/negative/neg_img_11.jpg,0,normal,multimodal_concrete_crack_audio,train
dataset/multimodal-concrete-crack-detection-dataset/audio/positive/pos_audio_670.wav,dataset/multimodal-concrete-crack-detection-dataset/image/positive/pos_img_670.jpg,1,acoustic_abnormal,multimodal_concrete_crack_audio,train
dataset/multimodal-concrete-crack-detection-dataset/audio/positive/pos_audio_607.wav,dataset/multimodal-concrete-crack-detection-dataset/image/positive/pos_img_607.jpg,1,acoustic_abnormal,multimodal_concrete_crack_audio,val
dataset/multimodal-concrete-crack-detection-dataset/audio/negative/neg_audio_1153.wav,dataset/multimodal-concrete-crack-detection-dataset/image/negative/neg_img_1153.jpg,0,normal,multimodal_concrete_crack_audio,test
dataset/multimodal-concrete-crack-detection-dataset/audio/negative/neg_audio_1866.wav,dataset/multimodal-concrete-crack-detection-dataset/image/negative/neg_img_1866.jpg,0,normal,multimodal_concrete_crack_audio,test
dataset/multimodal-concrete-crack-detection-dataset/audio/negative/neg_audio_630.wav,dataset/multimodal-concrete-crack-detection-dataset/image/negative/neg_img_630.jpg,0,normal,multimodal_concrete_crack_audio,train
dataset/multimodal-concrete-crack-detection-dataset/audio/negative/neg_audio_921.wav,dataset/multimodal-concrete-crack-detection-dataset/image/negative/neg_img_921.jpg,0,normal,multimodal_concrete_crack_audio,test
dataset/multimodal-concrete-crack-detection-dataset/audio/negative/neg_audio_2877.wav,dataset/multimodal-concrete-crack-detection-dataset/image/negative/neg_img_2877.jpg,0,normal,multimodal_concrete_crack_audio,val
dataset/multimodal-concrete-crack-detection-dataset/audio/negative/neg_audio_2241.wav,dataset/multimodal-concrete-crack-detection-dataset/image/negative/neg_img_2241.jpg,0,normal,multimodal_concrete_crack_audio,val
dataset/multimodal-concrete-crack-detection-dataset/audio/negative/neg_audio_2854.wav,dataset/multimodal-concrete-crack-detection-dataset/image/negative/neg_img_2854.jpg,0,normal,multimodal_concrete_crack_audio,test
dataset/multimodal-concrete-crack-detection-dataset/audio/negative/neg_audio_2242.wav,dataset/multimodal-concrete-crack-detection-dataset/image/negative/neg_img_2242.jpg,0,normal,multimodal_concrete_crack_audio,train
dataset/multimodal-concrete-crack-detection-dataset/audio/negative/neg_audio_1832.wav,dataset/multimodal-concrete-crack-detection-dataset/image/negative/neg_img_1832.jpg,0,normal,multimodal_concrete_crack_audio,train
dataset/multimodal-concrete-crack-detection-dataset/audio/positive/pos_audio_883.wav,dataset/multimodal-concrete-crack-detection-dataset/image/positive/pos_img_883.jpg,1,acoustic_abnormal,multimodal_concrete_crack_audio,train
dataset/multimodal-concrete-crack-detection-dataset/audio/positive/pos_audio_293.wav,dataset/multimodal-concrete-crack-detection-dataset/image/positive/pos_img_293.jpg,1,acoustic_abnormal,multimodal_concrete_crack_audio,train
dataset/multimodal-concrete-crack-detection-dataset/audio/negative/neg_audio_2064.wav,dataset/multimodal-concrete-crack-detection-dataset/image/negative/neg_img_2064.jpg,0,normal,multimodal_concrete_crack_audio,train
dataset/multimodal-concrete-crack-detection-dataset/audio/negative/neg_audio_538.wav,dataset/multimodal-concrete-crack-detection-dataset/image/negative/neg_img_538.jpg,0,normal,multimodal_concrete_crack_audio,test
dataset/multimodal-concrete-crack-detection-dataset/audio/negative/neg_audio_3025.wav,dataset/multimodal-concrete-crack-detection-dataset/image/negative/neg_img_3025.jpg,0,normal,multimodal_concrete_crack_audio,train
dataset/multimodal-concrete-crack-detection-dataset/audio/negative/neg_audio_2824.wav,dataset/multimodal-concrete-crack-detection-dataset/image/negative/neg_img_2824.jpg,0,normal,multimodal_concrete_crack_audio,train
dataset/multimodal-concrete-crack-detection-dataset/audio/negative/neg_audio_853.wav,dataset/multimodal-concrete-crack-detection-dataset/image/negative/neg_img_853.jpg,0,normal,multimodal_concrete_crack_audio,val
dataset/multimodal-concrete-crack-detection-dataset/audio/negative/neg_audio_2992.wav,dataset/multimodal-concrete-crack-detection-dataset/image/negative/neg_img_2992.jpg,0,normal,multimodal_concrete_crack_audio,train
dataset/multimodal-concrete-crack-detection-dataset/audio/negative/neg_audio_2137.wav,dataset/multimodal-concrete-crack-detection-dataset/image/negative/neg_img_2137.jpg,0,normal,multimodal_concrete_crack_audio,train
dataset/multimodal-concrete-crack-detection-dataset/audio/negative/neg_audio_2851.wav,dataset/multimodal-concrete-crack-detection-dataset/image/negative/neg_img_2851.jpg,0,normal,multimodal_concrete_crack_audio,train
dataset/multimodal-concrete-crack-detection-dataset/audio/negative/neg_audio_2526.wav,dataset/multimodal-concrete-crack-detection-dataset/image/negative/neg_img_2526.jpg,0,normal,multimodal_concrete_crack_audio,test
dataset/multimodal-concrete-crack-detection-dataset/audio/positive/pos_audio_282.wav,dataset/multimodal-concrete-crack-detection-dataset/image/positive/pos_img_282.jpg,1,acoustic_abnormal,multimodal_concrete_crack_audio,train
dataset/multimodal-concrete-crack-detection-dataset/audio/negative/neg_audio_351.wav,dataset/multimodal-concrete-crack-detection-dataset/image/negative/neg_img_351.jpg,0,normal,multimodal_concrete_crack_audio,val
dataset/multimodal-concrete-crack-detection-dataset/audio/positive/pos_audio_696.wav,dataset/multimodal-concrete-crack-detection-dataset/image/positive/pos_img_696.jpg,1,acoustic_abnormal,multimodal_concrete_crack_audio,train
dataset/multimodal-concrete-crack-detection-dataset/audio/negative/neg_audio_2759.wav,dataset/multimodal-concrete-crack-detection-dataset/image/negative/neg_img_2759.jpg,0,normal,multimodal_concrete_crack_audio,val
dataset/multimodal-concrete-crack-detection-dataset/audio/negative/neg_audio_2301.wav,dataset/multimodal-concrete-crack-detection-dataset/image/negative/neg_img_2301.jpg,0,normal,multimodal_concrete_crack_audio,train
dataset/multimodal-concrete-crack-detection-dataset/audio/negative/neg_audio_2816.wav,dataset/multimodal-concrete-crack-detection-dataset/image/negative/neg_img_2816.jpg,0,normal,multimodal_concrete_crack_audio,test
dataset/multimodal-concrete-crack-detection-dataset/audio/negative/neg_audio_2777.wav,dataset/multimodal-concrete-crack-detection-dataset/image/negative/neg_img_2777.jpg,0,normal,multimodal_concrete_crack_audio,train
dataset/multimodal-concrete-crack-detection-dataset/audio/negative/neg_audio_1780.wav,dataset/multimodal-concrete-crack-detection-dataset/image/negative/neg_img_1780.jpg,0,normal,multimodal_concrete_crack_audio,train
dataset/multimodal-concrete-crack-detection-dataset/audio/negative/neg_audio_1501.wav,dataset/multimodal-concrete-crack-detection-dataset/image/negative/neg_img_1501.jpg,0,normal,multimodal_concrete_crack_audio,train
dataset/multimodal-concrete-crack-detection-dataset/audio/negative/neg_audio_1294.wav,dataset/multimodal-concrete-crack-detection-dataset/image/negative/neg_img_1294.jpg,0,normal,multimodal_concrete_crack_audio,train
dataset/multimodal-concrete-crack-detection-dataset/audio/negative/neg_audio_2956.wav,dataset/multimodal-concrete-crack-detection-dataset/image/negative/neg_img_2956.jpg,0,normal,multimodal_concrete_crack_audio,val
dataset/multimodal-concrete-crack-detection-dataset/audio/positive/pos_audio_366.wav,dataset/multimodal-concrete-crack-detection-dataset/image/positive/pos_img_366.jpg,1,acoustic_abnormal,multimodal_concrete_crack_audio,train
dataset/multimodal-concrete-crack-detection-dataset/audio/positive/pos_audio_842.wav,dataset/multimodal-concrete-crack-detection-dataset/image/positive/pos_img_842.jpg,1,acoustic_abnormal,multimodal_concrete_crack_audio,train
dataset/multimodal-concrete-crack-detection-dataset/audio/negative/neg_audio_655.wav,dataset/multimodal-concrete-crack-detection-dataset/image/negative/neg_img_655.jpg,0,normal,multimodal_concrete_crack_audio,test
dataset/multimodal-concrete-crack-detection-dataset/audio/negative/neg_audio_625.wav,dataset/multimodal-concrete-crack-detection-dataset/image/negative/neg_img_625.jpg,0,normal,multimodal_concrete_crack_audio,train
dataset/multimodal-concrete-crack-detection-dataset/audio/negative/neg_audio_1756.wav,dataset/multimodal-concrete-crack-detection-dataset/image/negative/neg_img_1756.jpg,0,normal,multimodal_concrete_crack_audio,train
dataset/multimodal-concrete-crack-detection-dataset/audio/negative/neg_audio_629.wav,dataset/multimodal-concrete-crack-detection-dataset/image/negative/neg_img_629.jpg,0,normal,multimodal_concrete_crack_audio,val
dataset/multimodal-concrete-crack-detection-dataset/audio/negative/neg_audio_436.wav,dataset/multimodal-concrete-crack-detection-dataset/image/negative/neg_img_436.jpg,0,normal,multimodal_concrete_crack_audio,train
dataset/multimodal-concrete-crack-detection-dataset/audio/negative/neg_audio_2638.wav,dataset/multimodal-concrete-crack-detection-dataset/image/negative/neg_img_2638.jpg,0,normal,multimodal_concrete_crack_audio,train
dataset/multimodal-concrete-crack-detection-dataset/audio/positive/pos_audio_495.wav,dataset/multimodal-concrete-crack-detection-dataset/image/positive/pos_img_495.jpg,1,acoustic_abnormal,multimodal_concrete_crack_audio,train
dataset/multimodal-concrete-crack-detection-dataset/audio/negative/neg_audio_2804.wav,dataset/multimodal-concrete-crack-detection-dataset/image/negative/neg_img_2804.jpg,0,normal,multimodal_concrete_crack_audio,train
dataset/multimodal-concrete-crack-detection-dataset/audio/negative/neg_audio_1338.wav,dataset/multimodal-concrete-crack-detection-dataset/image/negative/neg_img_1338.jpg,0,normal,multimodal_concrete_crack_audio,train
dataset/multimodal-concrete-crack-detection-dataset/audio/negative/neg_audio_2087.wav,dataset/multimodal-concrete-crack-detection-dataset/image/negative/neg_img_2087.jpg,0,normal,multimodal_concrete_crack_audio,test
dataset/multimodal-concrete-crack-detection-dataset/audio/negative/neg_audio_3129.wav,dataset/multimodal-concrete-crack-detection-dataset/image/negative/neg_img_3129.jpg,0,normal,multimodal_concrete_crack_audio,train
dataset/multimodal-concrete-crack-detection-dataset/audio/negative/neg_audio_907.wav,dataset/multimodal-concrete-crack-detection-dataset/image/negative/neg_img_907.jpg,0,normal,multimodal_concrete_crack_audio,test
dataset/multimodal-concrete-crack-detection-dataset/audio/negative/neg_audio_1835.wav,dataset/multimodal-concrete-crack-detection-dataset/image/negative/neg_img_1835.jpg,0,normal,multimodal_concrete_crack_audio,test
dataset/multimodal-concrete-crack-detection-dataset/audio/negative/neg_audio_2819.wav,dataset/multimodal-concrete-crack-detection-dataset/image/negative/neg_img_2819.jpg,0,normal,multimodal_concrete_crack_audio,train
dataset/multimodal-concrete-crack-detection-dataset/audio/negative/neg_audio_884.wav,dataset/multimodal-concrete-crack-detection-dataset/image/negative/neg_img_884.jpg,0,normal,multimodal_concrete_crack_audio,val
dataset/multimodal-concrete-crack-detection-dataset/audio/negative/neg_audio_134.wav,dataset/multimodal-concrete-crack-detection-dataset/image/negative/neg_img_134.jpg,0,normal,multimodal_concrete_crack_audio,train
dataset/multimodal-concrete-crack-detection-dataset/audio/negative/neg_audio_2716.wav,dataset/multimodal-concrete-crack-detection-dataset/image/negative/neg_img_2716.jpg,0,normal,multimodal_concrete_crack_audio,train
dataset/multimodal-concrete-crack-detection-dataset/audio/negative/neg_audio_2259.wav,dataset/multimodal-concrete-crack-detection-dataset/image/negative/neg_img_2259.jpg,0,normal,multimodal_concrete_crack_audio,val
dataset/multimodal-concrete-crack-detection-dataset/audio/negative/neg_audio_1015.wav,dataset/multimodal-concrete-crack-detection-dataset/image/negative/neg_img_1015.jpg,0,normal,multimodal_concrete_crack_audio,train
dataset/multimodal-concrete-crack-detection-dataset/audio/negative/neg_audio_963.wav,dataset/multimodal-concrete-crack-detection-dataset/image/negative/neg_img_963.jpg,0,normal,multimodal_concrete_crack_audio,val
dataset/multimodal-concrete-crack-detection-dataset/audio/negative/neg_audio_2354.wav,dataset/multimodal-concrete-crack-detection-dataset/image/negative/neg_img_2354.jpg,0,normal,multimodal_concrete_crack_audio,test
dataset/multimodal-concrete-crack-detection-dataset/audio/negative/neg_audio_1310.wav,dataset/multimodal-concrete-crack-detection-dataset/image/negative/neg_img_1310.jpg,0,normal,multimodal_concrete_crack_audio,train
dataset/multimodal-concrete-crack-detection-dataset/audio/negative/neg_audio_2204.wav,dataset/multimodal-concrete-crack-detection-dataset/image/negative/neg_img_2204.jpg,0,normal,multimodal_concrete_crack_audio,train
dataset/multimodal-concrete-crack-detection-dataset/audio/negative/neg_audio_998.wav,dataset/multimodal-concrete-crack-detection-dataset/image/negative/neg_img_998.jpg,0,normal,multimodal_concrete_crack_audio,train
dataset/multimodal-concrete-crack-detection-dataset/audio/negative/neg_audio_373.wav,dataset/multimodal-concrete-crack-detection-dataset/image/negative/neg_img_373.jpg,0,normal,multimodal_concrete_crack_audio,train
dataset/multimodal-concrete-crack-detection-dataset/audio/negative/neg_audio_2712.wav,dataset/multimodal-concrete-crack-detection-dataset/image/negative/neg_img_2712.jpg,0,normal,multimodal_concrete_crack_audio,train
dataset/multimodal-concrete-crack-detection-dataset/audio/negative/neg_audio_3075.wav,dataset/multimodal-concrete-crack-detection-dataset/image/negative/neg_img_3075.jpg,0,normal,multimodal_concrete_crack_audio,train
dataset/multimodal-concrete-crack-detection-dataset/audio/negative/neg_audio_632.wav,dataset/multimodal-concrete-crack-detection-dataset/image/negative/neg_img_632.jpg,0,normal,multimodal_concrete_crack_audio,train
dataset/multimodal-concrete-crack-detection-dataset/audio/negative/neg_audio_3145.wav,dataset/multimodal-concrete-crack-detection-dataset/image/negative/neg_img_3145.jpg,0,normal,multimodal_concrete_crack_audio,train
dataset/multimodal-concrete-crack-detection-dataset/audio/negative/neg_audio_1683.wav,dataset/multimodal-concrete-crack-detection-dataset/image/negative/neg_img_1683.jpg,0,normal,multimodal_concrete_crack_audio,train
dataset/multimodal-concrete-crack-detection-dataset/audio/negative/neg_audio_2937.wav,dataset/multimodal-concrete-crack-detection-dataset/image/negative/neg_img_2937.jpg,0,normal,multimodal_concrete_crack_audio,test
dataset/multimodal-concrete-crack-detection-dataset/audio/positive/pos_audio_302.wav,dataset/multimodal-concrete-crack-detection-dataset/image/positive/pos_img_302.jpg,1,acoustic_abnormal,multimodal_concrete_crack_audio,val
dataset/multimodal-concrete-crack-detection-dataset/audio/positive/pos_audio_61.wav,dataset/multimodal-concrete-crack-detection-dataset/image/positive/pos_img_61.jpg,1,acoustic_abnormal,multimodal_concrete_crack_audio,train
dataset/multimodal-concrete-crack-detection-dataset/audio/negative/neg_audio_1089.wav,dataset/multimodal-concrete-crack-detection-dataset/image/negative/neg_img_1089.jpg,0,normal,multimodal_concrete_crack_audio,train
dataset/multimodal-concrete-crack-detection-dataset/audio/positive/pos_audio_542.wav,dataset/multimodal-concrete-crack-detection-dataset/image/positive/pos_img_542.jpg,1,acoustic_abnormal,multimodal_concrete_crack_audio,train
dataset/multimodal-concrete-crack-detection-dataset/audio/negative/neg_audio_613.wav,dataset/multimodal-concrete-crack-detection-dataset/image/negative/neg_img_613.jpg,0,normal,multimodal_concrete_crack_audio,test
dataset/multimodal-concrete-crack-detection-dataset/audio/negative/neg_audio_1656.wav,dataset/multimodal-concrete-crack-detection-dataset/image/negative/neg_img_1656.jpg,0,normal,multimodal_concrete_crack_audio,train
dataset/multimodal-concrete-crack-detection-dataset/audio/negative/neg_audio_1053.wav,dataset/multimodal-concrete-crack-detection-dataset/image/negative/neg_img_1053.jpg,0,normal,multimodal_concrete_crack_audio,train
dataset/multimodal-concrete-crack-detection-dataset/audio/negative/neg_audio_989.wav,dataset/multimodal-concrete-crack-detection-dataset/image/negative/neg_img_989.jpg,0,normal,multimodal_concrete_crack_audio,train
dataset/multimodal-concrete-crack-detection-dataset/audio/negative/neg_audio_1937.wav,dataset/multimodal-concrete-crack-detection-dataset/image/negative/neg_img_1937.jpg,0,normal,multimodal_concrete_crack_audio,train
dataset/multimodal-concrete-crack-detection-dataset/audio/positive/pos_audio_580.wav,dataset/multimodal-concrete-crack-detection-dataset/image/positive/pos_img_580.jpg,1,acoustic_abnormal,multimodal_concrete_crack_audio,train
dataset/multimodal-concrete-crack-detection-dataset/audio/negative/neg_audio_2596.wav,dataset/multimodal-concrete-crack-detection-dataset/image/negative/neg_img_2596.jpg,0,normal,multimodal_concrete_crack_audio,train
dataset/multimodal-concrete-crack-detection-dataset/audio/negative/neg_audio_1008.wav,dataset/multimodal-concrete-crack-detection-dataset/image/negative/neg_img_1008.jpg,0,normal,multimodal_concrete_crack_audio,train
dataset/multimodal-concrete-crack-detection-dataset/audio/negative/neg_audio_2390.wav,dataset/multimodal-concrete-crack-detection-dataset/image/negative/neg_img_2390.jpg,0,normal,multimodal_concrete_crack_audio,train
dataset/multimodal-concrete-crack-detection-dataset/audio/negative/neg_audio_1556.wav,dataset/multimodal-concrete-crack-detection-dataset/image/negative/neg_img_1556.jpg,0,normal,multimodal_concrete_crack_audio,train
dataset/multimodal-concrete-crack-detection-dataset/audio/negative/neg_audio_2741.wav,dataset/multimodal-concrete-crack-detection-dataset/image/negative/neg_img_2741.jpg,0,normal,multimodal_concrete_crack_audio,train
dataset/multimodal-concrete-crack-detection-dataset/audio/positive/pos_audio_506.wav,dataset/multimodal-concrete-crack-detection-dataset/image/positive/pos_img_506.jpg,1,acoustic_abnormal,multimodal_concrete_crack_audio,train
dataset/multimodal-concrete-crack-detection-dataset/audio/negative/neg_audio_2325.wav,dataset/multimodal-concrete-crack-detection-dataset/image/negative/neg_img_2325.jpg,0,normal,multimodal_concrete_crack_audio,train
dataset/multimodal-concrete-crack-detection-dataset/audio/negative/neg_audio_2990.wav,dataset/multimodal-concrete-crack-detection-dataset/image/negative/neg_img_2990.jpg,0,normal,multimodal_concrete_crack_audio,train
dataset/multimodal-concrete-crack-detection-dataset/audio/negative/neg_audio_2069.wav,dataset/multimodal-concrete-crack-detection-dataset/image/negative/neg_img_2069.jpg,0,normal,multimodal_concrete_crack_audio,train
dataset/multimodal-concrete-crack-detection-dataset/audio/negative/neg_audio_1206.wav,dataset/multimodal-concrete-crack-detection-dataset/image/negative/neg_img_1206.jpg,0,normal,multimodal_concrete_crack_audio,test
dataset/multimodal-concrete-crack-detection-dataset/audio/positive/pos_audio_486.wav,dataset/multimodal-concrete-crack-detection-dataset/image/positive/pos_img_486.jpg,1,acoustic_abnormal,multimodal_concrete_crack_audio,test
dataset/multimodal-concrete-crack-detection-dataset/audio/negative/neg_audio_2599.wav,dataset/multimodal-concrete-crack-detection-dataset/image/negative/neg_img_2599.jpg,0,normal,multimodal_concrete_crack_audio,train
dataset/multimodal-concrete-crack-detection-dataset/audio/negative/neg_audio_1474.wav,dataset/multimodal-concrete-crack-detection-dataset/image/negative/neg_img_1474.jpg,0,normal,multimodal_concrete_crack_audio,test
dataset/multimodal-concrete-crack-detection-dataset/audio/negative/neg_audio_2951.wav,dataset/multimodal-concrete-crack-detection-dataset/image/negative/neg_img_2951.jpg,0,normal,multimodal_concrete_crack_audio,train
dataset/multimodal-concrete-crack-detection-dataset/audio/negative/neg_audio_2624.wav,dataset/multimodal-concrete-crack-detection-dataset/image/negative/neg_img_2624.jpg,0,normal,multimodal_concrete_crack_audio,train
dataset/multimodal-concrete-crack-detection-dataset/audio/negative/neg_audio_19.wav,dataset/multimodal-concrete-crack-detection-dataset/image/negative/neg_img_19.jpg,0,normal,multimodal_concrete_crack_audio,test
dataset/multimodal-concrete-crack-detection-dataset/audio/negative/neg_audio_1564.wav,dataset/multimodal-concrete-crack-detection-dataset/image/negative/neg_img_1564.jpg,0,normal,multimodal_concrete_crack_audio,train
dataset/multimodal-concrete-crack-detection-dataset/audio/negative/neg_audio_2946.wav,dataset/multimodal-concrete-crack-detection-dataset/image/negative/neg_img_2946.jpg,0,normal,multimodal_concrete_crack_audio,train
dataset/multimodal-concrete-crack-detection-dataset/audio/negative/neg_audio_2714.wav,dataset/multimodal-concrete-crack-detection-dataset/image/negative/neg_img_2714.jpg,0,normal,multimodal_concrete_crack_audio,train
dataset/multimodal-concrete-crack-detection-dataset/audio/negative/neg_audio_1225.wav,dataset/multimodal-concrete-crack-detection-dataset/image/negative/neg_img_1225.jpg,0,normal,multimodal_concrete_crack_audio,val
dataset/multimodal-concrete-crack-detection-dataset/audio/negative/neg_audio_3137.wav,dataset/multimodal-concrete-crack-detection-dataset/image/negative/neg_img_3137.jpg,0,normal,multimodal_concrete_crack_audio,train
dataset/multimodal-concrete-crack-detection-dataset/audio/positive/pos_audio_643.wav,dataset/multimodal-concrete-crack-detection-dataset/image/positive/pos_img_643.jpg,1,acoustic_abnormal,multimodal_concrete_crack_audio,test
dataset/multimodal-concrete-crack-detection-dataset/audio/negative/neg_audio_2407.wav,dataset/multimodal-concrete-crack-detection-dataset/image/negative/neg_img_2407.jpg,0,normal,multimodal_concrete_crack_audio,val
dataset/multimodal-concrete-crack-detection-dataset/audio/positive/pos_audio_625.wav,dataset/multimodal-concrete-crack-detection-dataset/image/positive/pos_img_625.jpg,1,acoustic_abnormal,multimodal_concrete_crack_audio,train
dataset/multimodal-concrete-crack-detection-dataset/audio/positive/pos_audio_736.wav,dataset/multimodal-concrete-crack-detection-dataset/image/positive/pos_img_736.jpg,1,acoustic_abnormal,multimodal_concrete_crack_audio,train
dataset/multimodal-concrete-crack-detection-dataset/audio/negative/neg_audio_1710.wav,dataset/multimodal-concrete-crack-detection-dataset/image/negative/neg_img_1710.jpg,0,normal,multimodal_concrete_crack_audio,train
dataset/multimodal-concrete-crack-detection-dataset/audio/negative/neg_audio_1968.wav,dataset/multimodal-concrete-crack-detection-dataset/image/negative/neg_img_1968.jpg,0,normal,multimodal_concrete_crack_audio,test
dataset/multimodal-concrete-crack-detection-dataset/audio/negative/neg_audio_905.wav,dataset/multimodal-concrete-crack-detection-dataset/image/negative/neg_img_905.jpg,0,normal,multimodal_concrete_crack_audio,train
dataset/multimodal-concrete-crack-detection-dataset/audio/positive/pos_audio_532.wav,dataset/multimodal-concrete-crack-detection-dataset/image/positive/pos_img_532.jpg,1,acoustic_abnormal,multimodal_concrete_crack_audio,val
dataset/multimodal-concrete-crack-detection-dataset/audio/negative/neg_audio_979.wav,dataset/multimodal-concrete-crack-detection-dataset/image/negative/neg_img_979.jpg,0,normal,multimodal_concrete_crack_audio,val
dataset/multimodal-concrete-crack-detection-dataset/audio/negative/neg_audio_402.wav,dataset/multimodal-concrete-crack-detection-dataset/image/negative/neg_img_402.jpg,0,normal,multimodal_concrete_crack_audio,train
dataset/multimodal-concrete-crack-detection-dataset/audio/negative/neg_audio_2454.wav,dataset/multimodal-concrete-crack-detection-dataset/image/negative/neg_img_2454.jpg,0,normal,multimodal_concrete_crack_audio,train
dataset/multimodal-concrete-crack-detection-dataset/audio/positive/pos_audio_884.wav,dataset/multimodal-concrete-crack-detection-dataset/image/positive/pos_img_884.jpg,1,acoustic_abnormal,multimodal_concrete_crack_audio,train
dataset/multimodal-concrete-crack-detection-dataset/audio/positive/pos_audio_139.wav,dataset/multimodal-concrete-crack-detection-dataset/image/positive/pos_img_139.jpg,1,acoustic_abnormal,multimodal_concrete_crack_audio,train
dataset/multimodal-concrete-crack-detection-dataset/audio/positive/pos_audio_97.wav,dataset/multimodal-concrete-crack-detection-dataset/image/positive/pos_img_97.jpg,1,acoustic_abnormal,multimodal_concrete_crack_audio,test
dataset/multimodal-concrete-crack-detection-dataset/audio/negative/neg_audio_2607.wav,dataset/multimodal-concrete-crack-detection-dataset/image/negative/neg_img_2607.jpg,0,normal,multimodal_concrete_crack_audio,train
dataset/multimodal-concrete-crack-detection-dataset/audio/negative/neg_audio_1590.wav,dataset/multimodal-concrete-crack-detection-dataset/image/negative/neg_img_1590.jpg,0,normal,multimodal_concrete_crack_audio,train
dataset/multimodal-concrete-crack-detection-dataset/audio/negative/neg_audio_1594.wav,dataset/multimodal-concrete-crack-detection-dataset/image/negative/neg_img_1594.jpg,0,normal,multimodal_concrete_crack_audio,train
dataset/multimodal-concrete-crack-detection-dataset/audio/positive/pos_audio_820.wav,dataset/multimodal-concrete-crack-detection-dataset/image/positive/pos_img_820.jpg,1,acoustic_abnormal,multimodal_concrete_crack_audio,train
dataset/multimodal-concrete-crack-detection-dataset/audio/positive/pos_audio_484.wav,dataset/multimodal-concrete-crack-detection-dataset/image/positive/pos_img_484.jpg,1,acoustic_abnormal,multimodal_concrete_crack_audio,train
dataset/multimodal-concrete-crack-detection-dataset/audio/negative/neg_audio_1199.wav,dataset/multimodal-concrete-crack-detection-dataset/image/negative/neg_img_1199.jpg,0,normal,multimodal_concrete_crack_audio,train
dataset/multimodal-concrete-crack-detection-dataset/audio/negative/neg_audio_1772.wav,dataset/multimodal-concrete-crack-detection-dataset/image/negative/neg_img_1772.jpg,0,normal,multimodal_concrete_crack_audio,train
dataset/multimodal-concrete-crack-detection-dataset/audio/negative/neg_audio_1414.wav,dataset/multimodal-concrete-crack-detection-dataset/image/negative/neg_img_1414.jpg,0,normal,multimodal_concrete_crack_audio,train
dataset/multimodal-concrete-crack-detection-dataset/audio/positive/pos_audio_572.wav,dataset/multimodal-concrete-crack-detection-dataset/image/positive/pos_img_572.jpg,1,acoustic_abnormal,multimodal_concrete_crack_audio,train
dataset/multimodal-concrete-crack-detection-dataset/audio/negative/neg_audio_2253.wav,dataset/multimodal-concrete-crack-detection-dataset/image/negative/neg_img_2253.jpg,0,normal,multimodal_concrete_crack_audio,test
dataset/multimodal-concrete-crack-detection-dataset/audio/positive/pos_audio_62.wav,dataset/multimodal-concrete-crack-detection-dataset/image/positive/pos_img_62.jpg,1,acoustic_abnormal,multimodal_concrete_crack_audio,train
dataset/multimodal-concrete-crack-detection-dataset/audio/negative/neg_audio_1342.wav,dataset/multimodal-concrete-crack-detection-dataset/image/negative/neg_img_1342.jpg,0,normal,multimodal_concrete_crack_audio,train
dataset/multimodal-concrete-crack-detection-dataset/audio/positive/pos_audio_319.wav,dataset/multimodal-concrete-crack-detection-dataset/image/positive/pos_img_319.jpg,1,acoustic_abnormal,multimodal_concrete_crack_audio,train
dataset/multimodal-concrete-crack-detection-dataset/audio/negative/neg_audio_1725.wav,dataset/multimodal-concrete-crack-detection-dataset/image/negative/neg_img_1725.jpg,0,normal,multimodal_concrete_crack_audio,test
dataset/multimodal-concrete-crack-detection-dataset/audio/negative/neg_audio_389.wav,dataset/multimodal-concrete-crack-detection-dataset/image/negative/neg_img_389.jpg,0,normal,multimodal_concrete_crack_audio,val
dataset/multimodal-concrete-crack-detection-dataset/audio/positive/pos_audio_36.wav,dataset/multimodal-concrete-crack-detection-dataset/image/positive/pos_img_36.jpg,1,acoustic_abnormal,multimodal_concrete_crack_audio,train
dataset/multimodal-concrete-crack-detection-dataset/audio/negative/neg_audio_568.wav,dataset/multimodal-concrete-crack-detection-dataset/image/negative/neg_img_568.jpg,0,normal,multimodal_concrete_crack_audio,train
dataset/multimodal-concrete-crack-detection-dataset/audio/negative/neg_audio_2175.wav,dataset/multimodal-concrete-crack-detection-dataset/image/negative/neg_img_2175.jpg,0,normal,multimodal_concrete_crack_audio,test
dataset/multimodal-concrete-crack-detection-dataset/audio/negative/neg_audio_544.wav,dataset/multimodal-concrete-crack-detection-dataset/image/negative/neg_img_544.jpg,0,normal,multimodal_concrete_crack_audio,test
dataset/multimodal-concrete-crack-detection-dataset/audio/positive/pos_audio_264.wav,dataset/multimodal-concrete-crack-detection-dataset/image/positive/pos_img_264.jpg,1,acoustic_abnormal,multimodal_concrete_crack_audio,train
dataset/multimodal-concrete-crack-detection-dataset/audio/positive/pos_audio_77.wav,dataset/multimodal-concrete-crack-detection-dataset/image/positive/pos_img_77.jpg,1,acoustic_abnormal,multimodal_concrete_crack_audio,test
dataset/multimodal-concrete-crack-detection-dataset/audio/positive/pos_audio_487.wav,dataset/multimodal-concrete-crack-detection-dataset/image/positive/pos_img_487.jpg,1,acoustic_abnormal,multimodal_concrete_crack_audio,train
dataset/multimodal-concrete-crack-detection-dataset/audio/negative/neg_audio_934.wav,dataset/multimodal-concrete-crack-detection-dataset/image/negative/neg_img_934.jpg,0,normal,multimodal_concrete_crack_audio,train
dataset/multimodal-concrete-crack-detection-dataset/audio/negative/neg_audio_1619.wav,dataset/multimodal-concrete-crack-detection-dataset/image/negative/neg_img_1619.jpg,0,normal,multimodal_concrete_crack_audio,train
dataset/multimodal-concrete-crack-detection-dataset/audio/negative/neg_audio_1340.wav,dataset/multimodal-concrete-crack-detection-dataset/image/negative/neg_img_1340.jpg,0,normal,multimodal_concrete_crack_audio,test
dataset/multimodal-concrete-crack-detection-dataset/audio/negative/neg_audio_2641.wav,dataset/multimodal-concrete-crack-detection-dataset/image/negative/neg_img_2641.jpg,0,normal,multimodal_concrete_crack_audio,train
dataset/multimodal-concrete-crack-detection-dataset/audio/negative/neg_audio_2330.wav,dataset/multimodal-concrete-crack-detection-dataset/image/negative/neg_img_2330.jpg,0,normal,multimodal_concrete_crack_audio,train
dataset/multimodal-concrete-crack-detection-dataset/audio/negative/neg_audio_2631.wav,dataset/multimodal-concrete-crack-detection-dataset/image/negative/neg_img_2631.jpg,0,normal,multimodal_concrete_crack_audio,train
dataset/multimodal-concrete-crack-detection-dataset/audio/negative/neg_audio_1455.wav,dataset/multimodal-concrete-crack-detection-dataset/image/negative/neg_img_1455.jpg,0,normal,multimodal_concrete_crack_audio,train
dataset/multimodal-concrete-crack-detection-dataset/audio/negative/neg_audio_507.wav,dataset/multimodal-concrete-crack-detection-dataset/image/negative/neg_img_507.jpg,0,normal,multimodal_concrete_crack_audio,train
dataset/multimodal-concrete-crack-detection-dataset/audio/positive/pos_audio_587.wav,dataset/multimodal-concrete-crack-detection-dataset/image/positive/pos_img_587.jpg,1,acoustic_abnormal,multimodal_concrete_crack_audio,train
dataset/multimodal-concrete-crack-detection-dataset/audio/positive/pos_audio_370.wav,dataset/multimodal-concrete-crack-detection-dataset/image/positive/pos_img_370.jpg,1,acoustic_abnormal,multimodal_concrete_crack_audio,test
dataset/multimodal-concrete-crack-detection-dataset/audio/negative/neg_audio_3070.wav,dataset/multimodal-concrete-crack-detection-dataset/image/negative/neg_img_3070.jpg,0,normal,multimodal_concrete_crack_audio,train
dataset/multimodal-concrete-crack-detection-dataset/audio/positive/pos_audio_371.wav,dataset/multimodal-concrete-crack-detection-dataset/image/positive/pos_img_371.jpg,1,acoustic_abnormal,multimodal_concrete_crack_audio,train
dataset/multimodal-concrete-crack-detection-dataset/audio/negative/neg_audio_1884.wav,dataset/multimodal-concrete-crack-detection-dataset/image/negative/neg_img_1884.jpg,0,normal,multimodal_concrete_crack_audio,train
dataset/multimodal-concrete-crack-detection-dataset/audio/negative/neg_audio_2141.wav,dataset/multimodal-concrete-crack-detection-dataset/image/negative/neg_img_2141.jpg,0,normal,multimodal_concrete_crack_audio,test
dataset/multimodal-concrete-crack-detection-dataset/audio/negative/neg_audio_1836.wav,dataset/multimodal-concrete-crack-detection-dataset/image/negative/neg_img_1836.jpg,0,normal,multimodal_concrete_crack_audio,train
dataset/multimodal-concrete-crack-detection-dataset/audio/negative/neg_audio_1133.wav,dataset/multimodal-concrete-crack-detection-dataset/image/negative/neg_img_1133.jpg,0,normal,multimodal_concrete_crack_audio,train
dataset/multimodal-concrete-crack-detection-dataset/audio/positive/pos_audio_569.wav,dataset/multimodal-concrete-crack-detection-dataset/image/positive/pos_img_569.jpg,1,acoustic_abnormal,multimodal_concrete_crack_audio,test
dataset/multimodal-concrete-crack-detection-dataset/audio/negative/neg_audio_2757.wav,dataset/multimodal-concrete-crack-detection-dataset/image/negative/neg_img_2757.jpg,0,normal,multimodal_concrete_crack_audio,train
dataset/multimodal-concrete-crack-detection-dataset/audio/negative/neg_audio_2265.wav,dataset/multimodal-concrete-crack-detection-dataset/image/negative/neg_img_2265.jpg,0,normal,multimodal_concrete_crack_audio,test
dataset/multimodal-concrete-crack-detection-dataset/audio/negative/neg_audio_674.wav,dataset/multimodal-concrete-crack-detection-dataset/image/negative/neg_img_674.jpg,0,normal,multimodal_concrete_crack_audio,test
dataset/multimodal-concrete-crack-detection-dataset/audio/negative/neg_audio_202.wav,dataset/multimodal-concrete-crack-detection-dataset/image/negative/neg_img_202.jpg,0,normal,multimodal_concrete_crack_audio,val
dataset/multimodal-concrete-crack-detection-dataset/audio/negative/neg_audio_2443.wav,dataset/multimodal-concrete-crack-detection-dataset/image/negative/neg_img_2443.jpg,0,normal,multimodal_concrete_crack_audio,train
dataset/multimodal-concrete-crack-detection-dataset/audio/positive/pos_audio_805.wav,dataset/multimodal-concrete-crack-detection-dataset/image/positive/pos_img_805.jpg,1,acoustic_abnormal,multimodal_concrete_crack_audio,test
dataset/multimodal-concrete-crack-detection-dataset/audio/negative/neg_audio_67.wav,dataset/multimodal-concrete-crack-detection-dataset/image/negative/neg_img_67.jpg,0,normal,multimodal_concrete_crack_audio,train
dataset/multimodal-concrete-crack-detection-dataset/audio/negative/neg_audio_1487.wav,dataset/multimodal-concrete-crack-detection-dataset/image/negative/neg_img_1487.jpg,0,normal,multimodal_concrete_crack_audio,train
dataset/multimodal-concrete-crack-detection-dataset/audio/positive/pos_audio_852.wav,dataset/multimodal-concrete-crack-detection-dataset/image/positive/pos_img_852.jpg,1,acoustic_abnormal,multimodal_concrete_crack_audio,train
dataset/multimodal-concrete-crack-detection-dataset/audio/negative/neg_audio_3162.wav,dataset/multimodal-concrete-crack-detection-dataset/image/negative/neg_img_3162.jpg,0,normal,multimodal_concrete_crack_audio,val
dataset/multimodal-concrete-crack-detection-dataset/audio/negative/neg_audio_1073.wav,dataset/multimodal-concrete-crack-detection-dataset/image/negative/neg_img_1073.jpg,0,normal,multimodal_concrete_crack_audio,train
dataset/multimodal-concrete-crack-detection-dataset/audio/negative/neg_audio_1407.wav,dataset/multimodal-concrete-crack-detection-dataset/image/negative/neg_img_1407.jpg,0,normal,multimodal_concrete_crack_audio,train
dataset/multimodal-concrete-crack-detection-dataset/audio/negative/neg_audio_1307.wav,dataset/multimodal-concrete-crack-detection-dataset/image/negative/neg_img_1307.jpg,0,normal,multimodal_concrete_crack_audio,val
dataset/multimodal-concrete-crack-detection-dataset/audio/negative/neg_audio_3105.wav,dataset/multimodal-concrete-crack-detection-dataset/image/negative/neg_img_3105.jpg,0,normal,multimodal_concrete_crack_audio,train
dataset/multimodal-concrete-crack-detection-dataset/audio/positive/pos_audio_253.wav,dataset/multimodal-concrete-crack-detection-dataset/image/positive/pos_img_253.jpg,1,acoustic_abnormal,multimodal_concrete_crack_audio,train
dataset/multimodal-concrete-crack-detection-dataset/audio/negative/neg_audio_1698.wav,dataset/multimodal-concrete-crack-detection-dataset/image/negative/neg_img_1698.jpg,0,normal,multimodal_concrete_crack_audio,train
dataset/multimodal-concrete-crack-detection-dataset/audio/negative/neg_audio_1855.wav,dataset/multimodal-concrete-crack-detection-dataset/image/negative/neg_img_1855.jpg,0,normal,multimodal_concrete_crack_audio,test
dataset/multimodal-concrete-crack-detection-dataset/audio/negative/neg_audio_403.wav,dataset/multimodal-concrete-crack-detection-dataset/image/negative/neg_img_403.jpg,0,normal,multimodal_concrete_crack_audio,train
dataset/multimodal-concrete-crack-detection-dataset/audio/negative/neg_audio_1331.wav,dataset/multimodal-concrete-crack-detection-dataset/image/negative/neg_img_1331.jpg,0,normal,multimodal_concrete_crack_audio,val
dataset/multimodal-concrete-crack-detection-dataset/audio/negative/neg_audio_3152.wav,dataset/multimodal-concrete-crack-detection-dataset/image/negative/neg_img_3152.jpg,0,normal,multimodal_concrete_crack_audio,val
dataset/multimodal-concrete-crack-detection-dataset/audio/negative/neg_audio_2004.wav,dataset/multimodal-concrete-crack-detection-dataset/image/negative/neg_img_2004.jpg,0,normal,multimodal_concrete_crack_audio,train
dataset/multimodal-concrete-crack-detection-dataset/audio/negative/neg_audio_569.wav,dataset/multimodal-concrete-crack-detection-dataset/image/negative/neg_img_569.jpg,0,normal,multimodal_concrete_crack_audio,test
dataset/multimodal-concrete-crack-detection-dataset/audio/negative/neg_audio_2393.wav,dataset/multimodal-concrete-crack-detection-dataset/image/negative/neg_img_2393.jpg,0,normal,multimodal_concrete_crack_audio,val
dataset/multimodal-concrete-crack-detection-dataset/audio/negative/neg_audio_3106.wav,dataset/multimodal-concrete-crack-detection-dataset/image/negative/neg_img_3106.jpg,0,normal,multimodal_concrete_crack_audio,train
dataset/multimodal-concrete-crack-detection-dataset/audio/negative/neg_audio_422.wav,dataset/multimodal-concrete-crack-detection-dataset/image/negative/neg_img_422.jpg,0,normal,multimodal_concrete_crack_audio,val
dataset/multimodal-concrete-crack-detection-dataset/audio/positive/pos_audio_457.wav,dataset/multimodal-concrete-crack-detection-dataset/image/positive/pos_img_457.jpg,1,acoustic_abnormal,multimodal_concrete_crack_audio,train
dataset/multimodal-concrete-crack-detection-dataset/audio/positive/pos_audio_592.wav,dataset/multimodal-concrete-crack-detection-dataset/image/positive/pos_img_592.jpg,1,acoustic_abnormal,multimodal_concrete_crack_audio,train
dataset/multimodal-concrete-crack-detection-dataset/audio/negative/neg_audio_2832.wav,dataset/multimodal-concrete-crack-detection-dataset/image/negative/neg_img_2832.jpg,0,normal,multimodal_concrete_crack_audio,train
dataset/multimodal-concrete-crack-detection-dataset/audio/positive/pos_audio_449.wav,dataset/multimodal-concrete-crack-detection-dataset/image/positive/pos_img_449.jpg,1,acoustic_abnormal,multimodal_concrete_crack_audio,test
dataset/multimodal-concrete-crack-detection-dataset/audio/negative/neg_audio_1369.wav,dataset/multimodal-concrete-crack-detection-dataset/image/negative/neg_img_1369.jpg,0,normal,multimodal_concrete_crack_audio,train
dataset/multimodal-concrete-crack-detection-dataset/audio/negative/neg_audio_29.wav,dataset/multimodal-concrete-crack-detection-dataset/image/negative/neg_img_29.jpg,0,normal,multimodal_concrete_crack_audio,train
dataset/multimodal-concrete-crack-detection-dataset/audio/negative/neg_audio_777.wav,dataset/multimodal-concrete-crack-detection-dataset/image/negative/neg_img_777.jpg,0,normal,multimodal_concrete_crack_audio,train
dataset/multimodal-concrete-crack-detection-dataset/audio/negative/neg_audio_991.wav,dataset/multimodal-concrete-crack-detection-dataset/image/negative/neg_img_991.jpg,0,normal,multimodal_concrete_crack_audio,train
dataset/multimodal-concrete-crack-detection-dataset/audio/negative/neg_audio_359.wav,dataset/multimodal-concrete-crack-detection-dataset/image/negative/neg_img_359.jpg,0,normal,multimodal_concrete_crack_audio,val
dataset/multimodal-concrete-crack-detection-dataset/audio/negative/neg_audio_2910.wav,dataset/multimodal-concrete-crack-detection-dataset/image/negative/neg_img_2910.jpg,0,normal,multimodal_concrete_crack_audio,val
dataset/multimodal-concrete-crack-detection-dataset/audio/negative/neg_audio_3124.wav,dataset/multimodal-concrete-crack-detection-dataset/image/negative/neg_img_3124.jpg,0,normal,multimodal_concrete_crack_audio,val
dataset/multimodal-concrete-crack-detection-dataset/audio/negative/neg_audio_1473.wav,dataset/multimodal-concrete-crack-detection-dataset/image/negative/neg_img_1473.jpg,0,normal,multimodal_concrete_crack_audio,train
dataset/multimodal-concrete-crack-detection-dataset/audio/positive/pos_audio_298.wav,dataset/multimodal-concrete-crack-detection-dataset/image/positive/pos_img_298.jpg,1,acoustic_abnormal,multimodal_concrete_crack_audio,train
dataset/multimodal-concrete-crack-detection-dataset/audio/positive/pos_audio_521.wav,dataset/multimodal-concrete-crack-detection-dataset/image/positive/pos_img_521.jpg,1,acoustic_abnormal,multimodal_concrete_crack_audio,train
dataset/multimodal-concrete-crack-detection-dataset/audio/negative/neg_audio_774.wav,dataset/multimodal-concrete-crack-detection-dataset/image/negative/neg_img_774.jpg,0,normal,multimodal_concrete_crack_audio,train
dataset/multimodal-concrete-crack-detection-dataset/audio/negative/neg_audio_1768.wav,dataset/multimodal-concrete-crack-detection-dataset/image/negative/neg_img_1768.jpg,0,normal,multimodal_concrete_crack_audio,train
dataset/multimodal-concrete-crack-detection-dataset/audio/positive/pos_audio_705.wav,dataset/multimodal-concrete-crack-detection-dataset/image/positive/pos_img_705.jpg,1,acoustic_abnormal,multimodal_concrete_crack_audio,train
dataset/multimodal-concrete-crack-detection-dataset/audio/negative/neg_audio_2572.wav,dataset/multimodal-concrete-crack-detection-dataset/image/negative/neg_img_2572.jpg,0,normal,multimodal_concrete_crack_audio,train
dataset/multimodal-concrete-crack-detection-dataset/audio/negative/neg_audio_1997.wav,dataset/multimodal-concrete-crack-detection-dataset/image/negative/neg_img_1997.jpg,0,normal,multimodal_concrete_crack_audio,train
dataset/multimodal-concrete-crack-detection-dataset/audio/negative/neg_audio_1202.wav,dataset/multimodal-concrete-crack-detection-dataset/image/negative/neg_img_1202.jpg,0,normal,multimodal_concrete_crack_audio,val
dataset/multimodal-concrete-crack-detection-dataset/audio/negative/neg_audio_1668.wav,dataset/multimodal-concrete-crack-detection-dataset/image/negative/neg_img_1668.jpg,0,normal,multimodal_concrete_crack_audio,test
dataset/multimodal-concrete-crack-detection-dataset/audio/negative/neg_audio_2441.wav,dataset/multimodal-concrete-crack-detection-dataset/image/negative/neg_img_2441.jpg,0,normal,multimodal_concrete_crack_audio,train
dataset/multimodal-concrete-crack-detection-dataset/audio/negative/neg_audio_2065.wav,dataset/multimodal-concrete-crack-detection-dataset/image/negative/neg_img_2065.jpg,0,normal,multimodal_concrete_crack_audio,val
dataset/multimodal-concrete-crack-detection-dataset/audio/negative/neg_audio_1694.wav,dataset/multimodal-concrete-crack-detection-dataset/image/negative/neg_img_1694.jpg,0,normal,multimodal_concrete_crack_audio,train
dataset/multimodal-concrete-crack-detection-dataset/audio/negative/neg_audio_3044.wav,dataset/multimodal-concrete-crack-detection-dataset/image/negative/neg_img_3044.jpg,0,normal,multimodal_concrete_crack_audio,train
dataset/multimodal-concrete-crack-detection-dataset/audio/negative/neg_audio_976.wav,dataset/multimodal-concrete-crack-detection-dataset/image/negative/neg_img_976.jpg,0,normal,multimodal_concrete_crack_audio,test
dataset/multimodal-concrete-crack-detection-dataset/audio/negative/neg_audio_831.wav,dataset/multimodal-concrete-crack-detection-dataset/image/negative/neg_img_831.jpg,0,normal,multimodal_concrete_crack_audio,train
dataset/multimodal-concrete-crack-detection-dataset/audio/negative/neg_audio_1058.wav,dataset/multimodal-concrete-crack-detection-dataset/image/negative/neg_img_1058.jpg,0,normal,multimodal_concrete_crack_audio,train
dataset/multimodal-concrete-crack-detection-dataset/audio/negative/neg_audio_1041.wav,dataset/multimodal-concrete-crack-detection-dataset/image/negative/neg_img_1041.jpg,0,normal,multimodal_concrete_crack_audio,train
dataset/multimodal-concrete-crack-detection-dataset/audio/negative/neg_audio_745.wav,dataset/multimodal-concrete-crack-detection-dataset/image/negative/neg_img_745.jpg,0,normal,multimodal_concrete_crack_audio,train
dataset/multimodal-concrete-crack-detection-dataset/audio/positive/pos_audio_324.wav,dataset/multimodal-concrete-crack-detection-dataset/image/positive/pos_img_324.jpg,1,acoustic_abnormal,multimodal_concrete_crack_audio,train
dataset/multimodal-concrete-crack-detection-dataset/audio/positive/pos_audio_503.wav,dataset/multimodal-concrete-crack-detection-dataset/image/positive/pos_img_503.jpg,1,acoustic_abnormal,multimodal_concrete_crack_audio,val
dataset/multimodal-concrete-crack-detection-dataset/audio/negative/neg_audio_2657.wav,dataset/multimodal-concrete-crack-detection-dataset/image/negative/neg_img_2657.jpg,0,normal,multimodal_concrete_crack_audio,train
dataset/multimodal-concrete-crack-detection-dataset/audio/positive/pos_audio_52.wav,dataset/multimodal-concrete-crack-detection-dataset/image/positive/pos_img_52.jpg,1,acoustic_abnormal,multimodal_concrete_crack_audio,train
dataset/multimodal-concrete-crack-detection-dataset/audio/negative/neg_audio_2679.wav,dataset/multimodal-concrete-crack-detection-dataset/image/negative/neg_img_2679.jpg,0,normal,multimodal_concrete_crack_audio,test
dataset/multimodal-concrete-crack-detection-dataset/audio/negative/neg_audio_1194.wav,dataset/multimodal-concrete-crack-detection-dataset/image/negative/neg_img_1194.jpg,0,normal,multimodal_concrete_crack_audio,train
dataset/multimodal-concrete-crack-detection-dataset/audio/negative/neg_audio_433.wav,dataset/multimodal-concrete-crack-detection-dataset/image/negative/neg_img_433.jpg,0,normal,multimodal_concrete_crack_audio,train
dataset/multimodal-concrete-crack-detection-dataset/audio/negative/neg_audio_2362.wav,dataset/multimodal-concrete-crack-detection-dataset/image/negative/neg_img_2362.jpg,0,normal,multimodal_concrete_crack_audio,val
dataset/multimodal-concrete-crack-detection-dataset/audio/negative/neg_audio_466.wav,dataset/multimodal-concrete-crack-detection-dataset/image/negative/neg_img_466.jpg,0,normal,multimodal_concrete_crack_audio,val
dataset/multimodal-concrete-crack-detection-dataset/audio/negative/neg_audio_2105.wav,dataset/multimodal-concrete-crack-detection-dataset/image/negative/neg_img_2105.jpg,0,normal,multimodal_concrete_crack_audio,train
dataset/multimodal-concrete-crack-detection-dataset/audio/positive/pos_audio_614.wav,dataset/multimodal-concrete-crack-detection-dataset/image/positive/pos_img_614.jpg,1,acoustic_abnormal,multimodal_concrete_crack_audio,test
dataset/multimodal-concrete-crack-detection-dataset/audio/negative/neg_audio_1936.wav,dataset/multimodal-concrete-crack-detection-dataset/image/negative/neg_img_1936.jpg,0,normal,multimodal_concrete_crack_audio,val
dataset/multimodal-concrete-crack-detection-dataset/audio/negative/neg_audio_598.wav,dataset/multimodal-concrete-crack-detection-dataset/image/negative/neg_img_598.jpg,0,normal,multimodal_concrete_crack_audio,train
dataset/multimodal-concrete-crack-detection-dataset/audio/negative/neg_audio_1244.wav,dataset/multimodal-concrete-crack-detection-dataset/image/negative/neg_img_1244.jpg,0,normal,multimodal_concrete_crack_audio,test
dataset/multimodal-concrete-crack-detection-dataset/audio/negative/neg_audio_1809.wav,dataset/multimodal-concrete-crack-detection-dataset/image/negative/neg_img_1809.jpg,0,normal,multimodal_concrete_crack_audio,train
dataset/multimodal-concrete-crack-detection-dataset/audio/positive/pos_audio_337.wav,dataset/multimodal-concrete-crack-detection-dataset/image/positive/pos_img_337.jpg,1,acoustic_abnormal,multimodal_concrete_crack_audio,train
dataset/multimodal-concrete-crack-detection-dataset/audio/negative/neg_audio_3004.wav,dataset/multimodal-concrete-crack-detection-dataset/image/negative/neg_img_3004.jpg,0,normal,multimodal_concrete_crack_audio,train
dataset/multimodal-concrete-crack-detection-dataset/audio/negative/neg_audio_603.wav,dataset/multimodal-concrete-crack-detection-dataset/image/negative/neg_img_603.jpg,0,normal,multimodal_concrete_crack_audio,train
dataset/multimodal-concrete-crack-detection-dataset/audio/negative/neg_audio_1719.wav,dataset/multimodal-concrete-crack-detection-dataset/image/negative/neg_img_1719.jpg,0,normal,multimodal_concrete_crack_audio,train
dataset/multimodal-concrete-crack-detection-dataset/audio/positive/pos_audio_851.wav,dataset/multimodal-concrete-crack-detection-dataset/image/positive/pos_img_851.jpg,1,acoustic_abnormal,multimodal_concrete_crack_audio,train
dataset/multimodal-concrete-crack-detection-dataset/audio/negative/neg_audio_973.wav,dataset/multimodal-concrete-crack-detection-dataset/image/negative/neg_img_973.jpg,0,normal,multimodal_concrete_crack_audio,val
dataset/multimodal-concrete-crack-detection-dataset/audio/negative/neg_audio_2349.wav,dataset/multimodal-concrete-crack-detection-dataset/image/negative/neg_img_2349.jpg,0,normal,multimodal_concrete_crack_audio,test
dataset/multimodal-concrete-crack-detection-dataset/audio/negative/neg_audio_1921.wav,dataset/multimodal-concrete-crack-detection-dataset/image/negative/neg_img_1921.jpg,0,normal,multimodal_concrete_crack_audio,train
dataset/multimodal-concrete-crack-detection-dataset/audio/negative/neg_audio_1162.wav,dataset/multimodal-concrete-crack-detection-dataset/image/negative/neg_img_1162.jpg,0,normal,multimodal_concrete_crack_audio,train
dataset/multimodal-concrete-crack-detection-dataset/audio/negative/neg_audio_324.wav,dataset/multimodal-concrete-crack-detection-dataset/image/negative/neg_img_324.jpg,0,normal,multimodal_concrete_crack_audio,train
dataset/multimodal-concrete-crack-detection-dataset/audio/negative/neg_audio_628.wav,dataset/multimodal-concrete-crack-detection-dataset/image/negative/neg_img_628.jpg,0,normal,multimodal_concrete_crack_audio,train
dataset/multimodal-concrete-crack-detection-dataset/audio/negative/neg_audio_596.wav,dataset/multimodal-concrete-crack-detection-dataset/image/negative/neg_img_596.jpg,0,normal,multimodal_concrete_crack_audio,train
dataset/multimodal-concrete-crack-detection-dataset/audio/negative/neg_audio_742.wav,dataset/multimodal-concrete-crack-detection-dataset/image/negative/neg_img_742.jpg,0,normal,multimodal_concrete_crack_audio,train
dataset/multimodal-concrete-crack-detection-dataset/audio/negative/neg_audio_2743.wav,dataset/multimodal-concrete-crack-detection-dataset/image/negative/neg_img_2743.jpg,0,normal,multimodal_concrete_crack_audio,val
dataset/multimodal-concrete-crack-detection-dataset/audio/positive/pos_audio_203.wav,dataset/multimodal-concrete-crack-detection-dataset/image/positive/pos_img_203.jpg,1,acoustic_abnormal,multimodal_concrete_crack_audio,train
dataset/multimodal-concrete-crack-detection-dataset/audio/positive/pos_audio_4.wav,dataset/multimodal-concrete-crack-detection-dataset/image/positive/pos_img_4.jpg,1,acoustic_abnormal,multimodal_concrete_crack_audio,train
dataset/multimodal-concrete-crack-detection-dataset/audio/positive/pos_audio_70.wav,dataset/multimodal-concrete-crack-detection-dataset/image/positive/pos_img_70.jpg,1,acoustic_abnormal,multimodal_concrete_crack_audio,val
dataset/multimodal-concrete-crack-detection-dataset/audio/negative/neg_audio_2108.wav,dataset/multimodal-concrete-crack-detection-dataset/image/negative/neg_img_2108.jpg,0,normal,multimodal_concrete_crack_audio,train
dataset/multimodal-concrete-crack-detection-dataset/audio/negative/neg_audio_2134.wav,dataset/multimodal-concrete-crack-detection-dataset/image/negative/neg_img_2134.jpg,0,normal,multimodal_concrete_crack_audio,test
dataset/multimodal-concrete-crack-detection-dataset/audio/negative/neg_audio_2713.wav,dataset/multimodal-concrete-crack-detection-dataset/image/negative/neg_img_2713.jpg,0,normal,multimodal_concrete_crack_audio,train
dataset/multimodal-concrete-crack-detection-dataset/audio/negative/neg_audio_286.wav,dataset/multimodal-concrete-crack-detection-dataset/image/negative/neg_img_286.jpg,0,normal,multimodal_concrete_crack_audio,train
dataset/multimodal-concrete-crack-detection-dataset/audio/negative/neg_audio_73.wav,dataset/multimodal-concrete-crack-detection-dataset/image/negative/neg_img_73.jpg,0,normal,multimodal_concrete_crack_audio,val
dataset/multimodal-concrete-crack-detection-dataset/audio/negative/neg_audio_2802.wav,dataset/multimodal-concrete-crack-detection-dataset/image/negative/neg_img_2802.jpg,0,normal,multimodal_concrete_crack_audio,test
dataset/multimodal-concrete-crack-detection-dataset/audio/negative/neg_audio_563.wav,dataset/multimodal-concrete-crack-detection-dataset/image/negative/neg_img_563.jpg,0,normal,multimodal_concrete_crack_audio,train
dataset/multimodal-concrete-crack-detection-dataset/audio/negative/neg_audio_1163.wav,dataset/multimodal-concrete-crack-detection-dataset/image/negative/neg_img_1163.jpg,0,normal,multimodal_concrete_crack_audio,train
dataset/multimodal-concrete-crack-detection-dataset/audio/negative/neg_audio_1890.wav,dataset/multimodal-concrete-crack-detection-dataset/image/negative/neg_img_1890.jpg,0,normal,multimodal_concrete_crack_audio,val
dataset/multimodal-concrete-crack-detection-dataset/audio/positive/pos_audio_272.wav,dataset/multimodal-concrete-crack-detection-dataset/image/positive/pos_img_272.jpg,1,acoustic_abnormal,multimodal_concrete_crack_audio,train
dataset/multimodal-concrete-crack-detection-dataset/audio/negative/neg_audio_2029.wav,dataset/multimodal-concrete-crack-detection-dataset/image/negative/neg_img_2029.jpg,0,normal,multimodal_concrete_crack_audio,train
dataset/multimodal-concrete-crack-detection-dataset/audio/negative/neg_audio_2934.wav,dataset/multimodal-concrete-crack-detection-dataset/image/negative/neg_img_2934.jpg,0,normal,multimodal_concrete_crack_audio,train
dataset/multimodal-concrete-crack-detection-dataset/audio/negative/neg_audio_2040.wav,dataset/multimodal-concrete-crack-detection-dataset/image/negative/neg_img_2040.jpg,0,normal,multimodal_concrete_crack_audio,train
dataset/multimodal-concrete-crack-detection-dataset/audio/negative/neg_audio_1824.wav,dataset/multimodal-concrete-crack-detection-dataset/image/negative/neg_img_1824.jpg,0,normal,multimodal_concrete_crack_audio,train
dataset/multimodal-concrete-crack-detection-dataset/audio/negative/neg_audio_2067.wav,dataset/multimodal-concrete-crack-detection-dataset/image/negative/neg_img_2067.jpg,0,normal,multimodal_concrete_crack_audio,train
dataset/multimodal-concrete-crack-detection-dataset/audio/negative/neg_audio_701.wav,dataset/multimodal-concrete-crack-detection-dataset/image/negative/neg_img_701.jpg,0,normal,multimodal_concrete_crack_audio,train
dataset/multimodal-concrete-crack-detection-dataset/audio/negative/neg_audio_1505.wav,dataset/multimodal-concrete-crack-detection-dataset/image/negative/neg_img_1505.jpg,0,normal,multimodal_concrete_crack_audio,val
dataset/multimodal-concrete-crack-detection-dataset/audio/negative/neg_audio_1922.wav,dataset/multimodal-concrete-crack-detection-dataset/image/negative/neg_img_1922.jpg,0,normal,multimodal_concrete_crack_audio,test
dataset/multimodal-concrete-crack-detection-dataset/audio/negative/neg_audio_1006.wav,dataset/multimodal-concrete-crack-detection-dataset/image/negative/neg_img_1006.jpg,0,normal,multimodal_concrete_crack_audio,val
dataset/multimodal-concrete-crack-detection-dataset/audio/negative/neg_audio_1908.wav,dataset/multimodal-concrete-crack-detection-dataset/image/negative/neg_img_1908.jpg,0,normal,multimodal_concrete_crack_audio,train
dataset/multimodal-concrete-crack-detection-dataset/audio/negative/neg_audio_1815.wav,dataset/multimodal-concrete-crack-detection-dataset/image/negative/neg_img_1815.jpg,0,normal,multimodal_concrete_crack_audio,val
dataset/multimodal-concrete-crack-detection-dataset/audio/negative/neg_audio_3055.wav,dataset/multimodal-concrete-crack-detection-dataset/image/negative/neg_img_3055.jpg,0,normal,multimodal_concrete_crack_audio,train
dataset/multimodal-concrete-crack-detection-dataset/audio/negative/neg_audio_2146.wav,dataset/multimodal-concrete-crack-detection-dataset/image/negative/neg_img_2146.jpg,0,normal,multimodal_concrete_crack_audio,train
dataset/multimodal-concrete-crack-detection-dataset/audio/negative/neg_audio_3064.wav,dataset/multimodal-concrete-crack-detection-dataset/image/negative/neg_img_3064.jpg,0,normal,multimodal_concrete_crack_audio,train
dataset/multimodal-concrete-crack-detection-dataset/audio/negative/neg_audio_3098.wav,dataset/multimodal-concrete-crack-detection-dataset/image/negative/neg_img_3098.jpg,0,normal,multimodal_concrete_crack_audio,val
dataset/multimodal-concrete-crack-detection-dataset/audio/negative/neg_audio_1944.wav,dataset/multimodal-concrete-crack-detection-dataset/image/negative/neg_img_1944.jpg,0,normal,multimodal_concrete_crack_audio,train
dataset/multimodal-concrete-crack-detection-dataset/audio/negative/neg_audio_541.wav,dataset/multimodal-concrete-crack-detection-dataset/image/negative/neg_img_541.jpg,0,normal,multimodal_concrete_crack_audio,train
dataset/multimodal-concrete-crack-detection-dataset/audio/negative/neg_audio_2435.wav,dataset/multimodal-concrete-crack-detection-dataset/image/negative/neg_img_2435.jpg,0,normal,multimodal_concrete_crack_audio,train
dataset/multimodal-concrete-crack-detection-dataset/audio/positive/pos_audio_547.wav,dataset/multimodal-concrete-crack-detection-dataset/image/positive/pos_img_547.jpg,1,acoustic_abnormal,multimodal_concrete_crack_audio,train
dataset/multimodal-concrete-crack-detection-dataset/audio/negative/neg_audio_2037.wav,dataset/multimodal-concrete-crack-detection-dataset/image/negative/neg_img_2037.jpg,0,normal,multimodal_concrete_crack_audio,test
dataset/multimodal-concrete-crack-detection-dataset/audio/positive/pos_audio_179.wav,dataset/multimodal-concrete-crack-detection-dataset/image/positive/pos_img_179.jpg,1,acoustic_abnormal,multimodal_concrete_crack_audio,train
dataset/multimodal-concrete-crack-detection-dataset/audio/negative/neg_audio_2439.wav,dataset/multimodal-concrete-crack-detection-dataset/image/negative/neg_img_2439.jpg,0,normal,multimodal_concrete_crack_audio,train
dataset/multimodal-concrete-crack-detection-dataset/audio/negative/neg_audio_1344.wav,dataset/multimodal-concrete-crack-detection-dataset/image/negative/neg_img_1344.jpg,0,normal,multimodal_concrete_crack_audio,train
dataset/multimodal-concrete-crack-detection-dataset/audio/positive/pos_audio_712.wav,dataset/multimodal-concrete-crack-detection-dataset/image/positive/pos_img_712.jpg,1,acoustic_abnormal,multimodal_concrete_crack_audio,train
dataset/multimodal-concrete-crack-detection-dataset/audio/negative/neg_audio_750.wav,dataset/multimodal-concrete-crack-detection-dataset/image/negative/neg_img_750.jpg,0,normal,multimodal_concrete_crack_audio,val
dataset/multimodal-concrete-crack-detection-dataset/audio/negative/neg_audio_3153.wav,dataset/multimodal-concrete-crack-detection-dataset/image/negative/neg_img_3153.jpg,0,normal,multimodal_concrete_crack_audio,train
dataset/multimodal-concrete-crack-detection-dataset/audio/negative/neg_audio_1846.wav,dataset/multimodal-concrete-crack-detection-dataset/image/negative/neg_img_1846.jpg,0,normal,multimodal_concrete_crack_audio,test
dataset/multimodal-concrete-crack-detection-dataset/audio/positive/pos_audio_416.wav,dataset/multimodal-concrete-crack-detection-dataset/image/positive/pos_img_416.jpg,1,acoustic_abnormal,multimodal_concrete_crack_audio,train
dataset/multimodal-concrete-crack-detection-dataset/audio/positive/pos_audio_858.wav,dataset/multimodal-concrete-crack-detection-dataset/image/positive/pos_img_858.jpg,1,acoustic_abnormal,multimodal_concrete_crack_audio,val
dataset/multimodal-concrete-crack-detection-dataset/audio/positive/pos_audio_116.wav,dataset/multimodal-concrete-crack-detection-dataset/image/positive/pos_img_116.jpg,1,acoustic_abnormal,multimodal_concrete_crack_audio,val
dataset/multimodal-concrete-crack-detection-dataset/audio/negative/neg_audio_212.wav,dataset/multimodal-concrete-crack-detection-dataset/image/negative/neg_img_212.jpg,0,normal,multimodal_concrete_crack_audio,test
dataset/multimodal-concrete-crack-detection-dataset/audio/negative/neg_audio_254.wav,dataset/multimodal-concrete-crack-detection-dataset/image/negative/neg_img_254.jpg,0,normal,multimodal_concrete_crack_audio,train
dataset/multimodal-concrete-crack-detection-dataset/audio/negative/neg_audio_3024.wav,dataset/multimodal-concrete-crack-detection-dataset/image/negative/neg_img_3024.jpg,0,normal,multimodal_concrete_crack_audio,val
dataset/multimodal-concrete-crack-detection-dataset/audio/positive/pos_audio_859.wav,dataset/multimodal-concrete-crack-detection-dataset/image/positive/pos_img_859.jpg,1,acoustic_abnormal,multimodal_concrete_crack_audio,test
dataset/multimodal-concrete-crack-detection-dataset/audio/negative/neg_audio_1330.wav,dataset/multimodal-concrete-crack-detection-dataset/image/negative/neg_img_1330.jpg,0,normal,multimodal_concrete_crack_audio,train
dataset/multimodal-concrete-crack-detection-dataset/audio/negative/neg_audio_1288.wav,dataset/multimodal-concrete-crack-detection-dataset/image/negative/neg_img_1288.jpg,0,normal,multimodal_concrete_crack_audio,test
dataset/multimodal-concrete-crack-detection-dataset/audio/negative/neg_audio_1552.wav,dataset/multimodal-concrete-crack-detection-dataset/image/negative/neg_img_1552.jpg,0,normal,multimodal_concrete_crack_audio,val
dataset/multimodal-concrete-crack-detection-dataset/audio/negative/neg_audio_1467.wav,dataset/multimodal-concrete-crack-detection-dataset/image/negative/neg_img_1467.jpg,0,normal,multimodal_concrete_crack_audio,train
dataset/multimodal-concrete-crack-detection-dataset/audio/positive/pos_audio_716.wav,dataset/multimodal-concrete-crack-detection-dataset/image/positive/pos_img_716.jpg,1,acoustic_abnormal,multimodal_concrete_crack_audio,val
dataset/multimodal-concrete-crack-detection-dataset/audio/negative/neg_audio_744.wav,dataset/multimodal-concrete-crack-detection-dataset/image/negative/neg_img_744.jpg,0,normal,multimodal_concrete_crack_audio,train
dataset/multimodal-concrete-crack-detection-dataset/audio/negative/neg_audio_2072.wav,dataset/multimodal-concrete-crack-detection-dataset/image/negative/neg_img_2072.jpg,0,normal,multimodal_concrete_crack_audio,train
dataset/multimodal-concrete-crack-detection-dataset/audio/negative/neg_audio_3058.wav,dataset/multimodal-concrete-crack-detection-dataset/image/negative/neg_img_3058.jpg,0,normal,multimodal_concrete_crack_audio,train
dataset/multimodal-concrete-crack-detection-dataset/audio/negative/neg_audio_1959.wav,dataset/multimodal-concrete-crack-detection-dataset/image/negative/neg_img_1959.jpg,0,normal,multimodal_concrete_crack_audio,train
dataset/multimodal-concrete-crack-detection-dataset/audio/positive/pos_audio_407.wav,dataset/multimodal-concrete-crack-detection-dataset/image/positive/pos_img_407.jpg,1,acoustic_abnormal,multimodal_concrete_crack_audio,val
dataset/multimodal-concrete-crack-detection-dataset/audio/positive/pos_audio_135.wav,dataset/multimodal-concrete-crack-detection-dataset/image/positive/pos_img_135.jpg,1,acoustic_abnormal,multimodal_concrete_crack_audio,train
dataset/multimodal-concrete-crack-detection-dataset/audio/negative/neg_audio_1486.wav,dataset/multimodal-concrete-crack-detection-dataset/image/negative/neg_img_1486.jpg,0,normal,multimodal_concrete_crack_audio,train
dataset/multimodal-concrete-crack-detection-dataset/audio/positive/pos_audio_512.wav,dataset/multimodal-concrete-crack-detection-dataset/image/positive/pos_img_512.jpg,1,acoustic_abnormal,multimodal_concrete_crack_audio,train
dataset/multimodal-concrete-crack-detection-dataset/audio/negative/neg_audio_898.wav,dataset/multimodal-concrete-crack-detection-dataset/image/negative/neg_img_898.jpg,0,normal,multimodal_concrete_crack_audio,test
dataset/multimodal-concrete-crack-detection-dataset/audio/positive/pos_audio_353.wav,dataset/multimodal-concrete-crack-detection-dataset/image/positive/pos_img_353.jpg,1,acoustic_abnormal,multimodal_concrete_crack_audio,train
dataset/multimodal-concrete-crack-detection-dataset/audio/positive/pos_audio_721.wav,dataset/multimodal-concrete-crack-detection-dataset/image/positive/pos_img_721.jpg,1,acoustic_abnormal,multimodal_concrete_crack_audio,train
dataset/multimodal-concrete-crack-detection-dataset/audio/negative/neg_audio_2015.wav,dataset/multimodal-concrete-crack-detection-dataset/image/negative/neg_img_2015.jpg,0,normal,multimodal_concrete_crack_audio,train
dataset/multimodal-concrete-crack-detection-dataset/audio/negative/neg_audio_2522.wav,dataset/multimodal-concrete-crack-detection-dataset/image/negative/neg_img_2522.jpg,0,normal,multimodal_concrete_crack_audio,train
dataset/multimodal-concrete-crack-detection-dataset/audio/negative/neg_audio_2845.wav,dataset/multimodal-concrete-crack-detection-dataset/image/negative/neg_img_2845.jpg,0,normal,multimodal_concrete_crack_audio,train
dataset/multimodal-concrete-crack-detection-dataset/audio/positive/pos_audio_157.wav,dataset/multimodal-concrete-crack-detection-dataset/image/positive/pos_img_157.jpg,1,acoustic_abnormal,multimodal_concrete_crack_audio,train
dataset/multimodal-concrete-crack-detection-dataset/audio/negative/neg_audio_247.wav,dataset/multimodal-concrete-crack-detection-dataset/image/negative/neg_img_247.jpg,0,normal,multimodal_concrete_crack_audio,val
dataset/multimodal-concrete-crack-detection-dataset/audio/positive/pos_audio_505.wav,dataset/multimodal-concrete-crack-detection-dataset/image/positive/pos_img_505.jpg,1,acoustic_abnormal,multimodal_concrete_crack_audio,test
dataset/multimodal-concrete-crack-detection-dataset/audio/negative/neg_audio_2111.wav,dataset/multimodal-concrete-crack-detection-dataset/image/negative/neg_img_2111.jpg,0,normal,multimodal_concrete_crack_audio,train
dataset/multimodal-concrete-crack-detection-dataset/audio/positive/pos_audio_92.wav,dataset/multimodal-concrete-crack-detection-dataset/image/positive/pos_img_92.jpg,1,acoustic_abnormal,multimodal_concrete_crack_audio,train
dataset/multimodal-concrete-crack-detection-dataset/audio/negative/neg_audio_1854.wav,dataset/multimodal-concrete-crack-detection-dataset/image/negative/neg_img_1854.jpg,0,normal,multimodal_concrete_crack_audio,train
dataset/multimodal-concrete-crack-detection-dataset/audio/positive/pos_audio_109.wav,dataset/multimodal-concrete-crack-detection-dataset/image/positive/pos_img_109.jpg,1,acoustic_abnormal,multimodal_concrete_crack_audio,train
dataset/multimodal-concrete-crack-detection-dataset/audio/negative/neg_audio_2361.wav,dataset/multimodal-concrete-crack-detection-dataset/image/negative/neg_img_2361.jpg,0,normal,multimodal_concrete_crack_audio,test
dataset/multimodal-concrete-crack-detection-dataset/audio/positive/pos_audio_80.wav,dataset/multimodal-concrete-crack-detection-dataset/image/positive/pos_img_80.jpg,1,acoustic_abnormal,multimodal_concrete_crack_audio,train
dataset/multimodal-concrete-crack-detection-dataset/audio/negative/neg_audio_1064.wav,dataset/multimodal-concrete-crack-detection-dataset/image/negative/neg_img_1064.jpg,0,normal,multimodal_concrete_crack_audio,train
dataset/multimodal-concrete-crack-detection-dataset/audio/negative/neg_audio_2562.wav,dataset/multimodal-concrete-crack-detection-dataset/image/negative/neg_img_2562.jpg,0,normal,multimodal_concrete_crack_audio,train
dataset/multimodal-concrete-crack-detection-dataset/audio/negative/neg_audio_1386.wav,dataset/multimodal-concrete-crack-detection-dataset/image/negative/neg_img_1386.jpg,0,normal,multimodal_concrete_crack_audio,train
dataset/multimodal-concrete-crack-detection-dataset/audio/negative/neg_audio_3118.wav,dataset/multimodal-concrete-crack-detection-dataset/image/negative/neg_img_3118.jpg,0,normal,multimodal_concrete_crack_audio,train
dataset/multimodal-concrete-crack-detection-dataset/audio/negative/neg_audio_1689.wav,dataset/multimodal-concrete-crack-detection-dataset/image/negative/neg_img_1689.jpg,0,normal,multimodal_concrete_crack_audio,train
dataset/multimodal-concrete-crack-detection-dataset/audio/negative/neg_audio_1894.wav,dataset/multimodal-concrete-crack-detection-dataset/image/negative/neg_img_1894.jpg,0,normal,multimodal_concrete_crack_audio,train
dataset/multimodal-concrete-crack-detection-dataset/audio/negative/neg_audio_143.wav,dataset/multimodal-concrete-crack-detection-dataset/image/negative/neg_img_143.jpg,0,normal,multimodal_concrete_crack_audio,train
dataset/multimodal-concrete-crack-detection-dataset/audio/negative/neg_audio_2273.wav,dataset/multimodal-concrete-crack-detection-dataset/image/negative/neg_img_2273.jpg,0,normal,multimodal_concrete_crack_audio,train
dataset/multimodal-concrete-crack-detection-dataset/audio/negative/neg_audio_1700.wav,dataset/multimodal-concrete-crack-detection-dataset/image/negative/neg_img_1700.jpg,0,normal,multimodal_concrete_crack_audio,val
dataset/multimodal-concrete-crack-detection-dataset/audio/negative/neg_audio_3014.wav,dataset/multimodal-concrete-crack-detection-dataset/image/negative/neg_img_3014.jpg,0,normal,multimodal_concrete_crack_audio,train
dataset/multimodal-concrete-crack-detection-dataset/audio/negative/neg_audio_2906.wav,dataset/multimodal-concrete-crack-detection-dataset/image/negative/neg_img_2906.jpg,0,normal,multimodal_concrete_crack_audio,test
dataset/multimodal-concrete-crack-detection-dataset/audio/negative/neg_audio_2775.wav,dataset/multimodal-concrete-crack-detection-dataset/image/negative/neg_img_2775.jpg,0,normal,multimodal_concrete_crack_audio,val
dataset/multimodal-concrete-crack-detection-dataset/audio/negative/neg_audio_2518.wav,dataset/multimodal-concrete-crack-detection-dataset/image/negative/neg_img_2518.jpg,0,normal,multimodal_concrete_crack_audio,train
dataset/multimodal-concrete-crack-detection-dataset/audio/positive/pos_audio_428.wav,dataset/multimodal-concrete-crack-detection-dataset/image/positive/pos_img_428.jpg,1,acoustic_abnormal,multimodal_concrete_crack_audio,train
dataset/multimodal-concrete-crack-detection-dataset/audio/negative/neg_audio_1313.wav,dataset/multimodal-concrete-crack-detection-dataset/image/negative/neg_img_1313.jpg,0,normal,multimodal_concrete_crack_audio,test
dataset/multimodal-concrete-crack-detection-dataset/audio/positive/pos_audio_9.wav,dataset/multimodal-concrete-crack-detection-dataset/image/positive/pos_img_9.jpg,1,acoustic_abnormal,multimodal_concrete_crack_audio,train
dataset/multimodal-concrete-crack-detection-dataset/audio/negative/neg_audio_2770.wav,dataset/multimodal-concrete-crack-detection-dataset/image/negative/neg_img_2770.jpg,0,normal,multimodal_concrete_crack_audio,train
dataset/multimodal-concrete-crack-detection-dataset/audio/positive/pos_audio_528.wav,dataset/multimodal-concrete-crack-detection-dataset/image/positive/pos_img_528.jpg,1,acoustic_abnormal,multimodal_concrete_crack_audio,train
dataset/multimodal-concrete-crack-detection-dataset/audio/positive/pos_audio_440.wav,dataset/multimodal-concrete-crack-detection-dataset/image/positive/pos_img_440.jpg,1,acoustic_abnormal,multimodal_concrete_crack_audio,train
dataset/multimodal-concrete-crack-detection-dataset/audio/negative/neg_audio_908.wav,dataset/multimodal-concrete-crack-detection-dataset/image/negative/neg_img_908.jpg,0,normal,multimodal_concrete_crack_audio,train
dataset/multimodal-concrete-crack-detection-dataset/audio/negative/neg_audio_1235.wav,dataset/multimodal-concrete-crack-detection-dataset/image/negative/neg_img_1235.jpg,0,normal,multimodal_concrete_crack_audio,train
dataset/multimodal-concrete-crack-detection-dataset/audio/negative/neg_audio_1400.wav,dataset/multimodal-concrete-crack-detection-dataset/image/negative/neg_img_1400.jpg,0,normal,multimodal_concrete_crack_audio,val
dataset/multimodal-concrete-crack-detection-dataset/audio/positive/pos_audio_13.wav,dataset/multimodal-concrete-crack-detection-dataset/image/positive/pos_img_13.jpg,1,acoustic_abnormal,multimodal_concrete_crack_audio,train
dataset/multimodal-concrete-crack-detection-dataset/audio/negative/neg_audio_940.wav,dataset/multimodal-concrete-crack-detection-dataset/image/negative/neg_img_940.jpg,0,normal,multimodal_concrete_crack_audio,train
dataset/multimodal-concrete-crack-detection-dataset/audio/negative/neg_audio_3178.wav,dataset/multimodal-concrete-crack-detection-dataset/image/negative/neg_img_3178.jpg,0,normal,multimodal_concrete_crack_audio,train
dataset/multimodal-concrete-crack-detection-dataset/audio/negative/neg_audio_2145.wav,dataset/multimodal-concrete-crack-detection-dataset/image/negative/neg_img_2145.jpg,0,normal,multimodal_concrete_crack_audio,train
dataset/multimodal-concrete-crack-detection-dataset/audio/negative/neg_audio_423.wav,dataset/multimodal-concrete-crack-detection-dataset/image/negative/neg_img_423.jpg,0,normal,multimodal_concrete_crack_audio,train
dataset/multimodal-concrete-crack-detection-dataset/audio/negative/neg_audio_2867.wav,dataset/multimodal-concrete-crack-detection-dataset/image/negative/neg_img_2867.jpg,0,normal,multimodal_concrete_crack_audio,train
dataset/multimodal-concrete-crack-detection-dataset/audio/positive/pos_audio_134.wav,dataset/multimodal-concrete-crack-detection-dataset/image/positive/pos_img_134.jpg,1,acoustic_abnormal,multimodal_concrete_crack_audio,val
dataset/multimodal-concrete-crack-detection-dataset/audio/negative/neg_audio_1856.wav,dataset/multimodal-concrete-crack-detection-dataset/image/negative/neg_img_1856.jpg,0,normal,multimodal_concrete_crack_audio,train
dataset/multimodal-concrete-crack-detection-dataset/audio/negative/neg_audio_271.wav,dataset/multimodal-concrete-crack-detection-dataset/image/negative/neg_img_271.jpg,0,normal,multimodal_concrete_crack_audio,val
dataset/multimodal-concrete-crack-detection-dataset/audio/negative/neg_audio_660.wav,dataset/multimodal-concrete-crack-detection-dataset/image/negative/neg_img_660.jpg,0,normal,multimodal_concrete_crack_audio,train
dataset/multimodal-concrete-crack-detection-dataset/audio/negative/neg_audio_2314.wav,dataset/multimodal-concrete-crack-detection-dataset/image/negative/neg_img_2314.jpg,0,normal,multimodal_concrete_crack_audio,train
dataset/multimodal-concrete-crack-detection-dataset/audio/negative/neg_audio_1459.wav,dataset/multimodal-concrete-crack-detection-dataset/image/negative/neg_img_1459.jpg,0,normal,multimodal_concrete_crack_audio,train
dataset/multimodal-concrete-crack-detection-dataset/audio/negative/neg_audio_3160.wav,dataset/multimodal-concrete-crack-detection-dataset/image/negative/neg_img_3160.jpg,0,normal,multimodal_concrete_crack_audio,train
dataset/multimodal-concrete-crack-detection-dataset/audio/negative/neg_audio_2831.wav,dataset/multimodal-concrete-crack-detection-dataset/image/negative/neg_img_2831.jpg,0,normal,multimodal_concrete_crack_audio,train
dataset/multimodal-concrete-crack-detection-dataset/audio/negative/neg_audio_490.wav,dataset/multimodal-concrete-crack-detection-dataset/image/negative/neg_img_490.jpg,0,normal,multimodal_concrete_crack_audio,val
dataset/multimodal-concrete-crack-detection-dataset/audio/negative/neg_audio_1480.wav,dataset/multimodal-concrete-crack-detection-dataset/image/negative/neg_img_1480.jpg,0,normal,multimodal_concrete_crack_audio,train
dataset/multimodal-concrete-crack-detection-dataset/audio/negative/neg_audio_2747.wav,dataset/multimodal-concrete-crack-detection-dataset/image/negative/neg_img_2747.jpg,0,normal,multimodal_concrete_crack_audio,val
dataset/multimodal-concrete-crack-detection-dataset/audio/negative/neg_audio_937.wav,dataset/multimodal-concrete-crack-detection-dataset/image/negative/neg_img_937.jpg,0,normal,multimodal_concrete_crack_audio,val
dataset/multimodal-concrete-crack-detection-dataset/audio/positive/pos_audio_102.wav,dataset/multimodal-concrete-crack-detection-dataset/image/positive/pos_img_102.jpg,1,acoustic_abnormal,multimodal_concrete_crack_audio,test
dataset/multimodal-concrete-crack-detection-dataset/audio/positive/pos_audio_876.wav,dataset/multimodal-concrete-crack-detection-dataset/image/positive/pos_img_876.jpg,1,acoustic_abnormal,multimodal_concrete_crack_audio,train
dataset/multimodal-concrete-crack-detection-dataset/audio/negative/neg_audio_1047.wav,dataset/multimodal-concrete-crack-detection-dataset/image/negative/neg_img_1047.jpg,0,normal,multimodal_concrete_crack_audio,val
dataset/multimodal-concrete-crack-detection-dataset/audio/positive/pos_audio_596.wav,dataset/multimodal-concrete-crack-detection-dataset/image/positive/pos_img_596.jpg,1,acoustic_abnormal,multimodal_concrete_crack_audio,train
dataset/multimodal-concrete-crack-detection-dataset/audio/negative/neg_audio_797.wav,dataset/multimodal-concrete-crack-detection-dataset/image/negative/neg_img_797.jpg,0,normal,multimodal_concrete_crack_audio,train
dataset/multimodal-concrete-crack-detection-dataset/audio/negative/neg_audio_1931.wav,dataset/multimodal-concrete-crack-detection-dataset/image/negative/neg_img_1931.jpg,0,normal,multimodal_concrete_crack_audio,test
dataset/multimodal-concrete-crack-detection-dataset/audio/negative/neg_audio_2082.wav,dataset/multimodal-concrete-crack-detection-dataset/image/negative/neg_img_2082.jpg,0,normal,multimodal_concrete_crack_audio,val
dataset/multimodal-concrete-crack-detection-dataset/audio/positive/pos_audio_385.wav,dataset/multimodal-concrete-crack-detection-dataset/image/positive/pos_img_385.jpg,1,acoustic_abnormal,multimodal_concrete_crack_audio,train
dataset/multimodal-concrete-crack-detection-dataset/audio/negative/neg_audio_1569.wav,dataset/multimodal-concrete-crack-detection-dataset/image/negative/neg_img_1569.jpg,0,normal,multimodal_concrete_crack_audio,train
dataset/multimodal-concrete-crack-detection-dataset/audio/positive/pos_audio_831.wav,dataset/multimodal-concrete-crack-detection-dataset/image/positive/pos_img_831.jpg,1,acoustic_abnormal,multimodal_concrete_crack_audio,train
dataset/multimodal-concrete-crack-detection-dataset/audio/negative/neg_audio_2603.wav,dataset/multimodal-concrete-crack-detection-dataset/image/negative/neg_img_2603.jpg,0,normal,multimodal_concrete_crack_audio,train
dataset/multimodal-concrete-crack-detection-dataset/audio/negative/neg_audio_2399.wav,dataset/multimodal-concrete-crack-detection-dataset/image/negative/neg_img_2399.jpg,0,normal,multimodal_concrete_crack_audio,train
dataset/multimodal-concrete-crack-detection-dataset/audio/negative/neg_audio_966.wav,dataset/multimodal-concrete-crack-detection-dataset/image/negative/neg_img_966.jpg,0,normal,multimodal_concrete_crack_audio,train
dataset/multimodal-concrete-crack-detection-dataset/audio/negative/neg_audio_1281.wav,dataset/multimodal-concrete-crack-detection-dataset/image/negative/neg_img_1281.jpg,0,normal,multimodal_concrete_crack_audio,train
dataset/multimodal-concrete-crack-detection-dataset/audio/negative/neg_audio_2751.wav,dataset/multimodal-concrete-crack-detection-dataset/image/negative/neg_img_2751.jpg,0,normal,multimodal_concrete_crack_audio,train
dataset/multimodal-concrete-crack-detection-dataset/audio/negative/neg_audio_340.wav,dataset/multimodal-concrete-crack-detection-dataset/image/negative/neg_img_340.jpg,0,normal,multimodal_concrete_crack_audio,val
dataset/multimodal-concrete-crack-detection-dataset/audio/negative/neg_audio_511.wav,dataset/multimodal-concrete-crack-detection-dataset/image/negative/neg_img_511.jpg,0,normal,multimodal_concrete_crack_audio,train
dataset/multimodal-concrete-crack-detection-dataset/audio/negative/neg_audio_1623.wav,dataset/multimodal-concrete-crack-detection-dataset/image/negative/neg_img_1623.jpg,0,normal,multimodal_concrete_crack_audio,train
dataset/multimodal-concrete-crack-detection-dataset/audio/positive/pos_audio_265.wav,dataset/multimodal-concrete-crack-detection-dataset/image/positive/pos_img_265.jpg,1,acoustic_abnormal,multimodal_concrete_crack_audio,train
dataset/multimodal-concrete-crack-detection-dataset/audio/negative/neg_audio_46.wav,dataset/multimodal-concrete-crack-detection-dataset/image/negative/neg_img_46.jpg,0,normal,multimodal_concrete_crack_audio,train
dataset/multimodal-concrete-crack-detection-dataset/audio/negative/neg_audio_2398.wav,dataset/multimodal-concrete-crack-detection-dataset/image/negative/neg_img_2398.jpg,0,normal,multimodal_concrete_crack_audio,train
dataset/multimodal-concrete-crack-detection-dataset/audio/negative/neg_audio_1499.wav,dataset/multimodal-concrete-crack-detection-dataset/image/negative/neg_img_1499.jpg,0,normal,multimodal_concrete_crack_audio,train
dataset/multimodal-concrete-crack-detection-dataset/audio/negative/neg_audio_1640.wav,dataset/multimodal-concrete-crack-detection-dataset/image/negative/neg_img_1640.jpg,0,normal,multimodal_concrete_crack_audio,val
dataset/multimodal-concrete-crack-detection-dataset/audio/negative/neg_audio_1626.wav,dataset/multimodal-concrete-crack-detection-dataset/image/negative/neg_img_1626.jpg,0,normal,multimodal_concrete_crack_audio,val
dataset/multimodal-concrete-crack-detection-dataset/audio/negative/neg_audio_2994.wav,dataset/multimodal-concrete-crack-detection-dataset/image/negative/neg_img_2994.jpg,0,normal,multimodal_concrete_crack_audio,train
dataset/multimodal-concrete-crack-detection-dataset/audio/negative/neg_audio_1030.wav,dataset/multimodal-concrete-crack-detection-dataset/image/negative/neg_img_1030.jpg,0,normal,multimodal_concrete_crack_audio,train
dataset/multimodal-concrete-crack-detection-dataset/audio/negative/neg_audio_1269.wav,dataset/multimodal-concrete-crack-detection-dataset/image/negative/neg_img_1269.jpg,0,normal,multimodal_concrete_crack_audio,train
dataset/multimodal-concrete-crack-detection-dataset/audio/negative/neg_audio_1248.wav,dataset/multimodal-concrete-crack-detection-dataset/image/negative/neg_img_1248.jpg,0,normal,multimodal_concrete_crack_audio,train
dataset/multimodal-concrete-crack-detection-dataset/audio/negative/neg_audio_283.wav,dataset/multimodal-concrete-crack-detection-dataset/image/negative/neg_img_283.jpg,0,normal,multimodal_concrete_crack_audio,val
dataset/multimodal-concrete-crack-detection-dataset/audio/negative/neg_audio_459.wav,dataset/multimodal-concrete-crack-detection-dataset/image/negative/neg_img_459.jpg,0,normal,multimodal_concrete_crack_audio,train
dataset/multimodal-concrete-crack-detection-dataset/audio/negative/neg_audio_1267.wav,dataset/multimodal-concrete-crack-detection-dataset/image/negative/neg_img_1267.jpg,0,normal,multimodal_concrete_crack_audio,train
dataset/multimodal-concrete-crack-detection-dataset/audio/negative/neg_audio_59.wav,dataset/multimodal-concrete-crack-detection-dataset/image/negative/neg_img_59.jpg,0,normal,multimodal_concrete_crack_audio,train
dataset/multimodal-concrete-crack-detection-dataset/audio/negative/neg_audio_1303.wav,dataset/multimodal-concrete-crack-detection-dataset/image/negative/neg_img_1303.jpg,0,normal,multimodal_concrete_crack_audio,train
dataset/multimodal-concrete-crack-detection-dataset/audio/positive/pos_audio_832.wav,dataset/multimodal-concrete-crack-detection-dataset/image/positive/pos_img_832.jpg,1,acoustic_abnormal,multimodal_concrete_crack_audio,train
dataset/multimodal-concrete-crack-detection-dataset/audio/negative/neg_audio_840.wav,dataset/multimodal-concrete-crack-detection-dataset/image/negative/neg_img_840.jpg,0,normal,multimodal_concrete_crack_audio,val
dataset/multimodal-concrete-crack-detection-dataset/audio/negative/neg_audio_1586.wav,dataset/multimodal-concrete-crack-detection-dataset/image/negative/neg_img_1586.jpg,0,normal,multimodal_concrete_crack_audio,train
dataset/multimodal-concrete-crack-detection-dataset/audio/negative/neg_audio_2930.wav,dataset/multimodal-concrete-crack-detection-dataset/image/negative/neg_img_2930.jpg,0,normal,multimodal_concrete_crack_audio,train
dataset/multimodal-concrete-crack-detection-dataset/audio/negative/neg_audio_2058.wav,dataset/multimodal-concrete-crack-detection-dataset/image/negative/neg_img_2058.jpg,0,normal,multimodal_concrete_crack_audio,val
dataset/multimodal-concrete-crack-detection-dataset/audio/negative/neg_audio_2400.wav,dataset/multimodal-concrete-crack-detection-dataset/image/negative/neg_img_2400.jpg,0,normal,multimodal_concrete_crack_audio,val
dataset/multimodal-concrete-crack-detection-dataset/audio/negative/neg_audio_1899.wav,dataset/multimodal-concrete-crack-detection-dataset/image/negative/neg_img_1899.jpg,0,normal,multimodal_concrete_crack_audio,train
dataset/multimodal-concrete-crack-detection-dataset/audio/negative/neg_audio_2578.wav,dataset/multimodal-concrete-crack-detection-dataset/image/negative/neg_img_2578.jpg,0,normal,multimodal_concrete_crack_audio,train
dataset/multimodal-concrete-crack-detection-dataset/audio/negative/neg_audio_2881.wav,dataset/multimodal-concrete-crack-detection-dataset/image/negative/neg_img_2881.jpg,0,normal,multimodal_concrete_crack_audio,train
dataset/multimodal-concrete-crack-detection-dataset/audio/negative/neg_audio_2197.wav,dataset/multimodal-concrete-crack-detection-dataset/image/negative/neg_img_2197.jpg,0,normal,multimodal_concrete_crack_audio,train
dataset/multimodal-concrete-crack-detection-dataset/audio/negative/neg_audio_2116.wav,dataset/multimodal-concrete-crack-detection-dataset/image/negative/neg_img_2116.jpg,0,normal,multimodal_concrete_crack_audio,train
dataset/multimodal-concrete-crack-detection-dataset/audio/positive/pos_audio_854.wav,dataset/multimodal-concrete-crack-detection-dataset/image/positive/pos_img_854.jpg,1,acoustic_abnormal,multimodal_concrete_crack_audio,train
dataset/multimodal-concrete-crack-detection-dataset/audio/negative/neg_audio_2030.wav,dataset/multimodal-concrete-crack-detection-dataset/image/negative/neg_img_2030.jpg,0,normal,multimodal_concrete_crack_audio,train
dataset/multimodal-concrete-crack-detection-dataset/audio/negative/neg_audio_684.wav,dataset/multimodal-concrete-crack-detection-dataset/image/negative/neg_img_684.jpg,0,normal,multimodal_concrete_crack_audio,train
dataset/multimodal-concrete-crack-detection-dataset/audio/negative/neg_audio_1611.wav,dataset/multimodal-concrete-crack-detection-dataset/image/negative/neg_img_1611.jpg,0,normal,multimodal_concrete_crack_audio,val
dataset/multimodal-concrete-crack-detection-dataset/audio/negative/neg_audio_6.wav,dataset/multimodal-concrete-crack-detection-dataset/image/negative/neg_img_6.jpg,0,normal,multimodal_concrete_crack_audio,train
dataset/multimodal-concrete-crack-detection-dataset/audio/positive/pos_audio_466.wav,dataset/multimodal-concrete-crack-detection-dataset/image/positive/pos_img_466.jpg,1,acoustic_abnormal,multimodal_concrete_crack_audio,train
dataset/multimodal-concrete-crack-detection-dataset/audio/negative/neg_audio_819.wav,dataset/multimodal-concrete-crack-detection-dataset/image/negative/neg_img_819.jpg,0,normal,multimodal_concrete_crack_audio,train
dataset/multimodal-concrete-crack-detection-dataset/audio/positive/pos_audio_21.wav,dataset/multimodal-concrete-crack-detection-dataset/image/positive/pos_img_21.jpg,1,acoustic_abnormal,multimodal_concrete_crack_audio,train
dataset/multimodal-concrete-crack-detection-dataset/audio/negative/neg_audio_2943.wav,dataset/multimodal-concrete-crack-detection-dataset/image/negative/neg_img_2943.jpg,0,normal,multimodal_concrete_crack_audio,train
dataset/multimodal-concrete-crack-detection-dataset/audio/negative/neg_audio_920.wav,dataset/multimodal-concrete-crack-detection-dataset/image/negative/neg_img_920.jpg,0,normal,multimodal_concrete_crack_audio,train
dataset/multimodal-concrete-crack-detection-dataset/audio/negative/neg_audio_2787.wav,dataset/multimodal-concrete-crack-detection-dataset/image/negative/neg_img_2787.jpg,0,normal,multimodal_concrete_crack_audio,val
dataset/multimodal-concrete-crack-detection-dataset/audio/negative/neg_audio_2485.wav,dataset/multimodal-concrete-crack-detection-dataset/image/negative/neg_img_2485.jpg,0,normal,multimodal_concrete_crack_audio,test
dataset/multimodal-concrete-crack-detection-dataset/audio/negative/neg_audio_1549.wav,dataset/multimodal-concrete-crack-detection-dataset/image/negative/neg_img_1549.jpg,0,normal,multimodal_concrete_crack_audio,train
dataset/multimodal-concrete-crack-detection-dataset/audio/negative/neg_audio_2640.wav,dataset/multimodal-concrete-crack-detection-dataset/image/negative/neg_img_2640.jpg,0,normal,multimodal_concrete_crack_audio,train
dataset/multimodal-concrete-crack-detection-dataset/audio/negative/neg_audio_827.wav,dataset/multimodal-concrete-crack-detection-dataset/image/negative/neg_img_827.jpg,0,normal,multimodal_concrete_crack_audio,train
dataset/multimodal-concrete-crack-detection-dataset/audio/positive/pos_audio_734.wav,dataset/multimodal-concrete-crack-detection-dataset/image/positive/pos_img_734.jpg,1,acoustic_abnormal,multimodal_concrete_crack_audio,train
dataset/multimodal-concrete-crack-detection-dataset/audio/positive/pos_audio_78.wav,dataset/multimodal-concrete-crack-detection-dataset/image/positive/pos_img_78.jpg,1,acoustic_abnormal,multimodal_concrete_crack_audio,train
dataset/multimodal-concrete-crack-detection-dataset/audio/negative/neg_audio_1696.wav,dataset/multimodal-concrete-crack-detection-dataset/image/negative/neg_img_1696.jpg,0,normal,multimodal_concrete_crack_audio,test
dataset/multimodal-concrete-crack-detection-dataset/audio/negative/neg_audio_1096.wav,dataset/multimodal-concrete-crack-detection-dataset/image/negative/neg_img_1096.jpg,0,normal,multimodal_concrete_crack_audio,val
dataset/multimodal-concrete-crack-detection-dataset/audio/positive/pos_audio_822.wav,dataset/multimodal-concrete-crack-detection-dataset/image/positive/pos_img_822.jpg,1,acoustic_abnormal,multimodal_concrete_crack_audio,train
dataset/multimodal-concrete-crack-detection-dataset/audio/positive/pos_audio_174.wav,dataset/multimodal-concrete-crack-detection-dataset/image/positive/pos_img_174.jpg,1,acoustic_abnormal,multimodal_concrete_crack_audio,train
dataset/multimodal-concrete-crack-detection-dataset/audio/negative/neg_audio_1849.wav,dataset/multimodal-concrete-crack-detection-dataset/image/negative/neg_img_1849.jpg,0,normal,multimodal_concrete_crack_audio,val
dataset/multimodal-concrete-crack-detection-dataset/audio/negative/neg_audio_3099.wav,dataset/multimodal-concrete-crack-detection-dataset/image/negative/neg_img_3099.jpg,0,normal,multimodal_concrete_crack_audio,val
dataset/multimodal-concrete-crack-detection-dataset/audio/positive/pos_audio_252.wav,dataset/multimodal-concrete-crack-detection-dataset/image/positive/pos_img_252.jpg,1,acoustic_abnormal,multimodal_concrete_crack_audio,train
dataset/multimodal-concrete-crack-detection-dataset/audio/positive/pos_audio_675.wav,dataset/multimodal-concrete-crack-detection-dataset/image/positive/pos_img_675.jpg,1,acoustic_abnormal,multimodal_concrete_crack_audio,val
dataset/multimodal-concrete-crack-detection-dataset/audio/positive/pos_audio_813.wav,dataset/multimodal-concrete-crack-detection-dataset/image/positive/pos_img_813.jpg,1,acoustic_abnormal,multimodal_concrete_crack_audio,train
dataset/multimodal-concrete-crack-detection-dataset/audio/negative/neg_audio_216.wav,dataset/multimodal-concrete-crack-detection-dataset/image/negative/neg_img_216.jpg,0,normal,multimodal_concrete_crack_audio,val
dataset/multimodal-concrete-crack-detection-dataset/audio/positive/pos_audio_818.wav,dataset/multimodal-concrete-crack-detection-dataset/image/positive/pos_img_818.jpg,1,acoustic_abnormal,multimodal_concrete_crack_audio,test
dataset/multimodal-concrete-crack-detection-dataset/audio/negative/neg_audio_743.wav,dataset/multimodal-concrete-crack-detection-dataset/image/negative/neg_img_743.jpg,0,normal,multimodal_concrete_crack_audio,train
dataset/multimodal-concrete-crack-detection-dataset/audio/negative/neg_audio_1577.wav,dataset/multimodal-concrete-crack-detection-dataset/image/negative/neg_img_1577.jpg,0,normal,multimodal_concrete_crack_audio,val
dataset/multimodal-concrete-crack-detection-dataset/audio/negative/neg_audio_2220.wav,dataset/multimodal-concrete-crack-detection-dataset/image/negative/neg_img_2220.jpg,0,normal,multimodal_concrete_crack_audio,train
dataset/multimodal-concrete-crack-detection-dataset/audio/negative/neg_audio_2080.wav,dataset/multimodal-concrete-crack-detection-dataset/image/negative/neg_img_2080.jpg,0,normal,multimodal_concrete_crack_audio,train
dataset/multimodal-concrete-crack-detection-dataset/audio/negative/neg_audio_1870.wav,dataset/multimodal-concrete-crack-detection-dataset/image/negative/neg_img_1870.jpg,0,normal,multimodal_concrete_crack_audio,train
dataset/multimodal-concrete-crack-detection-dataset/audio/negative/neg_audio_2652.wav,dataset/multimodal-concrete-crack-detection-dataset/image/negative/neg_img_2652.jpg,0,normal,multimodal_concrete_crack_audio,test
dataset/multimodal-concrete-crack-detection-dataset/audio/negative/neg_audio_445.wav,dataset/multimodal-concrete-crack-detection-dataset/image/negative/neg_img_445.jpg,0,normal,multimodal_concrete_crack_audio,train
dataset/multimodal-concrete-crack-detection-dataset/audio/positive/pos_audio_425.wav,dataset/multimodal-concrete-crack-detection-dataset/image/positive/pos_img_425.jpg,1,acoustic_abnormal,multimodal_concrete_crack_audio,train
dataset/multimodal-concrete-crack-detection-dataset/audio/negative/neg_audio_1805.wav,dataset/multimodal-concrete-crack-detection-dataset/image/negative/neg_img_1805.jpg,0,normal,multimodal_concrete_crack_audio,val
dataset/multimodal-concrete-crack-detection-dataset/audio/positive/pos_audio_125.wav,dataset/multimodal-concrete-crack-detection-dataset/image/positive/pos_img_125.jpg,1,acoustic_abnormal,multimodal_concrete_crack_audio,val
dataset/multimodal-concrete-crack-detection-dataset/audio/negative/neg_audio_2260.wav,dataset/multimodal-concrete-crack-detection-dataset/image/negative/neg_img_2260.jpg,0,normal,multimodal_concrete_crack_audio,train
dataset/multimodal-concrete-crack-detection-dataset/audio/positive/pos_audio_130.wav,dataset/multimodal-concrete-crack-detection-dataset/image/positive/pos_img_130.jpg,1,acoustic_abnormal,multimodal_concrete_crack_audio,train
dataset/multimodal-concrete-crack-detection-dataset/audio/positive/pos_audio_611.wav,dataset/multimodal-concrete-crack-detection-dataset/image/positive/pos_img_611.jpg,1,acoustic_abnormal,multimodal_concrete_crack_audio,val
dataset/multimodal-concrete-crack-detection-dataset/audio/negative/neg_audio_1592.wav,dataset/multimodal-concrete-crack-detection-dataset/image/negative/neg_img_1592.jpg,0,normal,multimodal_concrete_crack_audio,train
dataset/multimodal-concrete-crack-detection-dataset/audio/negative/neg_audio_1862.wav,dataset/multimodal-concrete-crack-detection-dataset/image/negative/neg_img_1862.jpg,0,normal,multimodal_concrete_crack_audio,test
dataset/multimodal-concrete-crack-detection-dataset/audio/negative/neg_audio_3046.wav,dataset/multimodal-concrete-crack-detection-dataset/image/negative/neg_img_3046.jpg,0,normal,multimodal_concrete_crack_audio,test
dataset/multimodal-concrete-crack-detection-dataset/audio/positive/pos_audio_710.wav,dataset/multimodal-concrete-crack-detection-dataset/image/positive/pos_img_710.jpg,1,acoustic_abnormal,multimodal_concrete_crack_audio,test
dataset/multimodal-concrete-crack-detection-dataset/audio/negative/neg_audio_592.wav,dataset/multimodal-concrete-crack-detection-dataset/image/negative/neg_img_592.jpg,0,normal,multimodal_concrete_crack_audio,train
dataset/multimodal-concrete-crack-detection-dataset/audio/negative/neg_audio_2792.wav,dataset/multimodal-concrete-crack-detection-dataset/image/negative/neg_img_2792.jpg,0,normal,multimodal_concrete_crack_audio,train
dataset/multimodal-concrete-crack-detection-dataset/audio/positive/pos_audio_82.wav,dataset/multimodal-concrete-crack-detection-dataset/image/positive/pos_img_82.jpg,1,acoustic_abnormal,multimodal_concrete_crack_audio,train
dataset/multimodal-concrete-crack-detection-dataset/audio/negative/neg_audio_1982.wav,dataset/multimodal-concrete-crack-detection-dataset/image/negative/neg_img_1982.jpg,0,normal,multimodal_concrete_crack_audio,train
dataset/multimodal-concrete-crack-detection-dataset/audio/negative/neg_audio_2999.wav,dataset/multimodal-concrete-crack-detection-dataset/image/negative/neg_img_2999.jpg,0,normal,multimodal_concrete_crack_audio,train
dataset/multimodal-concrete-crack-detection-dataset/audio/negative/neg_audio_810.wav,dataset/multimodal-concrete-crack-detection-dataset/image/negative/neg_img_810.jpg,0,normal,multimodal_concrete_crack_audio,train
dataset/multimodal-concrete-crack-detection-dataset/audio/negative/neg_audio_1732.wav,dataset/multimodal-concrete-crack-detection-dataset/image/negative/neg_img_1732.jpg,0,normal,multimodal_concrete_crack_audio,train
dataset/multimodal-concrete-crack-detection-dataset/audio/negative/neg_audio_252.wav,dataset/multimodal-concrete-crack-detection-dataset/image/negative/neg_img_252.jpg,0,normal,multimodal_concrete_crack_audio,train
dataset/multimodal-concrete-crack-detection-dataset/audio/positive/pos_audio_648.wav,dataset/multimodal-concrete-crack-detection-dataset/image/positive/pos_img_648.jpg,1,acoustic_abnormal,multimodal_concrete_crack_audio,train
dataset/multimodal-concrete-crack-detection-dataset/audio/positive/pos_audio_889.wav,dataset/multimodal-concrete-crack-detection-dataset/image/positive/pos_img_889.jpg,1,acoustic_abnormal,multimodal_concrete_crack_audio,val
dataset/multimodal-concrete-crack-detection-dataset/audio/positive/pos_audio_864.wav,dataset/multimodal-concrete-crack-detection-dataset/image/positive/pos_img_864.jpg,1,acoustic_abnormal,multimodal_concrete_crack_audio,train
dataset/multimodal-concrete-crack-detection-dataset/audio/negative/neg_audio_3074.wav,dataset/multimodal-concrete-crack-detection-dataset/image/negative/neg_img_3074.jpg,0,normal,multimodal_concrete_crack_audio,train
dataset/multimodal-concrete-crack-detection-dataset/audio/positive/pos_audio_364.wav,dataset/multimodal-concrete-crack-detection-dataset/image/positive/pos_img_364.jpg,1,acoustic_abnormal,multimodal_concrete_crack_audio,train
dataset/multimodal-concrete-crack-detection-dataset/audio/negative/neg_audio_2313.wav,dataset/multimodal-concrete-crack-detection-dataset/image/negative/neg_img_2313.jpg,0,normal,multimodal_concrete_crack_audio,val
dataset/multimodal-concrete-crack-detection-dataset/audio/negative/neg_audio_1005.wav,dataset/multimodal-concrete-crack-detection-dataset/image/negative/neg_img_1005.jpg,0,normal,multimodal_concrete_crack_audio,train
dataset/multimodal-concrete-crack-detection-dataset/audio/negative/neg_audio_1523.wav,dataset/multimodal-concrete-crack-detection-dataset/image/negative/neg_img_1523.jpg,0,normal,multimodal_concrete_crack_audio,test
dataset/multimodal-concrete-crack-detection-dataset/audio/positive/pos_audio_279.wav,dataset/multimodal-concrete-crack-detection-dataset/image/positive/pos_img_279.jpg,1,acoustic_abnormal,multimodal_concrete_crack_audio,val
dataset/multimodal-concrete-crack-detection-dataset/audio/negative/neg_audio_3170.wav,dataset/multimodal-concrete-crack-detection-dataset/image/negative/neg_img_3170.jpg,0,normal,multimodal_concrete_crack_audio,val
dataset/multimodal-concrete-crack-detection-dataset/audio/negative/neg_audio_2432.wav,dataset/multimodal-concrete-crack-detection-dataset/image/negative/neg_img_2432.jpg,0,normal,multimodal_concrete_crack_audio,train
dataset/multimodal-concrete-crack-detection-dataset/audio/negative/neg_audio_47.wav,dataset/multimodal-concrete-crack-detection-dataset/image/negative/neg_img_47.jpg,0,normal,multimodal_concrete_crack_audio,val
dataset/multimodal-concrete-crack-detection-dataset/audio/negative/neg_audio_3051.wav,dataset/multimodal-concrete-crack-detection-dataset/image/negative/neg_img_3051.jpg,0,normal,multimodal_concrete_crack_audio,train
dataset/multimodal-concrete-crack-detection-dataset/audio/negative/neg_audio_2472.wav,dataset/multimodal-concrete-crack-detection-dataset/image/negative/neg_img_2472.jpg,0,normal,multimodal_concrete_crack_audio,test
dataset/multimodal-concrete-crack-detection-dataset/audio/negative/neg_audio_2563.wav,dataset/multimodal-concrete-crack-detection-dataset/image/negative/neg_img_2563.jpg,0,normal,multimodal_concrete_crack_audio,train
dataset/multimodal-concrete-crack-detection-dataset/audio/negative/neg_audio_1156.wav,dataset/multimodal-concrete-crack-detection-dataset/image/negative/neg_img_1156.jpg,0,normal,multimodal_concrete_crack_audio,train
dataset/multimodal-concrete-crack-detection-dataset/audio/negative/neg_audio_720.wav,dataset/multimodal-concrete-crack-detection-dataset/image/negative/neg_img_720.jpg,0,normal,multimodal_concrete_crack_audio,train
dataset/multimodal-concrete-crack-detection-dataset/audio/negative/neg_audio_2523.wav,dataset/multimodal-concrete-crack-detection-dataset/image/negative/neg_img_2523.jpg,0,normal,multimodal_concrete_crack_audio,train
dataset/multimodal-concrete-crack-detection-dataset/audio/negative/neg_audio_341.wav,dataset/multimodal-concrete-crack-detection-dataset/image/negative/neg_img_341.jpg,0,normal,multimodal_concrete_crack_audio,train
dataset/multimodal-concrete-crack-detection-dataset/audio/positive/pos_audio_19.wav,dataset/multimodal-concrete-crack-detection-dataset/image/positive/pos_img_19.jpg,1,acoustic_abnormal,multimodal_concrete_crack_audio,train
dataset/multimodal-concrete-crack-detection-dataset/audio/negative/neg_audio_1279.wav,dataset/multimodal-concrete-crack-detection-dataset/image/negative/neg_img_1279.jpg,0,normal,multimodal_concrete_crack_audio,test
dataset/multimodal-concrete-crack-detection-dataset/audio/negative/neg_audio_319.wav,dataset/multimodal-concrete-crack-detection-dataset/image/negative/neg_img_319.jpg,0,normal,multimodal_concrete_crack_audio,train
dataset/multimodal-concrete-crack-detection-dataset/audio/negative/neg_audio_2532.wav,dataset/multimodal-concrete-crack-detection-dataset/image/negative/neg_img_2532.jpg,0,normal,multimodal_concrete_crack_audio,train
dataset/multimodal-concrete-crack-detection-dataset/audio/negative/neg_audio_957.wav,dataset/multimodal-concrete-crack-detection-dataset/image/negative/neg_img_957.jpg,0,normal,multimodal_concrete_crack_audio,val
dataset/multimodal-concrete-crack-detection-dataset/audio/negative/neg_audio_1897.wav,dataset/multimodal-concrete-crack-detection-dataset/image/negative/neg_img_1897.jpg,0,normal,multimodal_concrete_crack_audio,train
dataset/multimodal-concrete-crack-detection-dataset/audio/negative/neg_audio_924.wav,dataset/multimodal-concrete-crack-detection-dataset/image/negative/neg_img_924.jpg,0,normal,multimodal_concrete_crack_audio,test
dataset/multimodal-concrete-crack-detection-dataset/audio/negative/neg_audio_645.wav,dataset/multimodal-concrete-crack-detection-dataset/image/negative/neg_img_645.jpg,0,normal,multimodal_concrete_crack_audio,train
dataset/multimodal-concrete-crack-detection-dataset/audio/negative/neg_audio_1537.wav,dataset/multimodal-concrete-crack-detection-dataset/image/negative/neg_img_1537.jpg,0,normal,multimodal_concrete_crack_audio,train
dataset/multimodal-concrete-crack-detection-dataset/audio/negative/neg_audio_597.wav,dataset/multimodal-concrete-crack-detection-dataset/image/negative/neg_img_597.jpg,0,normal,multimodal_concrete_crack_audio,val
dataset/multimodal-concrete-crack-detection-dataset/audio/negative/neg_audio_622.wav,dataset/multimodal-concrete-crack-detection-dataset/image/negative/neg_img_622.jpg,0,normal,multimodal_concrete_crack_audio,train
dataset/multimodal-concrete-crack-detection-dataset/audio/negative/neg_audio_1868.wav,dataset/multimodal-concrete-crack-detection-dataset/image/negative/neg_img_1868.jpg,0,normal,multimodal_concrete_crack_audio,val
dataset/multimodal-concrete-crack-detection-dataset/audio/negative/neg_audio_1084.wav,dataset/multimodal-concrete-crack-detection-dataset/image/negative/neg_img_1084.jpg,0,normal,multimodal_concrete_crack_audio,train
dataset/multimodal-concrete-crack-detection-dataset/audio/negative/neg_audio_2566.wav,dataset/multimodal-concrete-crack-detection-dataset/image/negative/neg_img_2566.jpg,0,normal,multimodal_concrete_crack_audio,test
dataset/multimodal-concrete-crack-detection-dataset/audio/negative/neg_audio_2246.wav,dataset/multimodal-concrete-crack-detection-dataset/image/negative/neg_img_2246.jpg,0,normal,multimodal_concrete_crack_audio,train
dataset/multimodal-concrete-crack-detection-dataset/audio/positive/pos_audio_96.wav,dataset/multimodal-concrete-crack-detection-dataset/image/positive/pos_img_96.jpg,1,acoustic_abnormal,multimodal_concrete_crack_audio,train
dataset/multimodal-concrete-crack-detection-dataset/audio/negative/neg_audio_1826.wav,dataset/multimodal-concrete-crack-detection-dataset/image/negative/neg_img_1826.jpg,0,normal,multimodal_concrete_crack_audio,train
dataset/multimodal-concrete-crack-detection-dataset/audio/negative/neg_audio_3088.wav,dataset/multimodal-concrete-crack-detection-dataset/image/negative/neg_img_3088.jpg,0,normal,multimodal_concrete_crack_audio,train
dataset/multimodal-concrete-crack-detection-dataset/audio/negative/neg_audio_996.wav,dataset/multimodal-concrete-crack-detection-dataset/image/negative/neg_img_996.jpg,0,normal,multimodal_concrete_crack_audio,train
dataset/multimodal-concrete-crack-detection-dataset/audio/negative/neg_audio_1293.wav,dataset/multimodal-concrete-crack-detection-dataset/image/negative/neg_img_1293.jpg,0,normal,multimodal_concrete_crack_audio,train
dataset/multimodal-concrete-crack-detection-dataset/audio/negative/neg_audio_160.wav,dataset/multimodal-concrete-crack-detection-dataset/image/negative/neg_img_160.jpg,0,normal,multimodal_concrete_crack_audio,train
dataset/multimodal-concrete-crack-detection-dataset/audio/negative/neg_audio_1170.wav,dataset/multimodal-concrete-crack-detection-dataset/image/negative/neg_img_1170.jpg,0,normal,multimodal_concrete_crack_audio,train
dataset/multimodal-concrete-crack-detection-dataset/audio/negative/neg_audio_1353.wav,dataset/multimodal-concrete-crack-detection-dataset/image/negative/neg_img_1353.jpg,0,normal,multimodal_concrete_crack_audio,test
dataset/multimodal-concrete-crack-detection-dataset/audio/negative/neg_audio_3008.wav,dataset/multimodal-concrete-crack-detection-dataset/image/negative/neg_img_3008.jpg,0,normal,multimodal_concrete_crack_audio,val
dataset/multimodal-concrete-crack-detection-dataset/audio/negative/neg_audio_825.wav,dataset/multimodal-concrete-crack-detection-dataset/image/negative/neg_img_825.jpg,0,normal,multimodal_concrete_crack_audio,train
dataset/multimodal-concrete-crack-detection-dataset/audio/negative/neg_audio_523.wav,dataset/multimodal-concrete-crack-detection-dataset/image/negative/neg_img_523.jpg,0,normal,multimodal_concrete_crack_audio,val
dataset/multimodal-concrete-crack-detection-dataset/audio/negative/neg_audio_2862.wav,dataset/multimodal-concrete-crack-detection-dataset/image/negative/neg_img_2862.jpg,0,normal,multimodal_concrete_crack_audio,train
dataset/multimodal-concrete-crack-detection-dataset/audio/negative/neg_audio_2839.wav,dataset/multimodal-concrete-crack-detection-dataset/image/negative/neg_img_2839.jpg,0,normal,multimodal_concrete_crack_audio,test
dataset/multimodal-concrete-crack-detection-dataset/audio/negative/neg_audio_348.wav,dataset/multimodal-concrete-crack-detection-dataset/image/negative/neg_img_348.jpg,0,normal,multimodal_concrete_crack_audio,train
dataset/multimodal-concrete-crack-detection-dataset/audio/negative/neg_audio_2155.wav,dataset/multimodal-concrete-crack-detection-dataset/image/negative/neg_img_2155.jpg,0,normal,multimodal_concrete_crack_audio,train
dataset/multimodal-concrete-crack-detection-dataset/audio/positive/pos_audio_866.wav,dataset/multimodal-concrete-crack-detection-dataset/image/positive/pos_img_866.jpg,1,acoustic_abnormal,multimodal_concrete_crack_audio,train
dataset/multimodal-concrete-crack-detection-dataset/audio/positive/pos_audio_269.wav,dataset/multimodal-concrete-crack-detection-dataset/image/positive/pos_img_269.jpg,1,acoustic_abnormal,multimodal_concrete_crack_audio,train
dataset/multimodal-concrete-crack-detection-dataset/audio/negative/neg_audio_1021.wav,dataset/multimodal-concrete-crack-detection-dataset/image/negative/neg_img_1021.jpg,0,normal,multimodal_concrete_crack_audio,test
dataset/multimodal-concrete-crack-detection-dataset/audio/positive/pos_audio_605.wav,dataset/multimodal-concrete-crack-detection-dataset/image/positive/pos_img_605.jpg,1,acoustic_abnormal,multimodal_concrete_crack_audio,train
dataset/multimodal-concrete-crack-detection-dataset/audio/negative/neg_audio_946.wav,dataset/multimodal-concrete-crack-detection-dataset/image/negative/neg_img_946.jpg,0,normal,multimodal_concrete_crack_audio,train
dataset/multimodal-concrete-crack-detection-dataset/audio/negative/neg_audio_310.wav,dataset/multimodal-concrete-crack-detection-dataset/image/negative/neg_img_310.jpg,0,normal,multimodal_concrete_crack_audio,val
dataset/multimodal-concrete-crack-detection-dataset/audio/positive/pos_audio_261.wav,dataset/multimodal-concrete-crack-detection-dataset/image/positive/pos_img_261.jpg,1,acoustic_abnormal,multimodal_concrete_crack_audio,train
dataset/multimodal-concrete-crack-detection-dataset/audio/negative/neg_audio_2614.wav,dataset/multimodal-concrete-crack-detection-dataset/image/negative/neg_img_2614.jpg,0,normal,multimodal_concrete_crack_audio,train
dataset/multimodal-concrete-crack-detection-dataset/audio/positive/pos_audio_278.wav,dataset/multimodal-concrete-crack-detection-dataset/image/positive/pos_img_278.jpg,1,acoustic_abnormal,multimodal_concrete_crack_audio,train
dataset/multimodal-concrete-crack-detection-dataset/audio/negative/neg_audio_654.wav,dataset/multimodal-concrete-crack-detection-dataset/image/negative/neg_img_654.jpg,0,normal,multimodal_concrete_crack_audio,train
dataset/multimodal-concrete-crack-detection-dataset/audio/positive/pos_audio_819.wav,dataset/multimodal-concrete-crack-detection-dataset/image/positive/pos_img_819.jpg,1,acoustic_abnormal,multimodal_concrete_crack_audio,train
dataset/multimodal-concrete-crack-detection-dataset/audio/negative/neg_audio_702.wav,dataset/multimodal-concrete-crack-detection-dataset/image/negative/neg_img_702.jpg,0,normal,multimodal_concrete_crack_audio,test
dataset/multimodal-concrete-crack-detection-dataset/audio/negative/neg_audio_1942.wav,dataset/multimodal-concrete-crack-detection-dataset/image/negative/neg_img_1942.jpg,0,normal,multimodal_concrete_crack_audio,train
dataset/multimodal-concrete-crack-detection-dataset/audio/positive/pos_audio_490.wav,dataset/multimodal-concrete-crack-detection-dataset/image/positive/pos_img_490.jpg,1,acoustic_abnormal,multimodal_concrete_crack_audio,train
dataset/multimodal-concrete-crack-detection-dataset/audio/negative/neg_audio_974.wav,dataset/multimodal-concrete-crack-detection-dataset/image/negative/neg_img_974.jpg,0,normal,multimodal_concrete_crack_audio,train
dataset/multimodal-concrete-crack-detection-dataset/audio/negative/neg_audio_796.wav,dataset/multimodal-concrete-crack-detection-dataset/image/negative/neg_img_796.jpg,0,normal,multimodal_concrete_crack_audio,train
dataset/multimodal-concrete-crack-detection-dataset/audio/positive/pos_audio_98.wav,dataset/multimodal-concrete-crack-detection-dataset/image/positive/pos_img_98.jpg,1,acoustic_abnormal,multimodal_concrete_crack_audio,val
dataset/multimodal-concrete-crack-detection-dataset/audio/negative/neg_audio_673.wav,dataset/multimodal-concrete-crack-detection-dataset/image/negative/neg_img_673.jpg,0,normal,multimodal_concrete_crack_audio,train
dataset/multimodal-concrete-crack-detection-dataset/audio/negative/neg_audio_1219.wav,dataset/multimodal-concrete-crack-detection-dataset/image/negative/neg_img_1219.jpg,0,normal,multimodal_concrete_crack_audio,train
dataset/multimodal-concrete-crack-detection-dataset/audio/negative/neg_audio_1734.wav,dataset/multimodal-concrete-crack-detection-dataset/image/negative/neg_img_1734.jpg,0,normal,multimodal_concrete_crack_audio,train
dataset/multimodal-concrete-crack-detection-dataset/audio/negative/neg_audio_861.wav,dataset/multimodal-concrete-crack-detection-dataset/image/negative/neg_img_861.jpg,0,normal,multimodal_concrete_crack_audio,val
dataset/multimodal-concrete-crack-detection-dataset/audio/negative/neg_audio_2971.wav,dataset/multimodal-concrete-crack-detection-dataset/image/negative/neg_img_2971.jpg,0,normal,multimodal_concrete_crack_audio,test
dataset/multimodal-concrete-crack-detection-dataset/audio/negative/neg_audio_2897.wav,dataset/multimodal-concrete-crack-detection-dataset/image/negative/neg_img_2897.jpg,0,normal,multimodal_concrete_crack_audio,train
dataset/multimodal-concrete-crack-detection-dataset/audio/positive/pos_audio_628.wav,dataset/multimodal-concrete-crack-detection-dataset/image/positive/pos_img_628.jpg,1,acoustic_abnormal,multimodal_concrete_crack_audio,train
dataset/multimodal-concrete-crack-detection-dataset/audio/positive/pos_audio_367.wav,dataset/multimodal-concrete-crack-detection-dataset/image/positive/pos_img_367.jpg,1,acoustic_abnormal,multimodal_concrete_crack_audio,train
dataset/multimodal-concrete-crack-detection-dataset/audio/negative/neg_audio_3056.wav,dataset/multimodal-concrete-crack-detection-dataset/image/negative/neg_img_3056.jpg,0,normal,multimodal_concrete_crack_audio,train
dataset/multimodal-concrete-crack-detection-dataset/audio/negative/neg_audio_1491.wav,dataset/multimodal-concrete-crack-detection-dataset/image/negative/neg_img_1491.jpg,0,normal,multimodal_concrete_crack_audio,train
dataset/multimodal-concrete-crack-detection-dataset/audio/negative/neg_audio_589.wav,dataset/multimodal-concrete-crack-detection-dataset/image/negative/neg_img_589.jpg,0,normal,multimodal_concrete_crack_audio,train
dataset/multimodal-concrete-crack-detection-dataset/audio/negative/neg_audio_2357.wav,dataset/multimodal-concrete-crack-detection-dataset/image/negative/neg_img_2357.jpg,0,normal,multimodal_concrete_crack_audio,train
dataset/multimodal-concrete-crack-detection-dataset/audio/negative/neg_audio_130.wav,dataset/multimodal-concrete-crack-detection-dataset/image/negative/neg_img_130.jpg,0,normal,multimodal_concrete_crack_audio,train
dataset/multimodal-concrete-crack-detection-dataset/audio/negative/neg_audio_452.wav,dataset/multimodal-concrete-crack-detection-dataset/image/negative/neg_img_452.jpg,0,normal,multimodal_concrete_crack_audio,test
dataset/multimodal-concrete-crack-detection-dataset/audio/negative/neg_audio_1851.wav,dataset/multimodal-concrete-crack-detection-dataset/image/negative/neg_img_1851.jpg,0,normal,multimodal_concrete_crack_audio,train
dataset/multimodal-concrete-crack-detection-dataset/audio/positive/pos_audio_355.wav,dataset/multimodal-concrete-crack-detection-dataset/image/positive/pos_img_355.jpg,1,acoustic_abnormal,multimodal_concrete_crack_audio,train
dataset/multimodal-concrete-crack-detection-dataset/audio/negative/neg_audio_2412.wav,dataset/multimodal-concrete-crack-detection-dataset/image/negative/neg_img_2412.jpg,0,normal,multimodal_concrete_crack_audio,val
dataset/multimodal-concrete-crack-detection-dataset/audio/negative/neg_audio_2645.wav,dataset/multimodal-concrete-crack-detection-dataset/image/negative/neg_img_2645.jpg,0,normal,multimodal_concrete_crack_audio,val
dataset/multimodal-concrete-crack-detection-dataset/audio/negative/neg_audio_453.wav,dataset/multimodal-concrete-crack-detection-dataset/image/negative/neg_img_453.jpg,0,normal,multimodal_concrete_crack_audio,train
dataset/multimodal-concrete-crack-detection-dataset/audio/negative/neg_audio_198.wav,dataset/multimodal-concrete-crack-detection-dataset/image/negative/neg_img_198.jpg,0,normal,multimodal_concrete_crack_audio,val
dataset/multimodal-concrete-crack-detection-dataset/audio/negative/neg_audio_2031.wav,dataset/multimodal-concrete-crack-detection-dataset/image/negative/neg_img_2031.jpg,0,normal,multimodal_concrete_crack_audio,train
dataset/multimodal-concrete-crack-detection-dataset/audio/negative/neg_audio_2189.wav,dataset/multimodal-concrete-crack-detection-dataset/image/negative/neg_img_2189.jpg,0,normal,multimodal_concrete_crack_audio,train
dataset/multimodal-concrete-crack-detection-dataset/audio/negative/neg_audio_1618.wav,dataset/multimodal-concrete-crack-detection-dataset/image/negative/neg_img_1618.jpg,0,normal,multimodal_concrete_crack_audio,train
dataset/multimodal-concrete-crack-detection-dataset/audio/negative/neg_audio_1226.wav,dataset/multimodal-concrete-crack-detection-dataset/image/negative/neg_img_1226.jpg,0,normal,multimodal_concrete_crack_audio,train
dataset/multimodal-concrete-crack-detection-dataset/audio/negative/neg_audio_947.wav,dataset/multimodal-concrete-crack-detection-dataset/image/negative/neg_img_947.jpg,0,normal,multimodal_concrete_crack_audio,train
dataset/multimodal-concrete-crack-detection-dataset/audio/negative/neg_audio_546.wav,dataset/multimodal-concrete-crack-detection-dataset/image/negative/neg_img_546.jpg,0,normal,multimodal_concrete_crack_audio,train
dataset/multimodal-concrete-crack-detection-dataset/audio/positive/pos_audio_630.wav,dataset/multimodal-concrete-crack-detection-dataset/image/positive/pos_img_630.jpg,1,acoustic_abnormal,multimodal_concrete_crack_audio,train
dataset/multimodal-concrete-crack-detection-dataset/audio/negative/neg_audio_265.wav,dataset/multimodal-concrete-crack-detection-dataset/image/negative/neg_img_265.jpg,0,normal,multimodal_concrete_crack_audio,train
dataset/multimodal-concrete-crack-detection-dataset/audio/negative/neg_audio_2268.wav,dataset/multimodal-concrete-crack-detection-dataset/image/negative/neg_img_2268.jpg,0,normal,multimodal_concrete_crack_audio,val
dataset/multimodal-concrete-crack-detection-dataset/audio/negative/neg_audio_848.wav,dataset/multimodal-concrete-crack-detection-dataset/image/negative/neg_img_848.jpg,0,normal,multimodal_concrete_crack_audio,train
dataset/multimodal-concrete-crack-detection-dataset/audio/positive/pos_audio_686.wav,dataset/multimodal-concrete-crack-detection-dataset/image/positive/pos_img_686.jpg,1,acoustic_abnormal,multimodal_concrete_crack_audio,test
dataset/multimodal-concrete-crack-detection-dataset/audio/negative/neg_audio_38.wav,dataset/multimodal-concrete-crack-detection-dataset/image/negative/neg_img_38.jpg,0,normal,multimodal_concrete_crack_audio,train
dataset/multimodal-concrete-crack-detection-dataset/audio/positive/pos_audio_435.wav,dataset/multimodal-concrete-crack-detection-dataset/image/positive/pos_img_435.jpg,1,acoustic_abnormal,multimodal_concrete_crack_audio,test
dataset/multimodal-concrete-crack-detection-dataset/audio/negative/neg_audio_3181.wav,dataset/multimodal-concrete-crack-detection-dataset/image/negative/neg_img_3181.jpg,0,normal,multimodal_concrete_crack_audio,train
dataset/multimodal-concrete-crack-detection-dataset/audio/negative/neg_audio_2333.wav,dataset/multimodal-concrete-crack-detection-dataset/image/negative/neg_img_2333.jpg,0,normal,multimodal_concrete_crack_audio,train
dataset/multimodal-concrete-crack-detection-dataset/audio/positive/pos_audio_869.wav,dataset/multimodal-concrete-crack-detection-dataset/image/positive/pos_img_869.jpg,1,acoustic_abnormal,multimodal_concrete_crack_audio,train
dataset/multimodal-concrete-crack-detection-dataset/audio/positive/pos_audio_829.wav,dataset/multimodal-concrete-crack-detection-dataset/image/positive/pos_img_829.jpg,1,acoustic_abnormal,multimodal_concrete_crack_audio,train
dataset/multimodal-concrete-crack-detection-dataset/audio/negative/neg_audio_1388.wav,dataset/multimodal-concrete-crack-detection-dataset/image/negative/neg_img_1388.jpg,0,normal,multimodal_concrete_crack_audio,train
dataset/multimodal-concrete-crack-detection-dataset/audio/negative/neg_audio_2406.wav,dataset/multimodal-concrete-crack-detection-dataset/image/negative/neg_img_2406.jpg,0,normal,multimodal_concrete_crack_audio,test
dataset/multimodal-concrete-crack-detection-dataset/audio/negative/neg_audio_2165.wav,dataset/multimodal-concrete-crack-detection-dataset/image/negative/neg_img_2165.jpg,0,normal,multimodal_concrete_crack_audio,train
dataset/multimodal-concrete-crack-detection-dataset/audio/positive/pos_audio_523.wav,dataset/multimodal-concrete-crack-detection-dataset/image/positive/pos_img_523.jpg,1,acoustic_abnormal,multimodal_concrete_crack_audio,train
dataset/multimodal-concrete-crack-detection-dataset/audio/negative/neg_audio_93.wav,dataset/multimodal-concrete-crack-detection-dataset/image/negative/neg_img_93.jpg,0,normal,multimodal_concrete_crack_audio,train
dataset/multimodal-concrete-crack-detection-dataset/audio/negative/neg_audio_1375.wav,dataset/multimodal-concrete-crack-detection-dataset/image/negative/neg_img_1375.jpg,0,normal,multimodal_concrete_crack_audio,test
dataset/multimodal-concrete-crack-detection-dataset/audio/negative/neg_audio_1027.wav,dataset/multimodal-concrete-crack-detection-dataset/image/negative/neg_img_1027.jpg,0,normal,multimodal_concrete_crack_audio,train
dataset/multimodal-concrete-crack-detection-dataset/audio/negative/neg_audio_566.wav,dataset/multimodal-concrete-crack-detection-dataset/image/negative/neg_img_566.jpg,0,normal,multimodal_concrete_crack_audio,train
dataset/multimodal-concrete-crack-detection-dataset/audio/negative/neg_audio_380.wav,dataset/multimodal-concrete-crack-detection-dataset/image/negative/neg_img_380.jpg,0,normal,multimodal_concrete_crack_audio,train
dataset/multimodal-concrete-crack-detection-dataset/audio/negative/neg_audio_1593.wav,dataset/multimodal-concrete-crack-detection-dataset/image/negative/neg_img_1593.jpg,0,normal,multimodal_concrete_crack_audio,test
dataset/multimodal-concrete-crack-detection-dataset/audio/negative/neg_audio_1410.wav,dataset/multimodal-concrete-crack-detection-dataset/image/negative/neg_img_1410.jpg,0,normal,multimodal_concrete_crack_audio,train
dataset/multimodal-concrete-crack-detection-dataset/audio/negative/neg_audio_1791.wav,dataset/multimodal-concrete-crack-detection-dataset/image/negative/neg_img_1791.jpg,0,normal,multimodal_concrete_crack_audio,test
dataset/multimodal-concrete-crack-detection-dataset/audio/negative/neg_audio_1827.wav,dataset/multimodal-concrete-crack-detection-dataset/image/negative/neg_img_1827.jpg,0,normal,multimodal_concrete_crack_audio,train
dataset/multimodal-concrete-crack-detection-dataset/audio/negative/neg_audio_894.wav,dataset/multimodal-concrete-crack-detection-dataset/image/negative/neg_img_894.jpg,0,normal,multimodal_concrete_crack_audio,train
dataset/multimodal-concrete-crack-detection-dataset/audio/negative/neg_audio_2668.wav,dataset/multimodal-concrete-crack-detection-dataset/image/negative/neg_img_2668.jpg,0,normal,multimodal_concrete_crack_audio,train
dataset/multimodal-concrete-crack-detection-dataset/audio/positive/pos_audio_246.wav,dataset/multimodal-concrete-crack-detection-dataset/image/positive/pos_img_246.jpg,1,acoustic_abnormal,multimodal_concrete_crack_audio,train
dataset/multimodal-concrete-crack-detection-dataset/audio/negative/neg_audio_968.wav,dataset/multimodal-concrete-crack-detection-dataset/image/negative/neg_img_968.jpg,0,normal,multimodal_concrete_crack_audio,val
dataset/multimodal-concrete-crack-detection-dataset/audio/negative/neg_audio_1174.wav,dataset/multimodal-concrete-crack-detection-dataset/image/negative/neg_img_1174.jpg,0,normal,multimodal_concrete_crack_audio,train
dataset/multimodal-concrete-crack-detection-dataset/audio/negative/neg_audio_2112.wav,dataset/multimodal-concrete-crack-detection-dataset/image/negative/neg_img_2112.jpg,0,normal,multimodal_concrete_crack_audio,train
dataset/multimodal-concrete-crack-detection-dataset/audio/positive/pos_audio_688.wav,dataset/multimodal-concrete-crack-detection-dataset/image/positive/pos_img_688.jpg,1,acoustic_abnormal,multimodal_concrete_crack_audio,train
dataset/multimodal-concrete-crack-detection-dataset/audio/negative/neg_audio_1636.wav,dataset/multimodal-concrete-crack-detection-dataset/image/negative/neg_img_1636.jpg,0,normal,multimodal_concrete_crack_audio,val
dataset/multimodal-concrete-crack-detection-dataset/audio/positive/pos_audio_665.wav,dataset/multimodal-concrete-crack-detection-dataset/image/positive/pos_img_665.jpg,1,acoustic_abnormal,multimodal_concrete_crack_audio,train
dataset/multimodal-concrete-crack-detection-dataset/audio/negative/neg_audio_2740.wav,dataset/multimodal-concrete-crack-detection-dataset/image/negative/neg_img_2740.jpg,0,normal,multimodal_concrete_crack_audio,train
dataset/multimodal-concrete-crack-detection-dataset/audio/positive/pos_audio_121.wav,dataset/multimodal-concrete-crack-detection-dataset/image/positive/pos_img_121.jpg,1,acoustic_abnormal,multimodal_concrete_crack_audio,train
dataset/multimodal-concrete-crack-detection-dataset/audio/negative/neg_audio_1749.wav,dataset/multimodal-concrete-crack-detection-dataset/image/negative/neg_img_1749.jpg,0,normal,multimodal_concrete_crack_audio,val
dataset/multimodal-concrete-crack-detection-dataset/audio/negative/neg_audio_1104.wav,dataset/multimodal-concrete-crack-detection-dataset/image/negative/neg_img_1104.jpg,0,normal,multimodal_concrete_crack_audio,train
dataset/multimodal-concrete-crack-detection-dataset/audio/negative/neg_audio_1052.wav,dataset/multimodal-concrete-crack-detection-dataset/image/negative/neg_img_1052.jpg,0,normal,multimodal_concrete_crack_audio,train
dataset/multimodal-concrete-crack-detection-dataset/audio/negative/neg_audio_2180.wav,dataset/multimodal-concrete-crack-detection-dataset/image/negative/neg_img_2180.jpg,0,normal,multimodal_concrete_crack_audio,train
dataset/multimodal-concrete-crack-detection-dataset/audio/positive/pos_audio_441.wav,dataset/multimodal-concrete-crack-detection-dataset/image/positive/pos_img_441.jpg,1,acoustic_abnormal,multimodal_concrete_crack_audio,test
dataset/multimodal-concrete-crack-detection-dataset/audio/negative/neg_audio_1965.wav,dataset/multimodal-concrete-crack-detection-dataset/image/negative/neg_img_1965.jpg,0,normal,multimodal_concrete_crack_audio,train
dataset/multimodal-concrete-crack-detection-dataset/audio/negative/neg_audio_1169.wav,dataset/multimodal-concrete-crack-detection-dataset/image/negative/neg_img_1169.jpg,0,normal,multimodal_concrete_crack_audio,train
dataset/multimodal-concrete-crack-detection-dataset/audio/negative/neg_audio_392.wav,dataset/multimodal-concrete-crack-detection-dataset/image/negative/neg_img_392.jpg,0,normal,multimodal_concrete_crack_audio,train
dataset/multimodal-concrete-crack-detection-dataset/audio/negative/neg_audio_1625.wav,dataset/multimodal-concrete-crack-detection-dataset/image/negative/neg_img_1625.jpg,0,normal,multimodal_concrete_crack_audio,test
dataset/multimodal-concrete-crack-detection-dataset/audio/negative/neg_audio_238.wav,dataset/multimodal-concrete-crack-detection-dataset/image/negative/neg_img_238.jpg,0,normal,multimodal_concrete_crack_audio,train
dataset/multimodal-concrete-crack-detection-dataset/audio/negative/neg_audio_887.wav,dataset/multimodal-concrete-crack-detection-dataset/image/negative/neg_img_887.jpg,0,normal,multimodal_concrete_crack_audio,val
dataset/multimodal-concrete-crack-detection-dataset/audio/negative/neg_audio_1713.wav,dataset/multimodal-concrete-crack-detection-dataset/image/negative/neg_img_1713.jpg,0,normal,multimodal_concrete_crack_audio,train
dataset/multimodal-concrete-crack-detection-dataset/audio/negative/neg_audio_2752.wav,dataset/multimodal-concrete-crack-detection-dataset/image/negative/neg_img_2752.jpg,0,normal,multimodal_concrete_crack_audio,train
dataset/multimodal-concrete-crack-detection-dataset/audio/negative/neg_audio_2988.wav,dataset/multimodal-concrete-crack-detection-dataset/image/negative/neg_img_2988.jpg,0,normal,multimodal_concrete_crack_audio,train
dataset/multimodal-concrete-crack-detection-dataset/audio/negative/neg_audio_2979.wav,dataset/multimodal-concrete-crack-detection-dataset/image/negative/neg_img_2979.jpg,0,normal,multimodal_concrete_crack_audio,train
dataset/multimodal-concrete-crack-detection-dataset/audio/negative/neg_audio_1477.wav,dataset/multimodal-concrete-crack-detection-dataset/image/negative/neg_img_1477.jpg,0,normal,multimodal_concrete_crack_audio,train
dataset/multimodal-concrete-crack-detection-dataset/audio/negative/neg_audio_526.wav,dataset/multimodal-concrete-crack-detection-dataset/image/negative/neg_img_526.jpg,0,normal,multimodal_concrete_crack_audio,test
dataset/multimodal-concrete-crack-detection-dataset/audio/negative/neg_audio_1529.wav,dataset/multimodal-concrete-crack-detection-dataset/image/negative/neg_img_1529.jpg,0,normal,multimodal_concrete_crack_audio,train
dataset/multimodal-concrete-crack-detection-dataset/audio/positive/pos_audio_45.wav,dataset/multimodal-concrete-crack-detection-dataset/image/positive/pos_img_45.jpg,1,acoustic_abnormal,multimodal_concrete_crack_audio,train
dataset/multimodal-concrete-crack-detection-dataset/audio/positive/pos_audio_365.wav,dataset/multimodal-concrete-crack-detection-dataset/image/positive/pos_img_365.jpg,1,acoustic_abnormal,multimodal_concrete_crack_audio,train
dataset/multimodal-concrete-crack-detection-dataset/audio/negative/neg_audio_2535.wav,dataset/multimodal-concrete-crack-detection-dataset/image/negative/neg_img_2535.jpg,0,normal,multimodal_concrete_crack_audio,train
dataset/multimodal-concrete-crack-detection-dataset/audio/positive/pos_audio_147.wav,dataset/multimodal-concrete-crack-detection-dataset/image/positive/pos_img_147.jpg,1,acoustic_abnormal,multimodal_concrete_crack_audio,test
dataset/multimodal-concrete-crack-detection-dataset/audio/positive/pos_audio_199.wav,dataset/multimodal-concrete-crack-detection-dataset/image/positive/pos_img_199.jpg,1,acoustic_abnormal,multimodal_concrete_crack_audio,train
dataset/multimodal-concrete-crack-detection-dataset/audio/negative/neg_audio_2500.wav,dataset/multimodal-concrete-crack-detection-dataset/image/negative/neg_img_2500.jpg,0,normal,multimodal_concrete_crack_audio,val
dataset/multimodal-concrete-crack-detection-dataset/audio/negative/neg_audio_2987.wav,dataset/multimodal-concrete-crack-detection-dataset/image/negative/neg_img_2987.jpg,0,normal,multimodal_concrete_crack_audio,test
dataset/multimodal-concrete-crack-detection-dataset/audio/negative/neg_audio_1865.wav,dataset/multimodal-concrete-crack-detection-dataset/image/negative/neg_img_1865.jpg,0,normal,multimodal_concrete_crack_audio,train
dataset/multimodal-concrete-crack-detection-dataset/audio/negative/neg_audio_161.wav,dataset/multimodal-concrete-crack-detection-dataset/image/negative/neg_img_161.jpg,0,normal,multimodal_concrete_crack_audio,train
dataset/multimodal-concrete-crack-detection-dataset/audio/negative/neg_audio_1485.wav,dataset/multimodal-concrete-crack-detection-dataset/image/negative/neg_img_1485.jpg,0,normal,multimodal_concrete_crack_audio,test
dataset/multimodal-concrete-crack-detection-dataset/audio/negative/neg_audio_1049.wav,dataset/multimodal-concrete-crack-detection-dataset/image/negative/neg_img_1049.jpg,0,normal,multimodal_concrete_crack_audio,train
dataset/multimodal-concrete-crack-detection-dataset/audio/positive/pos_audio_863.wav,dataset/multimodal-concrete-crack-detection-dataset/image/positive/pos_img_863.jpg,1,acoustic_abnormal,multimodal_concrete_crack_audio,train
dataset/multimodal-concrete-crack-detection-dataset/audio/negative/neg_audio_1948.wav,dataset/multimodal-concrete-crack-detection-dataset/image/negative/neg_img_1948.jpg,0,normal,multimodal_concrete_crack_audio,train
dataset/multimodal-concrete-crack-detection-dataset/audio/negative/neg_audio_1663.wav,dataset/multimodal-concrete-crack-detection-dataset/image/negative/neg_img_1663.jpg,0,normal,multimodal_concrete_crack_audio,train
dataset/multimodal-concrete-crack-detection-dataset/audio/negative/neg_audio_2635.wav,dataset/multimodal-concrete-crack-detection-dataset/image/negative/neg_img_2635.jpg,0,normal,multimodal_concrete_crack_audio,test
dataset/multimodal-concrete-crack-detection-dataset/audio/negative/neg_audio_2907.wav,dataset/multimodal-concrete-crack-detection-dataset/image/negative/neg_img_2907.jpg,0,normal,multimodal_concrete_crack_audio,train
dataset/multimodal-concrete-crack-detection-dataset/audio/positive/pos_audio_765.wav,dataset/multimodal-concrete-crack-detection-dataset/image/positive/pos_img_765.jpg,1,acoustic_abnormal,multimodal_concrete_crack_audio,train
dataset/multimodal-concrete-crack-detection-dataset/audio/negative/neg_audio_300.wav,dataset/multimodal-concrete-crack-detection-dataset/image/negative/neg_img_300.jpg,0,normal,multimodal_concrete_crack_audio,train
dataset/multimodal-concrete-crack-detection-dataset/audio/negative/neg_audio_78.wav,dataset/multimodal-concrete-crack-detection-dataset/image/negative/neg_img_78.jpg,0,normal,multimodal_concrete_crack_audio,train
dataset/multimodal-concrete-crack-detection-dataset/audio/negative/neg_audio_2396.wav,dataset/multimodal-concrete-crack-detection-dataset/image/negative/neg_img_2396.jpg,0,normal,multimodal_concrete_crack_audio,train
dataset/multimodal-concrete-crack-detection-dataset/audio/negative/neg_audio_668.wav,dataset/multimodal-concrete-crack-detection-dataset/image/negative/neg_img_668.jpg,0,normal,multimodal_concrete_crack_audio,train
dataset/multimodal-concrete-crack-detection-dataset/audio/positive/pos_audio_471.wav,dataset/multimodal-concrete-crack-detection-dataset/image/positive/pos_img_471.jpg,1,acoustic_abnormal,multimodal_concrete_crack_audio,val
dataset/multimodal-concrete-crack-detection-dataset/audio/negative/neg_audio_83.wav,dataset/multimodal-concrete-crack-detection-dataset/image/negative/neg_img_83.jpg,0,normal,multimodal_concrete_crack_audio,train
dataset/multimodal-concrete-crack-detection-dataset/audio/negative/neg_audio_1825.wav,dataset/multimodal-concrete-crack-detection-dataset/image/negative/neg_img_1825.jpg,0,normal,multimodal_concrete_crack_audio,train
dataset/multimodal-concrete-crack-detection-dataset/audio/negative/neg_audio_1165.wav,dataset/multimodal-concrete-crack-detection-dataset/image/negative/neg_img_1165.jpg,0,normal,multimodal_concrete_crack_audio,train
dataset/multimodal-concrete-crack-detection-dataset/audio/negative/neg_audio_1072.wav,dataset/multimodal-concrete-crack-detection-dataset/image/negative/neg_img_1072.jpg,0,normal,multimodal_concrete_crack_audio,test
dataset/multimodal-concrete-crack-detection-dataset/audio/positive/pos_audio_536.wav,dataset/multimodal-concrete-crack-detection-dataset/image/positive/pos_img_536.jpg,1,acoustic_abnormal,multimodal_concrete_crack_audio,train
dataset/multimodal-concrete-crack-detection-dataset/audio/negative/neg_audio_1949.wav,dataset/multimodal-concrete-crack-detection-dataset/image/negative/neg_img_1949.jpg,0,normal,multimodal_concrete_crack_audio,train
dataset/multimodal-concrete-crack-detection-dataset/audio/positive/pos_audio_684.wav,dataset/multimodal-concrete-crack-detection-dataset/image/positive/pos_img_684.jpg,1,acoustic_abnormal,multimodal_concrete_crack_audio,train
dataset/multimodal-concrete-crack-detection-dataset/audio/negative/neg_audio_1690.wav,dataset/multimodal-concrete-crack-detection-dataset/image/negative/neg_img_1690.jpg,0,normal,multimodal_concrete_crack_audio,train
dataset/multimodal-concrete-crack-detection-dataset/audio/negative/neg_audio_499.wav,dataset/multimodal-concrete-crack-detection-dataset/image/negative/neg_img_499.jpg,0,normal,multimodal_concrete_crack_audio,val
dataset/multimodal-concrete-crack-detection-dataset/audio/negative/neg_audio_1264.wav,dataset/multimodal-concrete-crack-detection-dataset/image/negative/neg_img_1264.jpg,0,normal,multimodal_concrete_crack_audio,train
dataset/multimodal-concrete-crack-detection-dataset/audio/positive/pos_audio_346.wav,dataset/multimodal-concrete-crack-detection-dataset/image/positive/pos_img_346.jpg,1,acoustic_abnormal,multimodal_concrete_crack_audio,train
dataset/multimodal-concrete-crack-detection-dataset/audio/negative/neg_audio_938.wav,dataset/multimodal-concrete-crack-detection-dataset/image/negative/neg_img_938.jpg,0,normal,multimodal_concrete_crack_audio,val
dataset/multimodal-concrete-crack-detection-dataset/audio/negative/neg_audio_707.wav,dataset/multimodal-concrete-crack-detection-dataset/image/negative/neg_img_707.jpg,0,normal,multimodal_concrete_crack_audio,train
dataset/multimodal-concrete-crack-detection-dataset/audio/negative/neg_audio_562.wav,dataset/multimodal-concrete-crack-detection-dataset/image/negative/neg_img_562.jpg,0,normal,multimodal_concrete_crack_audio,train
dataset/multimodal-concrete-crack-detection-dataset/audio/negative/neg_audio_1828.wav,dataset/multimodal-concrete-crack-detection-dataset/image/negative/neg_img_1828.jpg,0,normal,multimodal_concrete_crack_audio,train
dataset/multimodal-concrete-crack-detection-dataset/audio/negative/neg_audio_882.wav,dataset/multimodal-concrete-crack-detection-dataset/image/negative/neg_img_882.jpg,0,normal,multimodal_concrete_crack_audio,train
dataset/multimodal-concrete-crack-detection-dataset/audio/positive/pos_audio_66.wav,dataset/multimodal-concrete-crack-detection-dataset/image/positive/pos_img_66.jpg,1,acoustic_abnormal,multimodal_concrete_crack_audio,train
dataset/multimodal-concrete-crack-detection-dataset/audio/positive/pos_audio_8.wav,dataset/multimodal-concrete-crack-detection-dataset/image/positive/pos_img_8.jpg,1,acoustic_abnormal,multimodal_concrete_crack_audio,train
dataset/multimodal-concrete-crack-detection-dataset/audio/negative/neg_audio_296.wav,dataset/multimodal-concrete-crack-detection-dataset/image/negative/neg_img_296.jpg,0,normal,multimodal_concrete_crack_audio,train
dataset/multimodal-concrete-crack-detection-dataset/audio/negative/neg_audio_1488.wav,dataset/multimodal-concrete-crack-detection-dataset/image/negative/neg_img_1488.jpg,0,normal,multimodal_concrete_crack_audio,val
dataset/multimodal-concrete-crack-detection-dataset/audio/negative/neg_audio_258.wav,dataset/multimodal-concrete-crack-detection-dataset/image/negative/neg_img_258.jpg,0,normal,multimodal_concrete_crack_audio,val
dataset/multimodal-concrete-crack-detection-dataset/audio/negative/neg_audio_193.wav,dataset/multimodal-concrete-crack-detection-dataset/image/negative/neg_img_193.jpg,0,normal,multimodal_concrete_crack_audio,train
dataset/multimodal-concrete-crack-detection-dataset/audio/negative/neg_audio_1907.wav,dataset/multimodal-concrete-crack-detection-dataset/image/negative/neg_img_1907.jpg,0,normal,multimodal_concrete_crack_audio,train
dataset/multimodal-concrete-crack-detection-dataset/audio/negative/neg_audio_172.wav,dataset/multimodal-concrete-crack-detection-dataset/image/negative/neg_img_172.jpg,0,normal,multimodal_concrete_crack_audio,train
dataset/multimodal-concrete-crack-detection-dataset/audio/negative/neg_audio_358.wav,dataset/multimodal-concrete-crack-detection-dataset/image/negative/neg_img_358.jpg,0,normal,multimodal_concrete_crack_audio,test
dataset/multimodal-concrete-crack-detection-dataset/audio/negative/neg_audio_3068.wav,dataset/multimodal-concrete-crack-detection-dataset/image/negative/neg_img_3068.jpg,0,normal,multimodal_concrete_crack_audio,train
dataset/multimodal-concrete-crack-detection-dataset/audio/negative/neg_audio_2870.wav,dataset/multimodal-concrete-crack-detection-dataset/image/negative/neg_img_2870.jpg,0,normal,multimodal_concrete_crack_audio,val
dataset/multimodal-concrete-crack-detection-dataset/audio/negative/neg_audio_1512.wav,dataset/multimodal-concrete-crack-detection-dataset/image/negative/neg_img_1512.jpg,0,normal,multimodal_concrete_crack_audio,train
dataset/multimodal-concrete-crack-detection-dataset/audio/negative/neg_audio_1901.wav,dataset/multimodal-concrete-crack-detection-dataset/image/negative/neg_img_1901.jpg,0,normal,multimodal_concrete_crack_audio,val
dataset/multimodal-concrete-crack-detection-dataset/audio/positive/pos_audio_644.wav,dataset/multimodal-concrete-crack-detection-dataset/image/positive/pos_img_644.jpg,1,acoustic_abnormal,multimodal_concrete_crack_audio,val
dataset/multimodal-concrete-crack-detection-dataset/audio/negative/neg_audio_1498.wav,dataset/multimodal-concrete-crack-detection-dataset/image/negative/neg_img_1498.jpg,0,normal,multimodal_concrete_crack_audio,val
dataset/multimodal-concrete-crack-detection-dataset/audio/negative/neg_audio_731.wav,dataset/multimodal-concrete-crack-detection-dataset/image/negative/neg_img_731.jpg,0,normal,multimodal_concrete_crack_audio,train
dataset/multimodal-concrete-crack-detection-dataset/audio/negative/neg_audio_1905.wav,dataset/multimodal-concrete-crack-detection-dataset/image/negative/neg_img_1905.jpg,0,normal,multimodal_concrete_crack_audio,train
dataset/multimodal-concrete-crack-detection-dataset/audio/negative/neg_audio_1220.wav,dataset/multimodal-concrete-crack-detection-dataset/image/negative/neg_img_1220.jpg,0,normal,multimodal_concrete_crack_audio,train
dataset/multimodal-concrete-crack-detection-dataset/audio/negative/neg_audio_72.wav,dataset/multimodal-concrete-crack-detection-dataset/image/negative/neg_img_72.jpg,0,normal,multimodal_concrete_crack_audio,test
dataset/multimodal-concrete-crack-detection-dataset/audio/negative/neg_audio_1302.wav,dataset/multimodal-concrete-crack-detection-dataset/image/negative/neg_img_1302.jpg,0,normal,multimodal_concrete_crack_audio,train
dataset/multimodal-concrete-crack-detection-dataset/audio/negative/neg_audio_609.wav,dataset/multimodal-concrete-crack-detection-dataset/image/negative/neg_img_609.jpg,0,normal,multimodal_concrete_crack_audio,train
dataset/multimodal-concrete-crack-detection-dataset/audio/negative/neg_audio_664.wav,dataset/multimodal-concrete-crack-detection-dataset/image/negative/neg_img_664.jpg,0,normal,multimodal_concrete_crack_audio,train
dataset/multimodal-concrete-crack-detection-dataset/audio/negative/neg_audio_914.wav,dataset/multimodal-concrete-crack-detection-dataset/image/negative/neg_img_914.jpg,0,normal,multimodal_concrete_crack_audio,train
dataset/multimodal-concrete-crack-detection-dataset/audio/negative/neg_audio_35.wav,dataset/multimodal-concrete-crack-detection-dataset/image/negative/neg_img_35.jpg,0,normal,multimodal_concrete_crack_audio,train
dataset/multimodal-concrete-crack-detection-dataset/audio/positive/pos_audio_508.wav,dataset/multimodal-concrete-crack-detection-dataset/image/positive/pos_img_508.jpg,1,acoustic_abnormal,multimodal_concrete_crack_audio,test
dataset/multimodal-concrete-crack-detection-dataset/audio/negative/neg_audio_3100.wav,dataset/multimodal-concrete-crack-detection-dataset/image/negative/neg_img_3100.jpg,0,normal,multimodal_concrete_crack_audio,train
dataset/multimodal-concrete-crack-detection-dataset/audio/negative/neg_audio_2329.wav,dataset/multimodal-concrete-crack-detection-dataset/image/negative/neg_img_2329.jpg,0,normal,multimodal_concrete_crack_audio,train
dataset/multimodal-concrete-crack-detection-dataset/audio/negative/neg_audio_2636.wav,dataset/multimodal-concrete-crack-detection-dataset/image/negative/neg_img_2636.jpg,0,normal,multimodal_concrete_crack_audio,train
dataset/multimodal-concrete-crack-detection-dataset/audio/negative/neg_audio_547.wav,dataset/multimodal-concrete-crack-detection-dataset/image/negative/neg_img_547.jpg,0,normal,multimodal_concrete_crack_audio,val
dataset/multimodal-concrete-crack-detection-dataset/audio/negative/neg_audio_1111.wav,dataset/multimodal-concrete-crack-detection-dataset/image/negative/neg_img_1111.jpg,0,normal,multimodal_concrete_crack_audio,train
dataset/multimodal-concrete-crack-detection-dataset/audio/negative/neg_audio_48.wav,dataset/multimodal-concrete-crack-detection-dataset/image/negative/neg_img_48.jpg,0,normal,multimodal_concrete_crack_audio,train
dataset/multimodal-concrete-crack-detection-dataset/audio/negative/neg_audio_1677.wav,dataset/multimodal-concrete-crack-detection-dataset/image/negative/neg_img_1677.jpg,0,normal,multimodal_concrete_crack_audio,train
dataset/multimodal-concrete-crack-detection-dataset/audio/negative/neg_audio_1570.wav,dataset/multimodal-concrete-crack-detection-dataset/image/negative/neg_img_1570.jpg,0,normal,multimodal_concrete_crack_audio,train
dataset/multimodal-concrete-crack-detection-dataset/audio/positive/pos_audio_785.wav,dataset/multimodal-concrete-crack-detection-dataset/image/positive/pos_img_785.jpg,1,acoustic_abnormal,multimodal_concrete_crack_audio,train
dataset/multimodal-concrete-crack-detection-dataset/audio/negative/neg_audio_1969.wav,dataset/multimodal-concrete-crack-detection-dataset/image/negative/neg_img_1969.jpg,0,normal,multimodal_concrete_crack_audio,train
dataset/multimodal-concrete-crack-detection-dataset/audio/negative/neg_audio_2755.wav,dataset/multimodal-concrete-crack-detection-dataset/image/negative/neg_img_2755.jpg,0,normal,multimodal_concrete_crack_audio,train
dataset/multimodal-concrete-crack-detection-dataset/audio/positive/pos_audio_69.wav,dataset/multimodal-concrete-crack-detection-dataset/image/positive/pos_img_69.jpg,1,acoustic_abnormal,multimodal_concrete_crack_audio,test
dataset/multimodal-concrete-crack-detection-dataset/audio/positive/pos_audio_775.wav,dataset/multimodal-concrete-crack-detection-dataset/image/positive/pos_img_775.jpg,1,acoustic_abnormal,multimodal_concrete_crack_audio,train
dataset/multimodal-concrete-crack-detection-dataset/audio/positive/pos_audio_343.wav,dataset/multimodal-concrete-crack-detection-dataset/image/positive/pos_img_343.jpg,1,acoustic_abnormal,multimodal_concrete_crack_audio,train
dataset/multimodal-concrete-crack-detection-dataset/audio/positive/pos_audio_783.wav,dataset/multimodal-concrete-crack-detection-dataset/image/positive/pos_img_783.jpg,1,acoustic_abnormal,multimodal_concrete_crack_audio,train
dataset/multimodal-concrete-crack-detection-dataset/audio/negative/neg_audio_2771.wav,dataset/multimodal-concrete-crack-detection-dataset/image/negative/neg_img_2771.jpg,0,normal,multimodal_concrete_crack_audio,train
dataset/multimodal-concrete-crack-detection-dataset/audio/negative/neg_audio_1821.wav,dataset/multimodal-concrete-crack-detection-dataset/image/negative/neg_img_1821.jpg,0,normal,multimodal_concrete_crack_audio,val
dataset/multimodal-concrete-crack-detection-dataset/audio/negative/neg_audio_102.wav,dataset/multimodal-concrete-crack-detection-dataset/image/negative/neg_img_102.jpg,0,normal,multimodal_concrete_crack_audio,train
dataset/multimodal-concrete-crack-detection-dataset/audio/negative/neg_audio_2823.wav,dataset/multimodal-concrete-crack-detection-dataset/image/negative/neg_img_2823.jpg,0,normal,multimodal_concrete_crack_audio,train
dataset/multimodal-concrete-crack-detection-dataset/audio/negative/neg_audio_2970.wav,dataset/multimodal-concrete-crack-detection-dataset/image/negative/neg_img_2970.jpg,0,normal,multimodal_concrete_crack_audio,val
dataset/multimodal-concrete-crack-detection-dataset/audio/positive/pos_audio_617.wav,dataset/multimodal-concrete-crack-detection-dataset/image/positive/pos_img_617.jpg,1,acoustic_abnormal,multimodal_concrete_crack_audio,train
dataset/multimodal-concrete-crack-detection-dataset/audio/positive/pos_audio_788.wav,dataset/multimodal-concrete-crack-detection-dataset/image/positive/pos_img_788.jpg,1,acoustic_abnormal,multimodal_concrete_crack_audio,train
dataset/multimodal-concrete-crack-detection-dataset/audio/negative/neg_audio_248.wav,dataset/multimodal-concrete-crack-detection-dataset/image/negative/neg_img_248.jpg,0,normal,multimodal_concrete_crack_audio,train
dataset/multimodal-concrete-crack-detection-dataset/audio/negative/neg_audio_2586.wav,dataset/multimodal-concrete-crack-detection-dataset/image/negative/neg_img_2586.jpg,0,normal,multimodal_concrete_crack_audio,val
dataset/multimodal-concrete-crack-detection-dataset/audio/negative/neg_audio_576.wav,dataset/multimodal-concrete-crack-detection-dataset/image/negative/neg_img_576.jpg,0,normal,multimodal_concrete_crack_audio,train
dataset/multimodal-concrete-crack-detection-dataset/audio/negative/neg_audio_3021.wav,dataset/multimodal-concrete-crack-detection-dataset/image/negative/neg_img_3021.jpg,0,normal,multimodal_concrete_crack_audio,train
dataset/multimodal-concrete-crack-detection-dataset/audio/positive/pos_audio_827.wav,dataset/multimodal-concrete-crack-detection-dataset/image/positive/pos_img_827.jpg,1,acoustic_abnormal,multimodal_concrete_crack_audio,train
dataset/multimodal-concrete-crack-detection-dataset/audio/negative/neg_audio_2185.wav,dataset/multimodal-concrete-crack-detection-dataset/image/negative/neg_img_2185.jpg,0,normal,multimodal_concrete_crack_audio,val
dataset/multimodal-concrete-crack-detection-dataset/audio/positive/pos_audio_326.wav,dataset/multimodal-concrete-crack-detection-dataset/image/positive/pos_img_326.jpg,1,acoustic_abnormal,multimodal_concrete_crack_audio,train
dataset/multimodal-concrete-crack-detection-dataset/audio/negative/neg_audio_1786.wav,dataset/multimodal-concrete-crack-detection-dataset/image/negative/neg_img_1786.jpg,0,normal,multimodal_concrete_crack_audio,train
dataset/multimodal-concrete-crack-detection-dataset/audio/negative/neg_audio_1490.wav,dataset/multimodal-concrete-crack-detection-dataset/image/negative/neg_img_1490.jpg,0,normal,multimodal_concrete_crack_audio,train
dataset/multimodal-concrete-crack-detection-dataset/audio/negative/neg_audio_1258.wav,dataset/multimodal-concrete-crack-detection-dataset/image/negative/neg_img_1258.jpg,0,normal,multimodal_concrete_crack_audio,train
dataset/multimodal-concrete-crack-detection-dataset/audio/negative/neg_audio_2505.wav,dataset/multimodal-concrete-crack-detection-dataset/image/negative/neg_img_2505.jpg,0,normal,multimodal_concrete_crack_audio,train
dataset/multimodal-concrete-crack-detection-dataset/audio/positive/pos_audio_759.wav,dataset/multimodal-concrete-crack-detection-dataset/image/positive/pos_img_759.jpg,1,acoustic_abnormal,multimodal_concrete_crack_audio,train
dataset/multimodal-concrete-crack-detection-dataset/audio/negative/neg_audio_404.wav,dataset/multimodal-concrete-crack-detection-dataset/image/negative/neg_img_404.jpg,0,normal,multimodal_concrete_crack_audio,val
dataset/multimodal-concrete-crack-detection-dataset/audio/negative/neg_audio_528.wav,dataset/multimodal-concrete-crack-detection-dataset/image/negative/neg_img_528.jpg,0,normal,multimodal_concrete_crack_audio,train
dataset/multimodal-concrete-crack-detection-dataset/audio/positive/pos_audio_198.wav,dataset/multimodal-concrete-crack-detection-dataset/image/positive/pos_img_198.jpg,1,acoustic_abnormal,multimodal_concrete_crack_audio,train
dataset/multimodal-concrete-crack-detection-dataset/audio/negative/neg_audio_1449.wav,dataset/multimodal-concrete-crack-detection-dataset/image/negative/neg_img_1449.jpg,0,normal,multimodal_concrete_crack_audio,val
dataset/multimodal-concrete-crack-detection-dataset/audio/negative/neg_audio_690.wav,dataset/multimodal-concrete-crack-detection-dataset/image/negative/neg_img_690.jpg,0,normal,multimodal_concrete_crack_audio,train
dataset/multimodal-concrete-crack-detection-dataset/audio/negative/neg_audio_14.wav,dataset/multimodal-concrete-crack-detection-dataset/image/negative/neg_img_14.jpg,0,normal,multimodal_concrete_crack_audio,test
dataset/multimodal-concrete-crack-detection-dataset/audio/negative/neg_audio_307.wav,dataset/multimodal-concrete-crack-detection-dataset/image/negative/neg_img_307.jpg,0,normal,multimodal_concrete_crack_audio,train
dataset/multimodal-concrete-crack-detection-dataset/audio/negative/neg_audio_163.wav,dataset/multimodal-concrete-crack-detection-dataset/image/negative/neg_img_163.jpg,0,normal,multimodal_concrete_crack_audio,train
dataset/multimodal-concrete-crack-detection-dataset/audio/negative/neg_audio_2460.wav,dataset/multimodal-concrete-crack-detection-dataset/image/negative/neg_img_2460.jpg,0,normal,multimodal_concrete_crack_audio,val
dataset/multimodal-concrete-crack-detection-dataset/audio/negative/neg_audio_1782.wav,dataset/multimodal-concrete-crack-detection-dataset/image/negative/neg_img_1782.jpg,0,normal,multimodal_concrete_crack_audio,val
dataset/multimodal-concrete-crack-detection-dataset/audio/negative/neg_audio_785.wav,dataset/multimodal-concrete-crack-detection-dataset/image/negative/neg_img_785.jpg,0,normal,multimodal_concrete_crack_audio,test
dataset/multimodal-concrete-crack-detection-dataset/audio/negative/neg_audio_1555.wav,dataset/multimodal-concrete-crack-detection-dataset/image/negative/neg_img_1555.jpg,0,normal,multimodal_concrete_crack_audio,train
dataset/multimodal-concrete-crack-detection-dataset/audio/negative/neg_audio_1088.wav,dataset/multimodal-concrete-crack-detection-dataset/image/negative/neg_img_1088.jpg,0,normal,multimodal_concrete_crack_audio,train
dataset/multimodal-concrete-crack-detection-dataset/audio/negative/neg_audio_868.wav,dataset/multimodal-concrete-crack-detection-dataset/image/negative/neg_img_868.jpg,0,normal,multimodal_concrete_crack_audio,test
dataset/multimodal-concrete-crack-detection-dataset/audio/negative/neg_audio_366.wav,dataset/multimodal-concrete-crack-detection-dataset/image/negative/neg_img_366.jpg,0,normal,multimodal_concrete_crack_audio,val
dataset/multimodal-concrete-crack-detection-dataset/audio/positive/pos_audio_507.wav,dataset/multimodal-concrete-crack-detection-dataset/image/positive/pos_img_507.jpg,1,acoustic_abnormal,multimodal_concrete_crack_audio,train
dataset/multimodal-concrete-crack-detection-dataset/audio/negative/neg_audio_228.wav,dataset/multimodal-concrete-crack-detection-dataset/image/negative/neg_img_228.jpg,0,normal,multimodal_concrete_crack_audio,test
dataset/multimodal-concrete-crack-detection-dataset/audio/negative/neg_audio_2192.wav,dataset/multimodal-concrete-crack-detection-dataset/image/negative/neg_img_2192.jpg,0,normal,multimodal_concrete_crack_audio,train
dataset/multimodal-concrete-crack-detection-dataset/audio/positive/pos_audio_85.wav,dataset/multimodal-concrete-crack-detection-dataset/image/positive/pos_img_85.jpg,1,acoustic_abnormal,multimodal_concrete_crack_audio,train
dataset/multimodal-concrete-crack-detection-dataset/audio/negative/neg_audio_1728.wav,dataset/multimodal-concrete-crack-detection-dataset/image/negative/neg_img_1728.jpg,0,normal,multimodal_concrete_crack_audio,train
dataset/multimodal-concrete-crack-detection-dataset/audio/negative/neg_audio_686.wav,dataset/multimodal-concrete-crack-detection-dataset/image/negative/neg_img_686.jpg,0,normal,multimodal_concrete_crack_audio,train
dataset/multimodal-concrete-crack-detection-dataset/audio/negative/neg_audio_1458.wav,dataset/multimodal-concrete-crack-detection-dataset/image/negative/neg_img_1458.jpg,0,normal,multimodal_concrete_crack_audio,test
dataset/multimodal-concrete-crack-detection-dataset/audio/positive/pos_audio_270.wav,dataset/multimodal-concrete-crack-detection-dataset/image/positive/pos_img_270.jpg,1,acoustic_abnormal,multimodal_concrete_crack_audio,train
dataset/multimodal-concrete-crack-detection-dataset/audio/positive/pos_audio_159.wav,dataset/multimodal-concrete-crack-detection-dataset/image/positive/pos_img_159.jpg,1,acoustic_abnormal,multimodal_concrete_crack_audio,train
dataset/multimodal-concrete-crack-detection-dataset/audio/positive/pos_audio_677.wav,dataset/multimodal-concrete-crack-detection-dataset/image/positive/pos_img_677.jpg,1,acoustic_abnormal,multimodal_concrete_crack_audio,train
dataset/multimodal-concrete-crack-detection-dataset/audio/negative/neg_audio_1028.wav,dataset/multimodal-concrete-crack-detection-dataset/image/negative/neg_img_1028.jpg,0,normal,multimodal_concrete_crack_audio,train
dataset/multimodal-concrete-crack-detection-dataset/audio/positive/pos_audio_91.wav,dataset/multimodal-concrete-crack-detection-dataset/image/positive/pos_img_91.jpg,1,acoustic_abnormal,multimodal_concrete_crack_audio,train
dataset/multimodal-concrete-crack-detection-dataset/audio/negative/neg_audio_1860.wav,dataset/multimodal-concrete-crack-detection-dataset/image/negative/neg_img_1860.jpg,0,normal,multimodal_concrete_crack_audio,train
dataset/multimodal-concrete-crack-detection-dataset/audio/positive/pos_audio_167.wav,dataset/multimodal-concrete-crack-detection-dataset/image/positive/pos_img_167.jpg,1,acoustic_abnormal,multimodal_concrete_crack_audio,train
dataset/multimodal-concrete-crack-detection-dataset/audio/negative/neg_audio_2307.wav,dataset/multimodal-concrete-crack-detection-dataset/image/negative/neg_img_2307.jpg,0,normal,multimodal_concrete_crack_audio,train
dataset/multimodal-concrete-crack-detection-dataset/audio/negative/neg_audio_1236.wav,dataset/multimodal-concrete-crack-detection-dataset/image/negative/neg_img_1236.jpg,0,normal,multimodal_concrete_crack_audio,train
dataset/multimodal-concrete-crack-detection-dataset/audio/positive/pos_audio_48.wav,dataset/multimodal-concrete-crack-detection-dataset/image/positive/pos_img_48.jpg,1,acoustic_abnormal,multimodal_concrete_crack_audio,train
dataset/multimodal-concrete-crack-detection-dataset/audio/negative/neg_audio_2447.wav,dataset/multimodal-concrete-crack-detection-dataset/image/negative/neg_img_2447.jpg,0,normal,multimodal_concrete_crack_audio,test
dataset/multimodal-concrete-crack-detection-dataset/audio/negative/neg_audio_1519.wav,dataset/multimodal-concrete-crack-detection-dataset/image/negative/neg_img_1519.jpg,0,normal,multimodal_concrete_crack_audio,train
dataset/multimodal-concrete-crack-detection-dataset/audio/negative/neg_audio_2589.wav,dataset/multimodal-concrete-crack-detection-dataset/image/negative/neg_img_2589.jpg,0,normal,multimodal_concrete_crack_audio,train
dataset/multimodal-concrete-crack-detection-dataset/audio/negative/neg_audio_870.wav,dataset/multimodal-concrete-crack-detection-dataset/image/negative/neg_img_870.jpg,0,normal,multimodal_concrete_crack_audio,train
dataset/multimodal-concrete-crack-detection-dataset/audio/negative/neg_audio_2947.wav,dataset/multimodal-concrete-crack-detection-dataset/image/negative/neg_img_2947.jpg,0,normal,multimodal_concrete_crack_audio,train
dataset/multimodal-concrete-crack-detection-dataset/audio/negative/neg_audio_111.wav,dataset/multimodal-concrete-crack-detection-dataset/image/negative/neg_img_111.jpg,0,normal,multimodal_concrete_crack_audio,train
dataset/multimodal-concrete-crack-detection-dataset/audio/positive/pos_audio_739.wav,dataset/multimodal-concrete-crack-detection-dataset/image/positive/pos_img_739.jpg,1,acoustic_abnormal,multimodal_concrete_crack_audio,train
dataset/multimodal-concrete-crack-detection-dataset/audio/negative/neg_audio_865.wav,dataset/multimodal-concrete-crack-detection-dataset/image/negative/neg_img_865.jpg,0,normal,multimodal_concrete_crack_audio,train
dataset/multimodal-concrete-crack-detection-dataset/audio/positive/pos_audio_744.wav,dataset/multimodal-concrete-crack-detection-dataset/image/positive/pos_img_744.jpg,1,acoustic_abnormal,multimodal_concrete_crack_audio,train
dataset/multimodal-concrete-crack-detection-dataset/audio/negative/neg_audio_2976.wav,dataset/multimodal-concrete-crack-detection-dataset/image/negative/neg_img_2976.jpg,0,normal,multimodal_concrete_crack_audio,val
dataset/multimodal-concrete-crack-detection-dataset/audio/negative/neg_audio_2096.wav,dataset/multimodal-concrete-crack-detection-dataset/image/negative/neg_img_2096.jpg,0,normal,multimodal_concrete_crack_audio,train
dataset/multimodal-concrete-crack-detection-dataset/audio/negative/neg_audio_2917.wav,dataset/multimodal-concrete-crack-detection-dataset/image/negative/neg_img_2917.jpg,0,normal,multimodal_concrete_crack_audio,train
dataset/multimodal-concrete-crack-detection-dataset/audio/negative/neg_audio_23.wav,dataset/multimodal-concrete-crack-detection-dataset/image/negative/neg_img_23.jpg,0,normal,multimodal_concrete_crack_audio,test
dataset/multimodal-concrete-crack-detection-dataset/audio/negative/neg_audio_3033.wav,dataset/multimodal-concrete-crack-detection-dataset/image/negative/neg_img_3033.jpg,0,normal,multimodal_concrete_crack_audio,test
dataset/multimodal-concrete-crack-detection-dataset/audio/positive/pos_audio_392.wav,dataset/multimodal-concrete-crack-detection-dataset/image/positive/pos_img_392.jpg,1,acoustic_abnormal,multimodal_concrete_crack_audio,train
dataset/multimodal-concrete-crack-detection-dataset/audio/negative/neg_audio_1977.wav,dataset/multimodal-concrete-crack-detection-dataset/image/negative/neg_img_1977.jpg,0,normal,multimodal_concrete_crack_audio,train
dataset/multimodal-concrete-crack-detection-dataset/audio/positive/pos_audio_753.wav,dataset/multimodal-concrete-crack-detection-dataset/image/positive/pos_img_753.jpg,1,acoustic_abnormal,multimodal_concrete_crack_audio,val
dataset/multimodal-concrete-crack-detection-dataset/audio/negative/neg_audio_2644.wav,dataset/multimodal-concrete-crack-detection-dataset/image/negative/neg_img_2644.jpg,0,normal,multimodal_concrete_crack_audio,test
dataset/multimodal-concrete-crack-detection-dataset/audio/positive/pos_audio_197.wav,dataset/multimodal-concrete-crack-detection-dataset/image/positive/pos_img_197.jpg,1,acoustic_abnormal,multimodal_concrete_crack_audio,train
dataset/multimodal-concrete-crack-detection-dataset/audio/negative/neg_audio_653.wav,dataset/multimodal-concrete-crack-detection-dataset/image/negative/neg_img_653.jpg,0,normal,multimodal_concrete_crack_audio,val
dataset/multimodal-concrete-crack-detection-dataset/audio/negative/neg_audio_2939.wav,dataset/multimodal-concrete-crack-detection-dataset/image/negative/neg_img_2939.jpg,0,normal,multimodal_concrete_crack_audio,train
dataset/multimodal-concrete-crack-detection-dataset/audio/negative/neg_audio_25.wav,dataset/multimodal-concrete-crack-detection-dataset/image/negative/neg_img_25.jpg,0,normal,multimodal_concrete_crack_audio,test
dataset/multimodal-concrete-crack-detection-dataset/audio/negative/neg_audio_1652.wav,dataset/multimodal-concrete-crack-detection-dataset/image/negative/neg_img_1652.jpg,0,normal,multimodal_concrete_crack_audio,test
dataset/multimodal-concrete-crack-detection-dataset/audio/negative/neg_audio_1645.wav,dataset/multimodal-concrete-crack-detection-dataset/image/negative/neg_img_1645.jpg,0,normal,multimodal_concrete_crack_audio,val
dataset/multimodal-concrete-crack-detection-dataset/audio/negative/neg_audio_828.wav,dataset/multimodal-concrete-crack-detection-dataset/image/negative/neg_img_828.jpg,0,normal,multimodal_concrete_crack_audio,val
dataset/multimodal-concrete-crack-detection-dataset/audio/negative/neg_audio_1766.wav,dataset/multimodal-concrete-crack-detection-dataset/image/negative/neg_img_1766.jpg,0,normal,multimodal_concrete_crack_audio,test
dataset/multimodal-concrete-crack-detection-dataset/audio/negative/neg_audio_1343.wav,dataset/multimodal-concrete-crack-detection-dataset/image/negative/neg_img_1343.jpg,0,normal,multimodal_concrete_crack_audio,test
dataset/multimodal-concrete-crack-detection-dataset/audio/negative/neg_audio_207.wav,dataset/multimodal-concrete-crack-detection-dataset/image/negative/neg_img_207.jpg,0,normal,multimodal_concrete_crack_audio,train
dataset/multimodal-concrete-crack-detection-dataset/audio/negative/neg_audio_2224.wav,dataset/multimodal-concrete-crack-detection-dataset/image/negative/neg_img_2224.jpg,0,normal,multimodal_concrete_crack_audio,test
dataset/multimodal-concrete-crack-detection-dataset/audio/positive/pos_audio_50.wav,dataset/multimodal-concrete-crack-detection-dataset/image/positive/pos_img_50.jpg,1,acoustic_abnormal,multimodal_concrete_crack_audio,val
dataset/multimodal-concrete-crack-detection-dataset/audio/positive/pos_audio_582.wav,dataset/multimodal-concrete-crack-detection-dataset/image/positive/pos_img_582.jpg,1,acoustic_abnormal,multimodal_concrete_crack_audio,test
dataset/multimodal-concrete-crack-detection-dataset/audio/negative/neg_audio_169.wav,dataset/multimodal-concrete-crack-detection-dataset/image/negative/neg_img_169.jpg,0,normal,multimodal_concrete_crack_audio,train
dataset/multimodal-concrete-crack-detection-dataset/audio/negative/neg_audio_2221.wav,dataset/multimodal-concrete-crack-detection-dataset/image/negative/neg_img_2221.jpg,0,normal,multimodal_concrete_crack_audio,train
dataset/multimodal-concrete-crack-detection-dataset/audio/negative/neg_audio_2462.wav,dataset/multimodal-concrete-crack-detection-dataset/image/negative/neg_img_2462.jpg,0,normal,multimodal_concrete_crack_audio,train
dataset/multimodal-concrete-crack-detection-dataset/audio/positive/pos_audio_470.wav,dataset/multimodal-concrete-crack-detection-dataset/image/positive/pos_img_470.jpg,1,acoustic_abnormal,multimodal_concrete_crack_audio,train
dataset/multimodal-concrete-crack-detection-dataset/audio/negative/neg_audio_1708.wav,dataset/multimodal-concrete-crack-detection-dataset/image/negative/neg_img_1708.jpg,0,normal,multimodal_concrete_crack_audio,val
dataset/multimodal-concrete-crack-detection-dataset/audio/negative/neg_audio_1059.wav,dataset/multimodal-concrete-crack-detection-dataset/image/negative/neg_img_1059.jpg,0,normal,multimodal_concrete_crack_audio,train
dataset/multimodal-concrete-crack-detection-dataset/audio/positive/pos_audio_73.wav,dataset/multimodal-concrete-crack-detection-dataset/image/positive/pos_img_73.jpg,1,acoustic_abnormal,multimodal_concrete_crack_audio,train
dataset/multimodal-concrete-crack-detection-dataset/audio/negative/neg_audio_3184.wav,dataset/multimodal-concrete-crack-detection-dataset/image/negative/neg_img_3184.jpg,0,normal,multimodal_concrete_crack_audio,train
dataset/multimodal-concrete-crack-detection-dataset/audio/negative/neg_audio_334.wav,dataset/multimodal-concrete-crack-detection-dataset/image/negative/neg_img_334.jpg,0,normal,multimodal_concrete_crack_audio,test
dataset/multimodal-concrete-crack-detection-dataset/audio/negative/neg_audio_367.wav,dataset/multimodal-concrete-crack-detection-dataset/image/negative/neg_img_367.jpg,0,normal,multimodal_concrete_crack_audio,train
dataset/multimodal-concrete-crack-detection-dataset/audio/negative/neg_audio_2304.wav,dataset/multimodal-concrete-crack-detection-dataset/image/negative/neg_img_2304.jpg,0,normal,multimodal_concrete_crack_audio,train
dataset/multimodal-concrete-crack-detection-dataset/audio/negative/neg_audio_2052.wav,dataset/multimodal-concrete-crack-detection-dataset/image/negative/neg_img_2052.jpg,0,normal,multimodal_concrete_crack_audio,train
dataset/multimodal-concrete-crack-detection-dataset/audio/negative/neg_audio_1963.wav,dataset/multimodal-concrete-crack-detection-dataset/image/negative/neg_img_1963.jpg,0,normal,multimodal_concrete_crack_audio,train
dataset/multimodal-concrete-crack-detection-dataset/audio/negative/neg_audio_534.wav,dataset/multimodal-concrete-crack-detection-dataset/image/negative/neg_img_534.jpg,0,normal,multimodal_concrete_crack_audio,train
dataset/multimodal-concrete-crack-detection-dataset/audio/positive/pos_audio_779.wav,dataset/multimodal-concrete-crack-detection-dataset/image/positive/pos_img_779.jpg,1,acoustic_abnormal,multimodal_concrete_crack_audio,train
dataset/multimodal-concrete-crack-detection-dataset/audio/negative/neg_audio_984.wav,dataset/multimodal-concrete-crack-detection-dataset/image/negative/neg_img_984.jpg,0,normal,multimodal_concrete_crack_audio,train
dataset/multimodal-concrete-crack-detection-dataset/audio/negative/neg_audio_1681.wav,dataset/multimodal-concrete-crack-detection-dataset/image/negative/neg_img_1681.jpg,0,normal,multimodal_concrete_crack_audio,train
dataset/multimodal-concrete-crack-detection-dataset/audio/negative/neg_audio_3111.wav,dataset/multimodal-concrete-crack-detection-dataset/image/negative/neg_img_3111.jpg,0,normal,multimodal_concrete_crack_audio,train
dataset/multimodal-concrete-crack-detection-dataset/audio/negative/neg_audio_792.wav,dataset/multimodal-concrete-crack-detection-dataset/image/negative/neg_img_792.jpg,0,normal,multimodal_concrete_crack_audio,train
dataset/multimodal-concrete-crack-detection-dataset/audio/negative/neg_audio_2149.wav,dataset/multimodal-concrete-crack-detection-dataset/image/negative/neg_img_2149.jpg,0,normal,multimodal_concrete_crack_audio,train
dataset/multimodal-concrete-crack-detection-dataset/audio/negative/neg_audio_583.wav,dataset/multimodal-concrete-crack-detection-dataset/image/negative/neg_img_583.jpg,0,normal,multimodal_concrete_crack_audio,train
dataset/multimodal-concrete-crack-detection-dataset/audio/negative/neg_audio_308.wav,dataset/multimodal-concrete-crack-detection-dataset/image/negative/neg_img_308.jpg,0,normal,multimodal_concrete_crack_audio,train
dataset/multimodal-concrete-crack-detection-dataset/audio/negative/neg_audio_871.wav,dataset/multimodal-concrete-crack-detection-dataset/image/negative/neg_img_871.jpg,0,normal,multimodal_concrete_crack_audio,val
dataset/multimodal-concrete-crack-detection-dataset/audio/negative/neg_audio_368.wav,dataset/multimodal-concrete-crack-detection-dataset/image/negative/neg_img_368.jpg,0,normal,multimodal_concrete_crack_audio,train
dataset/multimodal-concrete-crack-detection-dataset/audio/positive/pos_audio_483.wav,dataset/multimodal-concrete-crack-detection-dataset/image/positive/pos_img_483.jpg,1,acoustic_abnormal,multimodal_concrete_crack_audio,train
dataset/multimodal-concrete-crack-detection-dataset/audio/negative/neg_audio_786.wav,dataset/multimodal-concrete-crack-detection-dataset/image/negative/neg_img_786.jpg,0,normal,multimodal_concrete_crack_audio,val
dataset/multimodal-concrete-crack-detection-dataset/audio/negative/neg_audio_695.wav,dataset/multimodal-concrete-crack-detection-dataset/image/negative/neg_img_695.jpg,0,normal,multimodal_concrete_crack_audio,train
dataset/multimodal-concrete-crack-detection-dataset/audio/negative/neg_audio_190.wav,dataset/multimodal-concrete-crack-detection-dataset/image/negative/neg_img_190.jpg,0,normal,multimodal_concrete_crack_audio,train
dataset/multimodal-concrete-crack-detection-dataset/audio/negative/neg_audio_891.wav,dataset/multimodal-concrete-crack-detection-dataset/image/negative/neg_img_891.jpg,0,normal,multimodal_concrete_crack_audio,train
dataset/multimodal-concrete-crack-detection-dataset/audio/negative/neg_audio_618.wav,dataset/multimodal-concrete-crack-detection-dataset/image/negative/neg_img_618.jpg,0,normal,multimodal_concrete_crack_audio,train
dataset/multimodal-concrete-crack-detection-dataset/audio/negative/neg_audio_432.wav,dataset/multimodal-concrete-crack-detection-dataset/image/negative/neg_img_432.jpg,0,normal,multimodal_concrete_crack_audio,train
dataset/multimodal-concrete-crack-detection-dataset/audio/negative/neg_audio_90.wav,dataset/multimodal-concrete-crack-detection-dataset/image/negative/neg_img_90.jpg,0,normal,multimodal_concrete_crack_audio,train
dataset/multimodal-concrete-crack-detection-dataset/audio/negative/neg_audio_3018.wav,dataset/multimodal-concrete-crack-detection-dataset/image/negative/neg_img_3018.jpg,0,normal,multimodal_concrete_crack_audio,train
dataset/multimodal-concrete-crack-detection-dataset/audio/negative/neg_audio_2469.wav,dataset/multimodal-concrete-crack-detection-dataset/image/negative/neg_img_2469.jpg,0,normal,multimodal_concrete_crack_audio,train
dataset/multimodal-concrete-crack-detection-dataset/audio/negative/neg_audio_282.wav,dataset/multimodal-concrete-crack-detection-dataset/image/negative/neg_img_282.jpg,0,normal,multimodal_concrete_crack_audio,train
dataset/multimodal-concrete-crack-detection-dataset/audio/positive/pos_audio_871.wav,dataset/multimodal-concrete-crack-detection-dataset/image/positive/pos_img_871.jpg,1,acoustic_abnormal,multimodal_concrete_crack_audio,train
dataset/multimodal-concrete-crack-detection-dataset/audio/negative/neg_audio_2783.wav,dataset/multimodal-concrete-crack-detection-dataset/image/negative/neg_img_2783.jpg,0,normal,multimodal_concrete_crack_audio,train
dataset/multimodal-concrete-crack-detection-dataset/audio/negative/neg_audio_2672.wav,dataset/multimodal-concrete-crack-detection-dataset/image/negative/neg_img_2672.jpg,0,normal,multimodal_concrete_crack_audio,train
dataset/multimodal-concrete-crack-detection-dataset/audio/negative/neg_audio_1873.wav,dataset/multimodal-concrete-crack-detection-dataset/image/negative/neg_img_1873.jpg,0,normal,multimodal_concrete_crack_audio,train
dataset/multimodal-concrete-crack-detection-dataset/audio/negative/neg_audio_815.wav,dataset/multimodal-concrete-crack-detection-dataset/image/negative/neg_img_815.jpg,0,normal,multimodal_concrete_crack_audio,test
dataset/multimodal-concrete-crack-detection-dataset/audio/positive/pos_audio_556.wav,dataset/multimodal-concrete-crack-detection-dataset/image/positive/pos_img_556.jpg,1,acoustic_abnormal,multimodal_concrete_crack_audio,train
dataset/multimodal-concrete-crack-detection-dataset/audio/negative/neg_audio_1227.wav,dataset/multimodal-concrete-crack-detection-dataset/image/negative/neg_img_1227.jpg,0,normal,multimodal_concrete_crack_audio,train
dataset/multimodal-concrete-crack-detection-dataset/audio/positive/pos_audio_824.wav,dataset/multimodal-concrete-crack-detection-dataset/image/positive/pos_img_824.jpg,1,acoustic_abnormal,multimodal_concrete_crack_audio,val
dataset/multimodal-concrete-crack-detection-dataset/audio/negative/neg_audio_2875.wav,dataset/multimodal-concrete-crack-detection-dataset/image/negative/neg_img_2875.jpg,0,normal,multimodal_concrete_crack_audio,test
dataset/multimodal-concrete-crack-detection-dataset/audio/negative/neg_audio_1685.wav,dataset/multimodal-concrete-crack-detection-dataset/image/negative/neg_img_1685.jpg,0,normal,multimodal_concrete_crack_audio,train
dataset/multimodal-concrete-crack-detection-dataset/audio/negative/neg_audio_2292.wav,dataset/multimodal-concrete-crack-detection-dataset/image/negative/neg_img_2292.jpg,0,normal,multimodal_concrete_crack_audio,train
dataset/multimodal-concrete-crack-detection-dataset/audio/negative/neg_audio_696.wav,dataset/multimodal-concrete-crack-detection-dataset/image/negative/neg_img_696.jpg,0,normal,multimodal_concrete_crack_audio,train
dataset/multimodal-concrete-crack-detection-dataset/audio/negative/neg_audio_741.wav,dataset/multimodal-concrete-crack-detection-dataset/image/negative/neg_img_741.jpg,0,normal,multimodal_concrete_crack_audio,train
dataset/multimodal-concrete-crack-detection-dataset/audio/negative/neg_audio_3139.wav,dataset/multimodal-concrete-crack-detection-dataset/image/negative/neg_img_3139.jpg,0,normal,multimodal_concrete_crack_audio,train
dataset/multimodal-concrete-crack-detection-dataset/audio/positive/pos_audio_44.wav,dataset/multimodal-concrete-crack-detection-dataset/image/positive/pos_img_44.jpg,1,acoustic_abnormal,multimodal_concrete_crack_audio,train
dataset/multimodal-concrete-crack-detection-dataset/audio/positive/pos_audio_615.wav,dataset/multimodal-concrete-crack-detection-dataset/image/positive/pos_img_615.jpg,1,acoustic_abnormal,multimodal_concrete_crack_audio,val
dataset/multimodal-concrete-crack-detection-dataset/audio/negative/neg_audio_364.wav,dataset/multimodal-concrete-crack-detection-dataset/image/negative/neg_img_364.jpg,0,normal,multimodal_concrete_crack_audio,train
dataset/multimodal-concrete-crack-detection-dataset/audio/negative/neg_audio_1246.wav,dataset/multimodal-concrete-crack-detection-dataset/image/negative/neg_img_1246.jpg,0,normal,multimodal_concrete_crack_audio,train
dataset/multimodal-concrete-crack-detection-dataset/audio/negative/neg_audio_1813.wav,dataset/multimodal-concrete-crack-detection-dataset/image/negative/neg_img_1813.jpg,0,normal,multimodal_concrete_crack_audio,train
dataset/multimodal-concrete-crack-detection-dataset/audio/positive/pos_audio_140.wav,dataset/multimodal-concrete-crack-detection-dataset/image/positive/pos_img_140.jpg,1,acoustic_abnormal,multimodal_concrete_crack_audio,train
dataset/multimodal-concrete-crack-detection-dataset/audio/negative/neg_audio_2470.wav,dataset/multimodal-concrete-crack-detection-dataset/image/negative/neg_img_2470.jpg,0,normal,multimodal_concrete_crack_audio,val
dataset/multimodal-concrete-crack-detection-dataset/audio/negative/neg_audio_2842.wav,dataset/multimodal-concrete-crack-detection-dataset/image/negative/neg_img_2842.jpg,0,normal,multimodal_concrete_crack_audio,train
dataset/multimodal-concrete-crack-detection-dataset/audio/negative/neg_audio_1987.wav,dataset/multimodal-concrete-crack-detection-dataset/image/negative/neg_img_1987.jpg,0,normal,multimodal_concrete_crack_audio,train
dataset/multimodal-concrete-crack-detection-dataset/audio/negative/neg_audio_1516.wav,dataset/multimodal-concrete-crack-detection-dataset/image/negative/neg_img_1516.jpg,0,normal,multimodal_concrete_crack_audio,train
dataset/multimodal-concrete-crack-detection-dataset/audio/negative/neg_audio_1371.wav,dataset/multimodal-concrete-crack-detection-dataset/image/negative/neg_img_1371.jpg,0,normal,multimodal_concrete_crack_audio,train
dataset/multimodal-concrete-crack-detection-dataset/audio/negative/neg_audio_3197.wav,dataset/multimodal-concrete-crack-detection-dataset/image/negative/neg_img_3197.jpg,0,normal,multimodal_concrete_crack_audio,train
dataset/multimodal-concrete-crack-detection-dataset/audio/negative/neg_audio_710.wav,dataset/multimodal-concrete-crack-detection-dataset/image/negative/neg_img_710.jpg,0,normal,multimodal_concrete_crack_audio,train
dataset/multimodal-concrete-crack-detection-dataset/audio/negative/neg_audio_3169.wav,dataset/multimodal-concrete-crack-detection-dataset/image/negative/neg_img_3169.jpg,0,normal,multimodal_concrete_crack_audio,train
dataset/multimodal-concrete-crack-detection-dataset/audio/negative/neg_audio_1093.wav,dataset/multimodal-concrete-crack-detection-dataset/image/negative/neg_img_1093.jpg,0,normal,multimodal_concrete_crack_audio,train
dataset/multimodal-concrete-crack-detection-dataset/audio/negative/neg_audio_806.wav,dataset/multimodal-concrete-crack-detection-dataset/image/negative/neg_img_806.jpg,0,normal,multimodal_concrete_crack_audio,train
dataset/multimodal-concrete-crack-detection-dataset/audio/negative/neg_audio_1222.wav,dataset/multimodal-concrete-crack-detection-dataset/image/negative/neg_img_1222.jpg,0,normal,multimodal_concrete_crack_audio,train
dataset/multimodal-concrete-crack-detection-dataset/audio/negative/neg_audio_869.wav,dataset/multimodal-concrete-crack-detection-dataset/image/negative/neg_img_869.jpg,0,normal,multimodal_concrete_crack_audio,train
dataset/multimodal-concrete-crack-detection-dataset/audio/negative/neg_audio_1787.wav,dataset/multimodal-concrete-crack-detection-dataset/image/negative/neg_img_1787.jpg,0,normal,multimodal_concrete_crack_audio,train
dataset/multimodal-concrete-crack-detection-dataset/audio/negative/neg_audio_1495.wav,dataset/multimodal-concrete-crack-detection-dataset/image/negative/neg_img_1495.jpg,0,normal,multimodal_concrete_crack_audio,train
dataset/multimodal-concrete-crack-detection-dataset/audio/negative/neg_audio_1381.wav,dataset/multimodal-concrete-crack-detection-dataset/image/negative/neg_img_1381.jpg,0,normal,multimodal_concrete_crack_audio,train
dataset/multimodal-concrete-crack-detection-dataset/audio/negative/neg_audio_2684.wav,dataset/multimodal-concrete-crack-detection-dataset/image/negative/neg_img_2684.jpg,0,normal,multimodal_concrete_crack_audio,train
dataset/multimodal-concrete-crack-detection-dataset/audio/negative/neg_audio_2074.wav,dataset/multimodal-concrete-crack-detection-dataset/image/negative/neg_img_2074.jpg,0,normal,multimodal_concrete_crack_audio,test
dataset/multimodal-concrete-crack-detection-dataset/audio/negative/neg_audio_1839.wav,dataset/multimodal-concrete-crack-detection-dataset/image/negative/neg_img_1839.jpg,0,normal,multimodal_concrete_crack_audio,test
dataset/multimodal-concrete-crack-detection-dataset/audio/negative/neg_audio_669.wav,dataset/multimodal-concrete-crack-detection-dataset/image/negative/neg_img_669.jpg,0,normal,multimodal_concrete_crack_audio,val
dataset/multimodal-concrete-crack-detection-dataset/audio/negative/neg_audio_1583.wav,dataset/multimodal-concrete-crack-detection-dataset/image/negative/neg_img_1583.jpg,0,normal,multimodal_concrete_crack_audio,train
dataset/multimodal-concrete-crack-detection-dataset/audio/positive/pos_audio_238.wav,dataset/multimodal-concrete-crack-detection-dataset/image/positive/pos_img_238.jpg,1,acoustic_abnormal,multimodal_concrete_crack_audio,train
dataset/multimodal-concrete-crack-detection-dataset/audio/negative/neg_audio_2367.wav,dataset/multimodal-concrete-crack-detection-dataset/image/negative/neg_img_2367.jpg,0,normal,multimodal_concrete_crack_audio,test
dataset/multimodal-concrete-crack-detection-dataset/audio/negative/neg_audio_2708.wav,dataset/multimodal-concrete-crack-detection-dataset/image/negative/neg_img_2708.jpg,0,normal,multimodal_concrete_crack_audio,train
dataset/multimodal-concrete-crack-detection-dataset/audio/negative/neg_audio_2036.wav,dataset/multimodal-concrete-crack-detection-dataset/image/negative/neg_img_2036.jpg,0,normal,multimodal_concrete_crack_audio,train
dataset/multimodal-concrete-crack-detection-dataset/audio/positive/pos_audio_287.wav,dataset/multimodal-concrete-crack-detection-dataset/image/positive/pos_img_287.jpg,1,acoustic_abnormal,multimodal_concrete_crack_audio,train
dataset/multimodal-concrete-crack-detection-dataset/audio/positive/pos_audio_263.wav,dataset/multimodal-concrete-crack-detection-dataset/image/positive/pos_img_263.jpg,1,acoustic_abnormal,multimodal_concrete_crack_audio,val
dataset/multimodal-concrete-crack-detection-dataset/audio/positive/pos_audio_51.wav,dataset/multimodal-concrete-crack-detection-dataset/image/positive/pos_img_51.jpg,1,acoustic_abnormal,multimodal_concrete_crack_audio,train
dataset/multimodal-concrete-crack-detection-dataset/audio/negative/neg_audio_196.wav,dataset/multimodal-concrete-crack-detection-dataset/image/negative/neg_img_196.jpg,0,normal,multimodal_concrete_crack_audio,val
dataset/multimodal-concrete-crack-detection-dataset/audio/positive/pos_audio_351.wav,dataset/multimodal-concrete-crack-detection-dataset/image/positive/pos_img_351.jpg,1,acoustic_abnormal,multimodal_concrete_crack_audio,train
dataset/multimodal-concrete-crack-detection-dataset/audio/negative/neg_audio_1562.wav,dataset/multimodal-concrete-crack-detection-dataset/image/negative/neg_img_1562.jpg,0,normal,multimodal_concrete_crack_audio,train
dataset/multimodal-concrete-crack-detection-dataset/audio/negative/neg_audio_2427.wav,dataset/multimodal-concrete-crack-detection-dataset/image/negative/neg_img_2427.jpg,0,normal,multimodal_concrete_crack_audio,train
dataset/multimodal-concrete-crack-detection-dataset/audio/negative/neg_audio_1446.wav,dataset/multimodal-concrete-crack-detection-dataset/image/negative/neg_img_1446.jpg,0,normal,multimodal_concrete_crack_audio,train
dataset/multimodal-concrete-crack-detection-dataset/audio/negative/neg_audio_2893.wav,dataset/multimodal-concrete-crack-detection-dataset/image/negative/neg_img_2893.jpg,0,normal,multimodal_concrete_crack_audio,train
dataset/multimodal-concrete-crack-detection-dataset/audio/negative/neg_audio_1702.wav,dataset/multimodal-concrete-crack-detection-dataset/image/negative/neg_img_1702.jpg,0,normal,multimodal_concrete_crack_audio,train
dataset/multimodal-concrete-crack-detection-dataset/audio/negative/neg_audio_770.wav,dataset/multimodal-concrete-crack-detection-dataset/image/negative/neg_img_770.jpg,0,normal,multimodal_concrete_crack_audio,val
dataset/multimodal-concrete-crack-detection-dataset/audio/positive/pos_audio_804.wav,dataset/multimodal-concrete-crack-detection-dataset/image/positive/pos_img_804.jpg,1,acoustic_abnormal,multimodal_concrete_crack_audio,train
dataset/multimodal-concrete-crack-detection-dataset/audio/positive/pos_audio_772.wav,dataset/multimodal-concrete-crack-detection-dataset/image/positive/pos_img_772.jpg,1,acoustic_abnormal,multimodal_concrete_crack_audio,train
dataset/multimodal-concrete-crack-detection-dataset/audio/negative/neg_audio_2104.wav,dataset/multimodal-concrete-crack-detection-dataset/image/negative/neg_img_2104.jpg,0,normal,multimodal_concrete_crack_audio,train
dataset/multimodal-concrete-crack-detection-dataset/audio/positive/pos_audio_352.wav,dataset/multimodal-concrete-crack-detection-dataset/image/positive/pos_img_352.jpg,1,acoustic_abnormal,multimodal_concrete_crack_audio,train
dataset/multimodal-concrete-crack-detection-dataset/audio/negative/neg_audio_1431.wav,dataset/multimodal-concrete-crack-detection-dataset/image/negative/neg_img_1431.jpg,0,normal,multimodal_concrete_crack_audio,train
dataset/multimodal-concrete-crack-detection-dataset/audio/negative/neg_audio_1614.wav,dataset/multimodal-concrete-crack-detection-dataset/image/negative/neg_img_1614.jpg,0,normal,multimodal_concrete_crack_audio,train
dataset/multimodal-concrete-crack-detection-dataset/audio/negative/neg_audio_2252.wav,dataset/multimodal-concrete-crack-detection-dataset/image/negative/neg_img_2252.jpg,0,normal,multimodal_concrete_crack_audio,val
dataset/multimodal-concrete-crack-detection-dataset/audio/positive/pos_audio_387.wav,dataset/multimodal-concrete-crack-detection-dataset/image/positive/pos_img_387.jpg,1,acoustic_abnormal,multimodal_concrete_crack_audio,train
dataset/multimodal-concrete-crack-detection-dataset/audio/negative/neg_audio_1411.wav,dataset/multimodal-concrete-crack-detection-dataset/image/negative/neg_img_1411.jpg,0,normal,multimodal_concrete_crack_audio,train
dataset/multimodal-concrete-crack-detection-dataset/audio/negative/neg_audio_652.wav,dataset/multimodal-concrete-crack-detection-dataset/image/negative/neg_img_652.jpg,0,normal,multimodal_concrete_crack_audio,train
dataset/multimodal-concrete-crack-detection-dataset/audio/negative/neg_audio_1955.wav,dataset/multimodal-concrete-crack-detection-dataset/image/negative/neg_img_1955.jpg,0,normal,multimodal_concrete_crack_audio,train
dataset/multimodal-concrete-crack-detection-dataset/audio/positive/pos_audio_631.wav,dataset/multimodal-concrete-crack-detection-dataset/image/positive/pos_img_631.jpg,1,acoustic_abnormal,multimodal_concrete_crack_audio,train
dataset/multimodal-concrete-crack-detection-dataset/audio/negative/neg_audio_2278.wav,dataset/multimodal-concrete-crack-detection-dataset/image/negative/neg_img_2278.jpg,0,normal,multimodal_concrete_crack_audio,val
dataset/multimodal-concrete-crack-detection-dataset/audio/negative/neg_audio_631.wav,dataset/multimodal-concrete-crack-detection-dataset/image/negative/neg_img_631.jpg,0,normal,multimodal_concrete_crack_audio,train
dataset/multimodal-concrete-crack-detection-dataset/audio/negative/neg_audio_1002.wav,dataset/multimodal-concrete-crack-detection-dataset/image/negative/neg_img_1002.jpg,0,normal,multimodal_concrete_crack_audio,train
dataset/multimodal-concrete-crack-detection-dataset/audio/negative/neg_audio_2715.wav,dataset/multimodal-concrete-crack-detection-dataset/image/negative/neg_img_2715.jpg,0,normal,multimodal_concrete_crack_audio,test
dataset/multimodal-concrete-crack-detection-dataset/audio/positive/pos_audio_49.wav,dataset/multimodal-concrete-crack-detection-dataset/image/positive/pos_img_49.jpg,1,acoustic_abnormal,multimodal_concrete_crack_audio,train
dataset/multimodal-concrete-crack-detection-dataset/audio/positive/pos_audio_504.wav,dataset/multimodal-concrete-crack-detection-dataset/image/positive/pos_img_504.jpg,1,acoustic_abnormal,multimodal_concrete_crack_audio,train
dataset/multimodal-concrete-crack-detection-dataset/audio/negative/neg_audio_967.wav,dataset/multimodal-concrete-crack-detection-dataset/image/negative/neg_img_967.jpg,0,normal,multimodal_concrete_crack_audio,train
dataset/multimodal-concrete-crack-detection-dataset/audio/positive/pos_audio_404.wav,dataset/multimodal-concrete-crack-detection-dataset/image/positive/pos_img_404.jpg,1,acoustic_abnormal,multimodal_concrete_crack_audio,test
dataset/multimodal-concrete-crack-detection-dataset/audio/negative/neg_audio_329.wav,dataset/multimodal-concrete-crack-detection-dataset/image/negative/neg_img_329.jpg,0,normal,multimodal_concrete_crack_audio,test
dataset/multimodal-concrete-crack-detection-dataset/audio/negative/neg_audio_1259.wav,dataset/multimodal-concrete-crack-detection-dataset/image/negative/neg_img_1259.jpg,0,normal,multimodal_concrete_crack_audio,train
dataset/multimodal-concrete-crack-detection-dataset/audio/negative/neg_audio_2549.wav,dataset/multimodal-concrete-crack-detection-dataset/image/negative/neg_img_2549.jpg,0,normal,multimodal_concrete_crack_audio,train
dataset/multimodal-concrete-crack-detection-dataset/audio/negative/neg_audio_704.wav,dataset/multimodal-concrete-crack-detection-dataset/image/negative/neg_img_704.jpg,0,normal,multimodal_concrete_crack_audio,train
dataset/multimodal-concrete-crack-detection-dataset/audio/positive/pos_audio_393.wav,dataset/multimodal-concrete-crack-detection-dataset/image/positive/pos_img_393.jpg,1,acoustic_abnormal,multimodal_concrete_crack_audio,train
dataset/multimodal-concrete-crack-detection-dataset/audio/negative/neg_audio_2215.wav,dataset/multimodal-concrete-crack-detection-dataset/image/negative/neg_img_2215.jpg,0,normal,multimodal_concrete_crack_audio,train
dataset/multimodal-concrete-crack-detection-dataset/audio/negative/neg_audio_3.wav,dataset/multimodal-concrete-crack-detection-dataset/image/negative/neg_img_3.jpg,0,normal,multimodal_concrete_crack_audio,train
dataset/multimodal-concrete-crack-detection-dataset/audio/negative/neg_audio_1886.wav,dataset/multimodal-concrete-crack-detection-dataset/image/negative/neg_img_1886.jpg,0,normal,multimodal_concrete_crack_audio,train
dataset/multimodal-concrete-crack-detection-dataset/audio/negative/neg_audio_677.wav,dataset/multimodal-concrete-crack-detection-dataset/image/negative/neg_img_677.jpg,0,normal,multimodal_concrete_crack_audio,train
dataset/multimodal-concrete-crack-detection-dataset/audio/negative/neg_audio_1621.wav,dataset/multimodal-concrete-crack-detection-dataset/image/negative/neg_img_1621.jpg,0,normal,multimodal_concrete_crack_audio,train
dataset/multimodal-concrete-crack-detection-dataset/audio/negative/neg_audio_3047.wav,dataset/multimodal-concrete-crack-detection-dataset/image/negative/neg_img_3047.jpg,0,normal,multimodal_concrete_crack_audio,train
dataset/multimodal-concrete-crack-detection-dataset/audio/negative/neg_audio_2283.wav,dataset/multimodal-concrete-crack-detection-dataset/image/negative/neg_img_2283.jpg,0,normal,multimodal_concrete_crack_audio,train
dataset/multimodal-concrete-crack-detection-dataset/audio/negative/neg_audio_2697.wav,dataset/multimodal-concrete-crack-detection-dataset/image/negative/neg_img_2697.jpg,0,normal,multimodal_concrete_crack_audio,train
dataset/multimodal-concrete-crack-detection-dataset/audio/positive/pos_audio_681.wav,dataset/multimodal-concrete-crack-detection-dataset/image/positive/pos_img_681.jpg,1,acoustic_abnormal,multimodal_concrete_crack_audio,train
dataset/multimodal-concrete-crack-detection-dataset/audio/negative/neg_audio_2574.wav,dataset/multimodal-concrete-crack-detection-dataset/image/negative/neg_img_2574.jpg,0,normal,multimodal_concrete_crack_audio,train
dataset/multimodal-concrete-crack-detection-dataset/audio/negative/neg_audio_220.wav,dataset/multimodal-concrete-crack-detection-dataset/image/negative/neg_img_220.jpg,0,normal,multimodal_concrete_crack_audio,test
dataset/multimodal-concrete-crack-detection-dataset/audio/negative/neg_audio_1364.wav,dataset/multimodal-concrete-crack-detection-dataset/image/negative/neg_img_1364.jpg,0,normal,multimodal_concrete_crack_audio,train
dataset/multimodal-concrete-crack-detection-dataset/audio/negative/neg_audio_532.wav,dataset/multimodal-concrete-crack-detection-dataset/image/negative/neg_img_532.jpg,0,normal,multimodal_concrete_crack_audio,train
dataset/multimodal-concrete-crack-detection-dataset/audio/negative/neg_audio_571.wav,dataset/multimodal-concrete-crack-detection-dataset/image/negative/neg_img_571.jpg,0,normal,multimodal_concrete_crack_audio,train
dataset/multimodal-concrete-crack-detection-dataset/audio/positive/pos_audio_455.wav,dataset/multimodal-concrete-crack-detection-dataset/image/positive/pos_img_455.jpg,1,acoustic_abnormal,multimodal_concrete_crack_audio,train
dataset/multimodal-concrete-crack-detection-dataset/audio/negative/neg_audio_1231.wav,dataset/multimodal-concrete-crack-detection-dataset/image/negative/neg_img_1231.jpg,0,normal,multimodal_concrete_crack_audio,test
dataset/multimodal-concrete-crack-detection-dataset/audio/negative/neg_audio_681.wav,dataset/multimodal-concrete-crack-detection-dataset/image/negative/neg_img_681.jpg,0,normal,multimodal_concrete_crack_audio,train
dataset/multimodal-concrete-crack-detection-dataset/audio/negative/neg_audio_671.wav,dataset/multimodal-concrete-crack-detection-dataset/image/negative/neg_img_671.jpg,0,normal,multimodal_concrete_crack_audio,val
dataset/multimodal-concrete-crack-detection-dataset/audio/negative/neg_audio_116.wav,dataset/multimodal-concrete-crack-detection-dataset/image/negative/neg_img_116.jpg,0,normal,multimodal_concrete_crack_audio,val
dataset/multimodal-concrete-crack-detection-dataset/audio/negative/neg_audio_2541.wav,dataset/multimodal-concrete-crack-detection-dataset/image/negative/neg_img_2541.jpg,0,normal,multimodal_concrete_crack_audio,train
dataset/multimodal-concrete-crack-detection-dataset/audio/negative/neg_audio_1103.wav,dataset/multimodal-concrete-crack-detection-dataset/image/negative/neg_img_1103.jpg,0,normal,multimodal_concrete_crack_audio,train
dataset/multimodal-concrete-crack-detection-dataset/audio/negative/neg_audio_1744.wav,dataset/multimodal-concrete-crack-detection-dataset/image/negative/neg_img_1744.jpg,0,normal,multimodal_concrete_crack_audio,train
dataset/multimodal-concrete-crack-detection-dataset/audio/negative/neg_audio_2876.wav,dataset/multimodal-concrete-crack-detection-dataset/image/negative/neg_img_2876.jpg,0,normal,multimodal_concrete_crack_audio,train
dataset/multimodal-concrete-crack-detection-dataset/audio/negative/neg_audio_2835.wav,dataset/multimodal-concrete-crack-detection-dataset/image/negative/neg_img_2835.jpg,0,normal,multimodal_concrete_crack_audio,train
dataset/multimodal-concrete-crack-detection-dataset/audio/positive/pos_audio_741.wav,dataset/multimodal-concrete-crack-detection-dataset/image/positive/pos_img_741.jpg,1,acoustic_abnormal,multimodal_concrete_crack_audio,train
dataset/multimodal-concrete-crack-detection-dataset/audio/negative/neg_audio_959.wav,dataset/multimodal-concrete-crack-detection-dataset/image/negative/neg_img_959.jpg,0,normal,multimodal_concrete_crack_audio,test
dataset/multimodal-concrete-crack-detection-dataset/audio/negative/neg_audio_164.wav,dataset/multimodal-concrete-crack-detection-dataset/image/negative/neg_img_164.jpg,0,normal,multimodal_concrete_crack_audio,train
dataset/multimodal-concrete-crack-detection-dataset/audio/negative/neg_audio_2813.wav,dataset/multimodal-concrete-crack-detection-dataset/image/negative/neg_img_2813.jpg,0,normal,multimodal_concrete_crack_audio,train
dataset/multimodal-concrete-crack-detection-dataset/audio/negative/neg_audio_1643.wav,dataset/multimodal-concrete-crack-detection-dataset/image/negative/neg_img_1643.jpg,0,normal,multimodal_concrete_crack_audio,val
dataset/multimodal-concrete-crack-detection-dataset/audio/negative/neg_audio_1976.wav,dataset/multimodal-concrete-crack-detection-dataset/image/negative/neg_img_1976.jpg,0,normal,multimodal_concrete_crack_audio,train
dataset/multimodal-concrete-crack-detection-dataset/audio/negative/neg_audio_2456.wav,dataset/multimodal-concrete-crack-detection-dataset/image/negative/neg_img_2456.jpg,0,normal,multimodal_concrete_crack_audio,train
dataset/multimodal-concrete-crack-detection-dataset/audio/positive/pos_audio_518.wav,dataset/multimodal-concrete-crack-detection-dataset/image/positive/pos_img_518.jpg,1,acoustic_abnormal,multimodal_concrete_crack_audio,train
dataset/multimodal-concrete-crack-detection-dataset/audio/positive/pos_audio_236.wav,dataset/multimodal-concrete-crack-detection-dataset/image/positive/pos_img_236.jpg,1,acoustic_abnormal,multimodal_concrete_crack_audio,train
dataset/multimodal-concrete-crack-detection-dataset/audio/negative/neg_audio_997.wav,dataset/multimodal-concrete-crack-detection-dataset/image/negative/neg_img_997.jpg,0,normal,multimodal_concrete_crack_audio,train
dataset/multimodal-concrete-crack-detection-dataset/audio/negative/neg_audio_2248.wav,dataset/multimodal-concrete-crack-detection-dataset/image/negative/neg_img_2248.jpg,0,normal,multimodal_concrete_crack_audio,train
dataset/multimodal-concrete-crack-detection-dataset/audio/positive/pos_audio_685.wav,dataset/multimodal-concrete-crack-detection-dataset/image/positive/pos_img_685.jpg,1,acoustic_abnormal,multimodal_concrete_crack_audio,train
dataset/multimodal-concrete-crack-detection-dataset/audio/negative/neg_audio_1781.wav,dataset/multimodal-concrete-crack-detection-dataset/image/negative/neg_img_1781.jpg,0,normal,multimodal_concrete_crack_audio,train
dataset/multimodal-concrete-crack-detection-dataset/audio/negative/neg_audio_1869.wav,dataset/multimodal-concrete-crack-detection-dataset/image/negative/neg_img_1869.jpg,0,normal,multimodal_concrete_crack_audio,train
dataset/multimodal-concrete-crack-detection-dataset/audio/positive/pos_audio_413.wav,dataset/multimodal-concrete-crack-detection-dataset/image/positive/pos_img_413.jpg,1,acoustic_abnormal,multimodal_concrete_crack_audio,val
dataset/multimodal-concrete-crack-detection-dataset/audio/negative/neg_audio_89.wav,dataset/multimodal-concrete-crack-detection-dataset/image/negative/neg_img_89.jpg,0,normal,multimodal_concrete_crack_audio,train
dataset/multimodal-concrete-crack-detection-dataset/audio/negative/neg_audio_762.wav,dataset/multimodal-concrete-crack-detection-dataset/image/negative/neg_img_762.jpg,0,normal,multimodal_concrete_crack_audio,train
dataset/multimodal-concrete-crack-detection-dataset/audio/negative/neg_audio_1912.wav,dataset/multimodal-concrete-crack-detection-dataset/image/negative/neg_img_1912.jpg,0,normal,multimodal_concrete_crack_audio,val
dataset/multimodal-concrete-crack-detection-dataset/audio/positive/pos_audio_649.wav,dataset/multimodal-concrete-crack-detection-dataset/image/positive/pos_img_649.jpg,1,acoustic_abnormal,multimodal_concrete_crack_audio,test
dataset/multimodal-concrete-crack-detection-dataset/audio/negative/neg_audio_1254.wav,dataset/multimodal-concrete-crack-detection-dataset/image/negative/neg_img_1254.jpg,0,normal,multimodal_concrete_crack_audio,train
dataset/multimodal-concrete-crack-detection-dataset/audio/negative/neg_audio_1466.wav,dataset/multimodal-concrete-crack-detection-dataset/image/negative/neg_img_1466.jpg,0,normal,multimodal_concrete_crack_audio,val
dataset/multimodal-concrete-crack-detection-dataset/audio/positive/pos_audio_619.wav,dataset/multimodal-concrete-crack-detection-dataset/image/positive/pos_img_619.jpg,1,acoustic_abnormal,multimodal_concrete_crack_audio,train
dataset/multimodal-concrete-crack-detection-dataset/audio/negative/neg_audio_410.wav,dataset/multimodal-concrete-crack-detection-dataset/image/negative/neg_img_410.jpg,0,normal,multimodal_concrete_crack_audio,test
dataset/multimodal-concrete-crack-detection-dataset/audio/negative/neg_audio_2840.wav,dataset/multimodal-concrete-crack-detection-dataset/image/negative/neg_img_2840.jpg,0,normal,multimodal_concrete_crack_audio,train
dataset/multimodal-concrete-crack-detection-dataset/audio/positive/pos_audio_226.wav,dataset/multimodal-concrete-crack-detection-dataset/image/positive/pos_img_226.jpg,1,acoustic_abnormal,multimodal_concrete_crack_audio,train
dataset/multimodal-concrete-crack-detection-dataset/audio/positive/pos_audio_37.wav,dataset/multimodal-concrete-crack-detection-dataset/image/positive/pos_img_37.jpg,1,acoustic_abnormal,multimodal_concrete_crack_audio,train
dataset/multimodal-concrete-crack-detection-dataset/audio/positive/pos_audio_132.wav,dataset/multimodal-concrete-crack-detection-dataset/image/positive/pos_img_132.jpg,1,acoustic_abnormal,multimodal_concrete_crack_audio,train
dataset/multimodal-concrete-crack-detection-dataset/audio/negative/neg_audio_650.wav,dataset/multimodal-concrete-crack-detection-dataset/image/negative/neg_img_650.jpg,0,normal,multimodal_concrete_crack_audio,train
dataset/multimodal-concrete-crack-detection-dataset/audio/negative/neg_audio_2928.wav,dataset/multimodal-concrete-crack-detection-dataset/image/negative/neg_img_2928.jpg,0,normal,multimodal_concrete_crack_audio,test
dataset/multimodal-concrete-crack-detection-dataset/audio/positive/pos_audio_770.wav,dataset/multimodal-concrete-crack-detection-dataset/image/positive/pos_img_770.jpg,1,acoustic_abnormal,multimodal_concrete_crack_audio,train
dataset/multimodal-concrete-crack-detection-dataset/audio/negative/neg_audio_428.wav,dataset/multimodal-concrete-crack-detection-dataset/image/negative/neg_img_428.jpg,0,normal,multimodal_concrete_crack_audio,val
dataset/multimodal-concrete-crack-detection-dataset/audio/negative/neg_audio_2405.wav,dataset/multimodal-concrete-crack-detection-dataset/image/negative/neg_img_2405.jpg,0,normal,multimodal_concrete_crack_audio,train
dataset/multimodal-concrete-crack-detection-dataset/audio/negative/neg_audio_3116.wav,dataset/multimodal-concrete-crack-detection-dataset/image/negative/neg_img_3116.jpg,0,normal,multimodal_concrete_crack_audio,val
dataset/multimodal-concrete-crack-detection-dataset/audio/negative/neg_audio_2542.wav,dataset/multimodal-concrete-crack-detection-dataset/image/negative/neg_img_2542.jpg,0,normal,multimodal_concrete_crack_audio,train
dataset/multimodal-concrete-crack-detection-dataset/audio/negative/neg_audio_1524.wav,dataset/multimodal-concrete-crack-detection-dataset/image/negative/neg_img_1524.jpg,0,normal,multimodal_concrete_crack_audio,train
dataset/multimodal-concrete-crack-detection-dataset/audio/positive/pos_audio_817.wav,dataset/multimodal-concrete-crack-detection-dataset/image/positive/pos_img_817.jpg,1,acoustic_abnormal,multimodal_concrete_crack_audio,train
dataset/multimodal-concrete-crack-detection-dataset/audio/negative/neg_audio_1913.wav,dataset/multimodal-concrete-crack-detection-dataset/image/negative/neg_img_1913.jpg,0,normal,multimodal_concrete_crack_audio,val
dataset/multimodal-concrete-crack-detection-dataset/audio/negative/neg_audio_2416.wav,dataset/multimodal-concrete-crack-detection-dataset/image/negative/neg_img_2416.jpg,0,normal,multimodal_concrete_crack_audio,train
dataset/multimodal-concrete-crack-detection-dataset/audio/negative/neg_audio_1946.wav,dataset/multimodal-concrete-crack-detection-dataset/image/negative/neg_img_1946.jpg,0,normal,multimodal_concrete_crack_audio,train
dataset/multimodal-concrete-crack-detection-dataset/audio/negative/neg_audio_763.wav,dataset/multimodal-concrete-crack-detection-dataset/image/negative/neg_img_763.jpg,0,normal,multimodal_concrete_crack_audio,train
dataset/multimodal-concrete-crack-detection-dataset/audio/negative/neg_audio_2117.wav,dataset/multimodal-concrete-crack-detection-dataset/image/negative/neg_img_2117.jpg,0,normal,multimodal_concrete_crack_audio,train
dataset/multimodal-concrete-crack-detection-dataset/audio/negative/neg_audio_2912.wav,dataset/multimodal-concrete-crack-detection-dataset/image/negative/neg_img_2912.jpg,0,normal,multimodal_concrete_crack_audio,train
dataset/multimodal-concrete-crack-detection-dataset/audio/positive/pos_audio_374.wav,dataset/multimodal-concrete-crack-detection-dataset/image/positive/pos_img_374.jpg,1,acoustic_abnormal,multimodal_concrete_crack_audio,train
dataset/multimodal-concrete-crack-detection-dataset/audio/positive/pos_audio_131.wav,dataset/multimodal-concrete-crack-detection-dataset/image/positive/pos_img_131.jpg,1,acoustic_abnormal,multimodal_concrete_crack_audio,train
dataset/multimodal-concrete-crack-detection-dataset/audio/negative/neg_audio_1915.wav,dataset/multimodal-concrete-crack-detection-dataset/image/negative/neg_img_1915.jpg,0,normal,multimodal_concrete_crack_audio,train
dataset/multimodal-concrete-crack-detection-dataset/audio/negative/neg_audio_893.wav,dataset/multimodal-concrete-crack-detection-dataset/image/negative/neg_img_893.jpg,0,normal,multimodal_concrete_crack_audio,test
dataset/multimodal-concrete-crack-detection-dataset/audio/negative/neg_audio_1057.wav,dataset/multimodal-concrete-crack-detection-dataset/image/negative/neg_img_1057.jpg,0,normal,multimodal_concrete_crack_audio,test
dataset/multimodal-concrete-crack-detection-dataset/audio/negative/neg_audio_3174.wav,dataset/multimodal-concrete-crack-detection-dataset/image/negative/neg_img_3174.jpg,0,normal,multimodal_concrete_crack_audio,train
dataset/multimodal-concrete-crack-detection-dataset/audio/negative/neg_audio_2102.wav,dataset/multimodal-concrete-crack-detection-dataset/image/negative/neg_img_2102.jpg,0,normal,multimodal_concrete_crack_audio,train
dataset/multimodal-concrete-crack-detection-dataset/audio/negative/neg_audio_371.wav,dataset/multimodal-concrete-crack-detection-dataset/image/negative/neg_img_371.jpg,0,normal,multimodal_concrete_crack_audio,val
dataset/multimodal-concrete-crack-detection-dataset/audio/negative/neg_audio_1101.wav,dataset/multimodal-concrete-crack-detection-dataset/image/negative/neg_img_1101.jpg,0,normal,multimodal_concrete_crack_audio,val
dataset/multimodal-concrete-crack-detection-dataset/audio/positive/pos_audio_545.wav,dataset/multimodal-concrete-crack-detection-dataset/image/positive/pos_img_545.jpg,1,acoustic_abnormal,multimodal_concrete_crack_audio,train
dataset/multimodal-concrete-crack-detection-dataset/audio/negative/neg_audio_1401.wav,dataset/multimodal-concrete-crack-detection-dataset/image/negative/neg_img_1401.jpg,0,normal,multimodal_concrete_crack_audio,train
dataset/multimodal-concrete-crack-detection-dataset/audio/positive/pos_audio_292.wav,dataset/multimodal-concrete-crack-detection-dataset/image/positive/pos_img_292.jpg,1,acoustic_abnormal,multimodal_concrete_crack_audio,test
dataset/multimodal-concrete-crack-detection-dataset/audio/negative/neg_audio_1182.wav,dataset/multimodal-concrete-crack-detection-dataset/image/negative/neg_img_1182.jpg,0,normal,multimodal_concrete_crack_audio,val
dataset/multimodal-concrete-crack-detection-dataset/audio/negative/neg_audio_1420.wav,dataset/multimodal-concrete-crack-detection-dataset/image/negative/neg_img_1420.jpg,0,normal,multimodal_concrete_crack_audio,train
dataset/multimodal-concrete-crack-detection-dataset/audio/negative/neg_audio_3115.wav,dataset/multimodal-concrete-crack-detection-dataset/image/negative/neg_img_3115.jpg,0,normal,multimodal_concrete_crack_audio,train
dataset/multimodal-concrete-crack-detection-dataset/audio/negative/neg_audio_2392.wav,dataset/multimodal-concrete-crack-detection-dataset/image/negative/neg_img_2392.jpg,0,normal,multimodal_concrete_crack_audio,train
dataset/multimodal-concrete-crack-detection-dataset/audio/negative/neg_audio_637.wav,dataset/multimodal-concrete-crack-detection-dataset/image/negative/neg_img_637.jpg,0,normal,multimodal_concrete_crack_audio,val
dataset/multimodal-concrete-crack-detection-dataset/audio/negative/neg_audio_2343.wav,dataset/multimodal-concrete-crack-detection-dataset/image/negative/neg_img_2343.jpg,0,normal,multimodal_concrete_crack_audio,test
dataset/multimodal-concrete-crack-detection-dataset/audio/negative/neg_audio_150.wav,dataset/multimodal-concrete-crack-detection-dataset/image/negative/neg_img_150.jpg,0,normal,multimodal_concrete_crack_audio,train
dataset/multimodal-concrete-crack-detection-dataset/audio/negative/neg_audio_698.wav,dataset/multimodal-concrete-crack-detection-dataset/image/negative/neg_img_698.jpg,0,normal,multimodal_concrete_crack_audio,val
dataset/multimodal-concrete-crack-detection-dataset/audio/positive/pos_audio_244.wav,dataset/multimodal-concrete-crack-detection-dataset/image/positive/pos_img_244.jpg,1,acoustic_abnormal,multimodal_concrete_crack_audio,train
dataset/multimodal-concrete-crack-detection-dataset/audio/positive/pos_audio_654.wav,dataset/multimodal-concrete-crack-detection-dataset/image/positive/pos_img_654.jpg,1,acoustic_abnormal,multimodal_concrete_crack_audio,train
dataset/multimodal-concrete-crack-detection-dataset/audio/positive/pos_audio_576.wav,dataset/multimodal-concrete-crack-detection-dataset/image/positive/pos_img_576.jpg,1,acoustic_abnormal,multimodal_concrete_crack_audio,train
dataset/multimodal-concrete-crack-detection-dataset/audio/negative/neg_audio_1489.wav,dataset/multimodal-concrete-crack-detection-dataset/image/negative/neg_img_1489.jpg,0,normal,multimodal_concrete_crack_audio,val
dataset/multimodal-concrete-crack-detection-dataset/audio/positive/pos_audio_310.wav,dataset/multimodal-concrete-crack-detection-dataset/image/positive/pos_img_310.jpg,1,acoustic_abnormal,multimodal_concrete_crack_audio,val
dataset/multimodal-concrete-crack-detection-dataset/audio/negative/neg_audio_2471.wav,dataset/multimodal-concrete-crack-detection-dataset/image/negative/neg_img_2471.jpg,0,normal,multimodal_concrete_crack_audio,train
dataset/multimodal-concrete-crack-detection-dataset/audio/negative/neg_audio_378.wav,dataset/multimodal-concrete-crack-detection-dataset/image/negative/neg_img_378.jpg,0,normal,multimodal_concrete_crack_audio,test
dataset/multimodal-concrete-crack-detection-dataset/audio/negative/neg_audio_3063.wav,dataset/multimodal-concrete-crack-detection-dataset/image/negative/neg_img_3063.jpg,0,normal,multimodal_concrete_crack_audio,train
dataset/multimodal-concrete-crack-detection-dataset/audio/negative/neg_audio_2319.wav,dataset/multimodal-concrete-crack-detection-dataset/image/negative/neg_img_2319.jpg,0,normal,multimodal_concrete_crack_audio,test
dataset/multimodal-concrete-crack-detection-dataset/audio/negative/neg_audio_2766.wav,dataset/multimodal-concrete-crack-detection-dataset/image/negative/neg_img_2766.jpg,0,normal,multimodal_concrete_crack_audio,train
dataset/multimodal-concrete-crack-detection-dataset/audio/negative/neg_audio_2736.wav,dataset/multimodal-concrete-crack-detection-dataset/image/negative/neg_img_2736.jpg,0,normal,multimodal_concrete_crack_audio,train
dataset/multimodal-concrete-crack-detection-dataset/audio/negative/neg_audio_725.wav,dataset/multimodal-concrete-crack-detection-dataset/image/negative/neg_img_725.jpg,0,normal,multimodal_concrete_crack_audio,train
dataset/multimodal-concrete-crack-detection-dataset/audio/negative/neg_audio_2376.wav,dataset/multimodal-concrete-crack-detection-dataset/image/negative/neg_img_2376.jpg,0,normal,multimodal_concrete_crack_audio,train
dataset/multimodal-concrete-crack-detection-dataset/audio/negative/neg_audio_1117.wav,dataset/multimodal-concrete-crack-detection-dataset/image/negative/neg_img_1117.jpg,0,normal,multimodal_concrete_crack_audio,train
dataset/multimodal-concrete-crack-detection-dataset/audio/negative/neg_audio_771.wav,dataset/multimodal-concrete-crack-detection-dataset/image/negative/neg_img_771.jpg,0,normal,multimodal_concrete_crack_audio,test
dataset/multimodal-concrete-crack-detection-dataset/audio/negative/neg_audio_2364.wav,dataset/multimodal-concrete-crack-detection-dataset/image/negative/neg_img_2364.jpg,0,normal,multimodal_concrete_crack_audio,train
dataset/multimodal-concrete-crack-detection-dataset/audio/negative/neg_audio_1695.wav,dataset/multimodal-concrete-crack-detection-dataset/image/negative/neg_img_1695.jpg,0,normal,multimodal_concrete_crack_audio,train
dataset/multimodal-concrete-crack-detection-dataset/audio/negative/neg_audio_1292.wav,dataset/multimodal-concrete-crack-detection-dataset/image/negative/neg_img_1292.jpg,0,normal,multimodal_concrete_crack_audio,test
dataset/multimodal-concrete-crack-detection-dataset/audio/positive/pos_audio_627.wav,dataset/multimodal-concrete-crack-detection-dataset/image/positive/pos_img_627.jpg,1,acoustic_abnormal,multimodal_concrete_crack_audio,test
dataset/multimodal-concrete-crack-detection-dataset/audio/negative/neg_audio_1142.wav,dataset/multimodal-concrete-crack-detection-dataset/image/negative/neg_img_1142.jpg,0,normal,multimodal_concrete_crack_audio,val
dataset/multimodal-concrete-crack-detection-dataset/audio/negative/neg_audio_2287.wav,dataset/multimodal-concrete-crack-detection-dataset/image/negative/neg_img_2287.jpg,0,normal,multimodal_concrete_crack_audio,test
dataset/multimodal-concrete-crack-detection-dataset/audio/negative/neg_audio_2882.wav,dataset/multimodal-concrete-crack-detection-dataset/image/negative/neg_img_2882.jpg,0,normal,multimodal_concrete_crack_audio,test
dataset/multimodal-concrete-crack-detection-dataset/audio/negative/neg_audio_2667.wav,dataset/multimodal-concrete-crack-detection-dataset/image/negative/neg_img_2667.jpg,0,normal,multimodal_concrete_crack_audio,train
dataset/multimodal-concrete-crack-detection-dataset/audio/negative/neg_audio_218.wav,dataset/multimodal-concrete-crack-detection-dataset/image/negative/neg_img_218.jpg,0,normal,multimodal_concrete_crack_audio,train
dataset/multimodal-concrete-crack-detection-dataset/audio/negative/neg_audio_2269.wav,dataset/multimodal-concrete-crack-detection-dataset/image/negative/neg_img_2269.jpg,0,normal,multimodal_concrete_crack_audio,val
dataset/multimodal-concrete-crack-detection-dataset/audio/negative/neg_audio_543.wav,dataset/multimodal-concrete-crack-detection-dataset/image/negative/neg_img_543.jpg,0,normal,multimodal_concrete_crack_audio,val
dataset/multimodal-concrete-crack-detection-dataset/audio/negative/neg_audio_2280.wav,dataset/multimodal-concrete-crack-detection-dataset/image/negative/neg_img_2280.jpg,0,normal,multimodal_concrete_crack_audio,train
dataset/multimodal-concrete-crack-detection-dataset/audio/negative/neg_audio_1260.wav,dataset/multimodal-concrete-crack-detection-dataset/image/negative/neg_img_1260.jpg,0,normal,multimodal_concrete_crack_audio,val
dataset/multimodal-concrete-crack-detection-dataset/audio/negative/neg_audio_1010.wav,dataset/multimodal-concrete-crack-detection-dataset/image/negative/neg_img_1010.jpg,0,normal,multimodal_concrete_crack_audio,train
dataset/multimodal-concrete-crack-detection-dataset/audio/negative/neg_audio_332.wav,dataset/multimodal-concrete-crack-detection-dataset/image/negative/neg_img_332.jpg,0,normal,multimodal_concrete_crack_audio,train
dataset/multimodal-concrete-crack-detection-dataset/audio/positive/pos_audio_497.wav,dataset/multimodal-concrete-crack-detection-dataset/image/positive/pos_img_497.jpg,1,acoustic_abnormal,multimodal_concrete_crack_audio,train
dataset/multimodal-concrete-crack-detection-dataset/audio/negative/neg_audio_2973.wav,dataset/multimodal-concrete-crack-detection-dataset/image/negative/neg_img_2973.jpg,0,normal,multimodal_concrete_crack_audio,train
dataset/multimodal-concrete-crack-detection-dataset/audio/positive/pos_audio_639.wav,dataset/multimodal-concrete-crack-detection-dataset/image/positive/pos_img_639.jpg,1,acoustic_abnormal,multimodal_concrete_crack_audio,test
dataset/multimodal-concrete-crack-detection-dataset/audio/negative/neg_audio_42.wav,dataset/multimodal-concrete-crack-detection-dataset/image/negative/neg_img_42.jpg,0,normal,multimodal_concrete_crack_audio,train
dataset/multimodal-concrete-crack-detection-dataset/audio/negative/neg_audio_2650.wav,dataset/multimodal-concrete-crack-detection-dataset/image/negative/neg_img_2650.jpg,0,normal,multimodal_concrete_crack_audio,train
dataset/multimodal-concrete-crack-detection-dataset/audio/positive/pos_audio_144.wav,dataset/multimodal-concrete-crack-detection-dataset/image/positive/pos_img_144.jpg,1,acoustic_abnormal,multimodal_concrete_crack_audio,val
dataset/multimodal-concrete-crack-detection-dataset/audio/negative/neg_audio_2615.wav,dataset/multimodal-concrete-crack-detection-dataset/image/negative/neg_img_2615.jpg,0,normal,multimodal_concrete_crack_audio,train
dataset/multimodal-concrete-crack-detection-dataset/audio/negative/neg_audio_760.wav,dataset/multimodal-concrete-crack-detection-dataset/image/negative/neg_img_760.jpg,0,normal,multimodal_concrete_crack_audio,test
dataset/multimodal-concrete-crack-detection-dataset/audio/negative/neg_audio_353.wav,dataset/multimodal-concrete-crack-detection-dataset/image/negative/neg_img_353.jpg,0,normal,multimodal_concrete_crack_audio,train
dataset/multimodal-concrete-crack-detection-dataset/audio/negative/neg_audio_747.wav,dataset/multimodal-concrete-crack-detection-dataset/image/negative/neg_img_747.jpg,0,normal,multimodal_concrete_crack_audio,train
dataset/multimodal-concrete-crack-detection-dataset/audio/negative/neg_audio_370.wav,dataset/multimodal-concrete-crack-detection-dataset/image/negative/neg_img_370.jpg,0,normal,multimodal_concrete_crack_audio,train
dataset/multimodal-concrete-crack-detection-dataset/audio/negative/neg_audio_476.wav,dataset/multimodal-concrete-crack-detection-dataset/image/negative/neg_img_476.jpg,0,normal,multimodal_concrete_crack_audio,train
dataset/multimodal-concrete-crack-detection-dataset/audio/negative/neg_audio_361.wav,dataset/multimodal-concrete-crack-detection-dataset/image/negative/neg_img_361.jpg,0,normal,multimodal_concrete_crack_audio,train
dataset/multimodal-concrete-crack-detection-dataset/audio/negative/neg_audio_1896.wav,dataset/multimodal-concrete-crack-detection-dataset/image/negative/neg_img_1896.jpg,0,normal,multimodal_concrete_crack_audio,test
dataset/multimodal-concrete-crack-detection-dataset/audio/positive/pos_audio_221.wav,dataset/multimodal-concrete-crack-detection-dataset/image/positive/pos_img_221.jpg,1,acoustic_abnormal,multimodal_concrete_crack_audio,val
dataset/multimodal-concrete-crack-detection-dataset/audio/negative/neg_audio_2900.wav,dataset/multimodal-concrete-crack-detection-dataset/image/negative/neg_img_2900.jpg,0,normal,multimodal_concrete_crack_audio,train
dataset/multimodal-concrete-crack-detection-dataset/audio/negative/neg_audio_1398.wav,dataset/multimodal-concrete-crack-detection-dataset/image/negative/neg_img_1398.jpg,0,normal,multimodal_concrete_crack_audio,train
dataset/multimodal-concrete-crack-detection-dataset/audio/negative/neg_audio_482.wav,dataset/multimodal-concrete-crack-detection-dataset/image/negative/neg_img_482.jpg,0,normal,multimodal_concrete_crack_audio,train
dataset/multimodal-concrete-crack-detection-dataset/audio/positive/pos_audio_758.wav,dataset/multimodal-concrete-crack-detection-dataset/image/positive/pos_img_758.jpg,1,acoustic_abnormal,multimodal_concrete_crack_audio,train
dataset/multimodal-concrete-crack-detection-dataset/audio/negative/neg_audio_2772.wav,dataset/multimodal-concrete-crack-detection-dataset/image/negative/neg_img_2772.jpg,0,normal,multimodal_concrete_crack_audio,train
dataset/multimodal-concrete-crack-detection-dataset/audio/negative/neg_audio_1274.wav,dataset/multimodal-concrete-crack-detection-dataset/image/negative/neg_img_1274.jpg,0,normal,multimodal_concrete_crack_audio,train
dataset/multimodal-concrete-crack-detection-dataset/audio/negative/neg_audio_2680.wav,dataset/multimodal-concrete-crack-detection-dataset/image/negative/neg_img_2680.jpg,0,normal,multimodal_concrete_crack_audio,train
dataset/multimodal-concrete-crack-detection-dataset/audio/negative/neg_audio_708.wav,dataset/multimodal-concrete-crack-detection-dataset/image/negative/neg_img_708.jpg,0,normal,multimodal_concrete_crack_audio,train
dataset/multimodal-concrete-crack-detection-dataset/audio/negative/neg_audio_1676.wav,dataset/multimodal-concrete-crack-detection-dataset/image/negative/neg_img_1676.jpg,0,normal,multimodal_concrete_crack_audio,train
dataset/multimodal-concrete-crack-detection-dataset/audio/negative/neg_audio_2070.wav,dataset/multimodal-concrete-crack-detection-dataset/image/negative/neg_img_2070.jpg,0,normal,multimodal_concrete_crack_audio,test
dataset/multimodal-concrete-crack-detection-dataset/audio/negative/neg_audio_2685.wav,dataset/multimodal-concrete-crack-detection-dataset/image/negative/neg_img_2685.jpg,0,normal,multimodal_concrete_crack_audio,train
dataset/multimodal-concrete-crack-detection-dataset/audio/positive/pos_audio_861.wav,dataset/multimodal-concrete-crack-detection-dataset/image/positive/pos_img_861.jpg,1,acoustic_abnormal,multimodal_concrete_crack_audio,train
dataset/multimodal-concrete-crack-detection-dataset/audio/negative/neg_audio_2966.wav,dataset/multimodal-concrete-crack-detection-dataset/image/negative/neg_img_2966.jpg,0,normal,multimodal_concrete_crack_audio,val
dataset/multimodal-concrete-crack-detection-dataset/audio/positive/pos_audio_558.wav,dataset/multimodal-concrete-crack-detection-dataset/image/positive/pos_img_558.jpg,1,acoustic_abnormal,multimodal_concrete_crack_audio,train
dataset/multimodal-concrete-crack-detection-dataset/audio/negative/neg_audio_706.wav,dataset/multimodal-concrete-crack-detection-dataset/image/negative/neg_img_706.jpg,0,normal,multimodal_concrete_crack_audio,train
dataset/multimodal-concrete-crack-detection-dataset/audio/negative/neg_audio_2468.wav,dataset/multimodal-concrete-crack-detection-dataset/image/negative/neg_img_2468.jpg,0,normal,multimodal_concrete_crack_audio,train
dataset/multimodal-concrete-crack-detection-dataset/audio/negative/neg_audio_1092.wav,dataset/multimodal-concrete-crack-detection-dataset/image/negative/neg_img_1092.jpg,0,normal,multimodal_concrete_crack_audio,train
dataset/multimodal-concrete-crack-detection-dataset/audio/negative/neg_audio_604.wav,dataset/multimodal-concrete-crack-detection-dataset/image/negative/neg_img_604.jpg,0,normal,multimodal_concrete_crack_audio,train
dataset/multimodal-concrete-crack-detection-dataset/audio/positive/pos_audio_652.wav,dataset/multimodal-concrete-crack-detection-dataset/image/positive/pos_img_652.jpg,1,acoustic_abnormal,multimodal_concrete_crack_audio,train
dataset/multimodal-concrete-crack-detection-dataset/audio/negative/neg_audio_790.wav,dataset/multimodal-concrete-crack-detection-dataset/image/negative/neg_img_790.jpg,0,normal,multimodal_concrete_crack_audio,train
dataset/multimodal-concrete-crack-detection-dataset/audio/negative/neg_audio_266.wav,dataset/multimodal-concrete-crack-detection-dataset/image/negative/neg_img_266.jpg,0,normal,multimodal_concrete_crack_audio,test
dataset/multimodal-concrete-crack-detection-dataset/audio/negative/neg_audio_251.wav,dataset/multimodal-concrete-crack-detection-dataset/image/negative/neg_img_251.jpg,0,normal,multimodal_concrete_crack_audio,train
dataset/multimodal-concrete-crack-detection-dataset/audio/positive/pos_audio_220.wav,dataset/multimodal-concrete-crack-detection-dataset/image/positive/pos_img_220.jpg,1,acoustic_abnormal,multimodal_concrete_crack_audio,test
dataset/multimodal-concrete-crack-detection-dataset/audio/positive/pos_audio_690.wav,dataset/multimodal-concrete-crack-detection-dataset/image/positive/pos_img_690.jpg,1,acoustic_abnormal,multimodal_concrete_crack_audio,train
dataset/multimodal-concrete-crack-detection-dataset/audio/negative/neg_audio_58.wav,dataset/multimodal-concrete-crack-detection-dataset/image/negative/neg_img_58.jpg,0,normal,multimodal_concrete_crack_audio,test
dataset/multimodal-concrete-crack-detection-dataset/audio/negative/neg_audio_2682.wav,dataset/multimodal-concrete-crack-detection-dataset/image/negative/neg_img_2682.jpg,0,normal,multimodal_concrete_crack_audio,train
dataset/multimodal-concrete-crack-detection-dataset/audio/negative/neg_audio_1500.wav,dataset/multimodal-concrete-crack-detection-dataset/image/negative/neg_img_1500.jpg,0,normal,multimodal_concrete_crack_audio,val
dataset/multimodal-concrete-crack-detection-dataset/audio/positive/pos_audio_442.wav,dataset/multimodal-concrete-crack-detection-dataset/image/positive/pos_img_442.jpg,1,acoustic_abnormal,multimodal_concrete_crack_audio,train
dataset/multimodal-concrete-crack-detection-dataset/audio/negative/neg_audio_1296.wav,dataset/multimodal-concrete-crack-detection-dataset/image/negative/neg_img_1296.jpg,0,normal,multimodal_concrete_crack_audio,val
dataset/multimodal-concrete-crack-detection-dataset/audio/negative/neg_audio_1362.wav,dataset/multimodal-concrete-crack-detection-dataset/image/negative/neg_img_1362.jpg,0,normal,multimodal_concrete_crack_audio,train
dataset/multimodal-concrete-crack-detection-dataset/audio/negative/neg_audio_68.wav,dataset/multimodal-concrete-crack-detection-dataset/image/negative/neg_img_68.jpg,0,normal,multimodal_concrete_crack_audio,train
dataset/multimodal-concrete-crack-detection-dataset/audio/negative/neg_audio_2836.wav,dataset/multimodal-concrete-crack-detection-dataset/image/negative/neg_img_2836.jpg,0,normal,multimodal_concrete_crack_audio,val
dataset/multimodal-concrete-crack-detection-dataset/audio/negative/neg_audio_1136.wav,dataset/multimodal-concrete-crack-detection-dataset/image/negative/neg_img_1136.jpg,0,normal,multimodal_concrete_crack_audio,train
dataset/multimodal-concrete-crack-detection-dataset/audio/negative/neg_audio_2228.wav,dataset/multimodal-concrete-crack-detection-dataset/image/negative/neg_img_2228.jpg,0,normal,multimodal_concrete_crack_audio,train
dataset/multimodal-concrete-crack-detection-dataset/audio/negative/neg_audio_399.wav,dataset/multimodal-concrete-crack-detection-dataset/image/negative/neg_img_399.jpg,0,normal,multimodal_concrete_crack_audio,train
dataset/multimodal-concrete-crack-detection-dataset/audio/positive/pos_audio_595.wav,dataset/multimodal-concrete-crack-detection-dataset/image/positive/pos_img_595.jpg,1,acoustic_abnormal,multimodal_concrete_crack_audio,val
dataset/multimodal-concrete-crack-detection-dataset/audio/positive/pos_audio_119.wav,dataset/multimodal-concrete-crack-detection-dataset/image/positive/pos_img_119.jpg,1,acoustic_abnormal,multimodal_concrete_crack_audio,train
dataset/multimodal-concrete-crack-detection-dataset/audio/positive/pos_audio_1.wav,dataset/multimodal-concrete-crack-detection-dataset/image/positive/pos_img_1.jpg,1,acoustic_abnormal,multimodal_concrete_crack_audio,test
dataset/multimodal-concrete-crack-detection-dataset/audio/negative/neg_audio_229.wav,dataset/multimodal-concrete-crack-detection-dataset/image/negative/neg_img_229.jpg,0,normal,multimodal_concrete_crack_audio,train
dataset/multimodal-concrete-crack-detection-dataset/audio/negative/neg_audio_489.wav,dataset/multimodal-concrete-crack-detection-dataset/image/negative/neg_img_489.jpg,0,normal,multimodal_concrete_crack_audio,train
dataset/multimodal-concrete-crack-detection-dataset/audio/negative/neg_audio_2643.wav,dataset/multimodal-concrete-crack-detection-dataset/image/negative/neg_img_2643.jpg,0,normal,multimodal_concrete_crack_audio,train
dataset/multimodal-concrete-crack-detection-dataset/audio/negative/neg_audio_339.wav,dataset/multimodal-concrete-crack-detection-dataset/image/negative/neg_img_339.jpg,0,normal,multimodal_concrete_crack_audio,train
dataset/multimodal-concrete-crack-detection-dataset/audio/positive/pos_audio_104.wav,dataset/multimodal-concrete-crack-detection-dataset/image/positive/pos_img_104.jpg,1,acoustic_abnormal,multimodal_concrete_crack_audio,train
dataset/multimodal-concrete-crack-detection-dataset/audio/negative/neg_audio_724.wav,dataset/multimodal-concrete-crack-detection-dataset/image/negative/neg_img_724.jpg,0,normal,multimodal_concrete_crack_audio,train
dataset/multimodal-concrete-crack-detection-dataset/audio/negative/neg_audio_627.wav,dataset/multimodal-concrete-crack-detection-dataset/image/negative/neg_img_627.jpg,0,normal,multimodal_concrete_crack_audio,train
dataset/multimodal-concrete-crack-detection-dataset/audio/negative/neg_audio_2625.wav,dataset/multimodal-concrete-crack-detection-dataset/image/negative/neg_img_2625.jpg,0,normal,multimodal_concrete_crack_audio,train
dataset/multimodal-concrete-crack-detection-dataset/audio/negative/neg_audio_2745.wav,dataset/multimodal-concrete-crack-detection-dataset/image/negative/neg_img_2745.jpg,0,normal,multimodal_concrete_crack_audio,test
dataset/multimodal-concrete-crack-detection-dataset/audio/negative/neg_audio_156.wav,dataset/multimodal-concrete-crack-detection-dataset/image/negative/neg_img_156.jpg,0,normal,multimodal_concrete_crack_audio,test
dataset/multimodal-concrete-crack-detection-dataset/audio/negative/neg_audio_425.wav,dataset/multimodal-concrete-crack-detection-dataset/image/negative/neg_img_425.jpg,0,normal,multimodal_concrete_crack_audio,train
dataset/multimodal-concrete-crack-detection-dataset/audio/positive/pos_audio_584.wav,dataset/multimodal-concrete-crack-detection-dataset/image/positive/pos_img_584.jpg,1,acoustic_abnormal,multimodal_concrete_crack_audio,train
dataset/multimodal-concrete-crack-detection-dataset/audio/positive/pos_audio_201.wav,dataset/multimodal-concrete-crack-detection-dataset/image/positive/pos_img_201.jpg,1,acoustic_abnormal,multimodal_concrete_crack_audio,test
dataset/multimodal-concrete-crack-detection-dataset/audio/negative/neg_audio_711.wav,dataset/multimodal-concrete-crack-detection-dataset/image/negative/neg_img_711.jpg,0,normal,multimodal_concrete_crack_audio,train
dataset/multimodal-concrete-crack-detection-dataset/audio/negative/neg_audio_2008.wav,dataset/multimodal-concrete-crack-detection-dataset/image/negative/neg_img_2008.jpg,0,normal,multimodal_concrete_crack_audio,test
dataset/multimodal-concrete-crack-detection-dataset/audio/negative/neg_audio_1861.wav,dataset/multimodal-concrete-crack-detection-dataset/image/negative/neg_img_1861.jpg,0,normal,multimodal_concrete_crack_audio,train
dataset/multimodal-concrete-crack-detection-dataset/audio/negative/neg_audio_1928.wav,dataset/multimodal-concrete-crack-detection-dataset/image/negative/neg_img_1928.jpg,0,normal,multimodal_concrete_crack_audio,val
dataset/multimodal-concrete-crack-detection-dataset/audio/negative/neg_audio_124.wav,dataset/multimodal-concrete-crack-detection-dataset/image/negative/neg_img_124.jpg,0,normal,multimodal_concrete_crack_audio,train
dataset/multimodal-concrete-crack-detection-dataset/audio/negative/neg_audio_234.wav,dataset/multimodal-concrete-crack-detection-dataset/image/negative/neg_img_234.jpg,0,normal,multimodal_concrete_crack_audio,train
dataset/multimodal-concrete-crack-detection-dataset/audio/negative/neg_audio_3076.wav,dataset/multimodal-concrete-crack-detection-dataset/image/negative/neg_img_3076.jpg,0,normal,multimodal_concrete_crack_audio,train
dataset/multimodal-concrete-crack-detection-dataset/audio/negative/neg_audio_1036.wav,dataset/multimodal-concrete-crack-detection-dataset/image/negative/neg_img_1036.jpg,0,normal,multimodal_concrete_crack_audio,train
dataset/multimodal-concrete-crack-detection-dataset/audio/positive/pos_audio_25.wav,dataset/multimodal-concrete-crack-detection-dataset/image/positive/pos_img_25.jpg,1,acoustic_abnormal,multimodal_concrete_crack_audio,val
dataset/multimodal-concrete-crack-detection-dataset/audio/negative/neg_audio_1631.wav,dataset/multimodal-concrete-crack-detection-dataset/image/negative/neg_img_1631.jpg,0,normal,multimodal_concrete_crack_audio,val
dataset/multimodal-concrete-crack-detection-dataset/audio/positive/pos_audio_15.wav,dataset/multimodal-concrete-crack-detection-dataset/image/positive/pos_img_15.jpg,1,acoustic_abnormal,multimodal_concrete_crack_audio,train
dataset/multimodal-concrete-crack-detection-dataset/audio/negative/neg_audio_1126.wav,dataset/multimodal-concrete-crack-detection-dataset/image/negative/neg_img_1126.jpg,0,normal,multimodal_concrete_crack_audio,train
dataset/multimodal-concrete-crack-detection-dataset/audio/negative/neg_audio_137.wav,dataset/multimodal-concrete-crack-detection-dataset/image/negative/neg_img_137.jpg,0,normal,multimodal_concrete_crack_audio,train
dataset/multimodal-concrete-crack-detection-dataset/audio/negative/neg_audio_1118.wav,dataset/multimodal-concrete-crack-detection-dataset/image/negative/neg_img_1118.jpg,0,normal,multimodal_concrete_crack_audio,train
dataset/multimodal-concrete-crack-detection-dataset/audio/negative/neg_audio_53.wav,dataset/multimodal-concrete-crack-detection-dataset/image/negative/neg_img_53.jpg,0,normal,multimodal_concrete_crack_audio,train
dataset/multimodal-concrete-crack-detection-dataset/audio/negative/neg_audio_2059.wav,dataset/multimodal-concrete-crack-detection-dataset/image/negative/neg_img_2059.jpg,0,normal,multimodal_concrete_crack_audio,test
dataset/multimodal-concrete-crack-detection-dataset/audio/negative/neg_audio_1039.wav,dataset/multimodal-concrete-crack-detection-dataset/image/negative/neg_img_1039.jpg,0,normal,multimodal_concrete_crack_audio,test
dataset/multimodal-concrete-crack-detection-dataset/audio/negative/neg_audio_1510.wav,dataset/multimodal-concrete-crack-detection-dataset/image/negative/neg_img_1510.jpg,0,normal,multimodal_concrete_crack_audio,train
dataset/multimodal-concrete-crack-detection-dataset/audio/negative/neg_audio_385.wav,dataset/multimodal-concrete-crack-detection-dataset/image/negative/neg_img_385.jpg,0,normal,multimodal_concrete_crack_audio,train
dataset/multimodal-concrete-crack-detection-dataset/audio/negative/neg_audio_1345.wav,dataset/multimodal-concrete-crack-detection-dataset/image/negative/neg_img_1345.jpg,0,normal,multimodal_concrete_crack_audio,train
dataset/multimodal-concrete-crack-detection-dataset/audio/negative/neg_audio_1271.wav,dataset/multimodal-concrete-crack-detection-dataset/image/negative/neg_img_1271.jpg,0,normal,multimodal_concrete_crack_audio,train
dataset/multimodal-concrete-crack-detection-dataset/audio/negative/neg_audio_2379.wav,dataset/multimodal-concrete-crack-detection-dataset/image/negative/neg_img_2379.jpg,0,normal,multimodal_concrete_crack_audio,train
dataset/multimodal-concrete-crack-detection-dataset/audio/negative/neg_audio_2922.wav,dataset/multimodal-concrete-crack-detection-dataset/image/negative/neg_img_2922.jpg,0,normal,multimodal_concrete_crack_audio,train
dataset/multimodal-concrete-crack-detection-dataset/audio/negative/neg_audio_2154.wav,dataset/multimodal-concrete-crack-detection-dataset/image/negative/neg_img_2154.jpg,0,normal,multimodal_concrete_crack_audio,train
dataset/multimodal-concrete-crack-detection-dataset/audio/negative/neg_audio_1478.wav,dataset/multimodal-concrete-crack-detection-dataset/image/negative/neg_img_1478.jpg,0,normal,multimodal_concrete_crack_audio,test
dataset/multimodal-concrete-crack-detection-dataset/audio/positive/pos_audio_360.wav,dataset/multimodal-concrete-crack-detection-dataset/image/positive/pos_img_360.jpg,1,acoustic_abnormal,multimodal_concrete_crack_audio,train
dataset/multimodal-concrete-crack-detection-dataset/audio/negative/neg_audio_802.wav,dataset/multimodal-concrete-crack-detection-dataset/image/negative/neg_img_802.jpg,0,normal,multimodal_concrete_crack_audio,train
dataset/multimodal-concrete-crack-detection-dataset/audio/negative/neg_audio_43.wav,dataset/multimodal-concrete-crack-detection-dataset/image/negative/neg_img_43.jpg,0,normal,multimodal_concrete_crack_audio,train
dataset/multimodal-concrete-crack-detection-dataset/audio/negative/neg_audio_733.wav,dataset/multimodal-concrete-crack-detection-dataset/image/negative/neg_img_733.jpg,0,normal,multimodal_concrete_crack_audio,train
dataset/multimodal-concrete-crack-detection-dataset/audio/negative/neg_audio_1532.wav,dataset/multimodal-concrete-crack-detection-dataset/image/negative/neg_img_1532.jpg,0,normal,multimodal_concrete_crack_audio,train
dataset/multimodal-concrete-crack-detection-dataset/audio/negative/neg_audio_3150.wav,dataset/multimodal-concrete-crack-detection-dataset/image/negative/neg_img_3150.jpg,0,normal,multimodal_concrete_crack_audio,train
dataset/multimodal-concrete-crack-detection-dataset/audio/negative/neg_audio_782.wav,dataset/multimodal-concrete-crack-detection-dataset/image/negative/neg_img_782.jpg,0,normal,multimodal_concrete_crack_audio,train
dataset/multimodal-concrete-crack-detection-dataset/audio/negative/neg_audio_875.wav,dataset/multimodal-concrete-crack-detection-dataset/image/negative/neg_img_875.jpg,0,normal,multimodal_concrete_crack_audio,test
dataset/multimodal-concrete-crack-detection-dataset/audio/negative/neg_audio_2963.wav,dataset/multimodal-concrete-crack-detection-dataset/image/negative/neg_img_2963.jpg,0,normal,multimodal_concrete_crack_audio,train
dataset/multimodal-concrete-crack-detection-dataset/audio/negative/neg_audio_1417.wav,dataset/multimodal-concrete-crack-detection-dataset/image/negative/neg_img_1417.jpg,0,normal,multimodal_concrete_crack_audio,val
dataset/multimodal-concrete-crack-detection-dataset/audio/negative/neg_audio_1909.wav,dataset/multimodal-concrete-crack-detection-dataset/image/negative/neg_img_1909.jpg,0,normal,multimodal_concrete_crack_audio,train
dataset/multimodal-concrete-crack-detection-dataset/audio/negative/neg_audio_1497.wav,dataset/multimodal-concrete-crack-detection-dataset/image/negative/neg_img_1497.jpg,0,normal,multimodal_concrete_crack_audio,test
dataset/multimodal-concrete-crack-detection-dataset/audio/negative/neg_audio_103.wav,dataset/multimodal-concrete-crack-detection-dataset/image/negative/neg_img_103.jpg,0,normal,multimodal_concrete_crack_audio,train
dataset/multimodal-concrete-crack-detection-dataset/audio/negative/neg_audio_2673.wav,dataset/multimodal-concrete-crack-detection-dataset/image/negative/neg_img_2673.jpg,0,normal,multimodal_concrete_crack_audio,val
dataset/multimodal-concrete-crack-detection-dataset/audio/negative/neg_audio_1426.wav,dataset/multimodal-concrete-crack-detection-dataset/image/negative/neg_img_1426.jpg,0,normal,multimodal_concrete_crack_audio,train
dataset/multimodal-concrete-crack-detection-dataset/audio/positive/pos_audio_410.wav,dataset/multimodal-concrete-crack-detection-dataset/image/positive/pos_img_410.jpg,1,acoustic_abnormal,multimodal_concrete_crack_audio,train
dataset/multimodal-concrete-crack-detection-dataset/audio/negative/neg_audio_2285.wav,dataset/multimodal-concrete-crack-detection-dataset/image/negative/neg_img_2285.jpg,0,normal,multimodal_concrete_crack_audio,train
dataset/multimodal-concrete-crack-detection-dataset/audio/positive/pos_audio_368.wav,dataset/multimodal-concrete-crack-detection-dataset/image/positive/pos_img_368.jpg,1,acoustic_abnormal,multimodal_concrete_crack_audio,train
dataset/multimodal-concrete-crack-detection-dataset/audio/negative/neg_audio_3072.wav,dataset/multimodal-concrete-crack-detection-dataset/image/negative/neg_img_3072.jpg,0,normal,multimodal_concrete_crack_audio,train
dataset/multimodal-concrete-crack-detection-dataset/audio/negative/neg_audio_2655.wav,dataset/multimodal-concrete-crack-detection-dataset/image/negative/neg_img_2655.jpg,0,normal,multimodal_concrete_crack_audio,train
dataset/multimodal-concrete-crack-detection-dataset/audio/positive/pos_audio_255.wav,dataset/multimodal-concrete-crack-detection-dataset/image/positive/pos_img_255.jpg,1,acoustic_abnormal,multimodal_concrete_crack_audio,train
dataset/multimodal-concrete-crack-detection-dataset/audio/negative/neg_audio_2904.wav,dataset/multimodal-concrete-crack-detection-dataset/image/negative/neg_img_2904.jpg,0,normal,multimodal_concrete_crack_audio,train
dataset/multimodal-concrete-crack-detection-dataset/audio/negative/neg_audio_1790.wav,dataset/multimodal-concrete-crack-detection-dataset/image/negative/neg_img_1790.jpg,0,normal,multimodal_concrete_crack_audio,train
dataset/multimodal-concrete-crack-detection-dataset/audio/negative/neg_audio_585.wav,dataset/multimodal-concrete-crack-detection-dataset/image/negative/neg_img_585.jpg,0,normal,multimodal_concrete_crack_audio,train
dataset/multimodal-concrete-crack-detection-dataset/audio/negative/neg_audio_1137.wav,dataset/multimodal-concrete-crack-detection-dataset/image/negative/neg_img_1137.jpg,0,normal,multimodal_concrete_crack_audio,train
dataset/multimodal-concrete-crack-detection-dataset/audio/negative/neg_audio_2426.wav,dataset/multimodal-concrete-crack-detection-dataset/image/negative/neg_img_2426.jpg,0,normal,multimodal_concrete_crack_audio,val
dataset/multimodal-concrete-crack-detection-dataset/audio/negative/neg_audio_876.wav,dataset/multimodal-concrete-crack-detection-dataset/image/negative/neg_img_876.jpg,0,normal,multimodal_concrete_crack_audio,train
dataset/multimodal-concrete-crack-detection-dataset/audio/positive/pos_audio_637.wav,dataset/multimodal-concrete-crack-detection-dataset/image/positive/pos_img_637.jpg,1,acoustic_abnormal,multimodal_concrete_crack_audio,train
dataset/multimodal-concrete-crack-detection-dataset/audio/negative/neg_audio_2173.wav,dataset/multimodal-concrete-crack-detection-dataset/image/negative/neg_img_2173.jpg,0,normal,multimodal_concrete_crack_audio,train
dataset/multimodal-concrete-crack-detection-dataset/audio/negative/neg_audio_2924.wav,dataset/multimodal-concrete-crack-detection-dataset/image/negative/neg_img_2924.jpg,0,normal,multimodal_concrete_crack_audio,train
dataset/multimodal-concrete-crack-detection-dataset/audio/negative/neg_audio_2138.wav,dataset/multimodal-concrete-crack-detection-dataset/image/negative/neg_img_2138.jpg,0,normal,multimodal_concrete_crack_audio,val
dataset/multimodal-concrete-crack-detection-dataset/audio/negative/neg_audio_1276.wav,dataset/multimodal-concrete-crack-detection-dataset/image/negative/neg_img_1276.jpg,0,normal,multimodal_concrete_crack_audio,train
dataset/multimodal-concrete-crack-detection-dataset/audio/negative/neg_audio_1454.wav,dataset/multimodal-concrete-crack-detection-dataset/image/negative/neg_img_1454.jpg,0,normal,multimodal_concrete_crack_audio,train
dataset/multimodal-concrete-crack-detection-dataset/audio/positive/pos_audio_806.wav,dataset/multimodal-concrete-crack-detection-dataset/image/positive/pos_img_806.jpg,1,acoustic_abnormal,multimodal_concrete_crack_audio,val
dataset/multimodal-concrete-crack-detection-dataset/audio/negative/neg_audio_1579.wav,dataset/multimodal-concrete-crack-detection-dataset/image/negative/neg_img_1579.jpg,0,normal,multimodal_concrete_crack_audio,test
dataset/multimodal-concrete-crack-detection-dataset/audio/positive/pos_audio_65.wav,dataset/multimodal-concrete-crack-detection-dataset/image/positive/pos_img_65.jpg,1,acoustic_abnormal,multimodal_concrete_crack_audio,train
dataset/multimodal-concrete-crack-detection-dataset/audio/negative/neg_audio_1610.wav,dataset/multimodal-concrete-crack-detection-dataset/image/negative/neg_img_1610.jpg,0,normal,multimodal_concrete_crack_audio,train
dataset/multimodal-concrete-crack-detection-dataset/audio/negative/neg_audio_2294.wav,dataset/multimodal-concrete-crack-detection-dataset/image/negative/neg_img_2294.jpg,0,normal,multimodal_concrete_crack_audio,train
dataset/multimodal-concrete-crack-detection-dataset/audio/negative/neg_audio_986.wav,dataset/multimodal-concrete-crack-detection-dataset/image/negative/neg_img_986.jpg,0,normal,multimodal_concrete_crack_audio,train
dataset/multimodal-concrete-crack-detection-dataset/audio/negative/neg_audio_480.wav,dataset/multimodal-concrete-crack-detection-dataset/image/negative/neg_img_480.jpg,0,normal,multimodal_concrete_crack_audio,train
dataset/multimodal-concrete-crack-detection-dataset/audio/negative/neg_audio_2049.wav,dataset/multimodal-concrete-crack-detection-dataset/image/negative/neg_img_2049.jpg,0,normal,multimodal_concrete_crack_audio,train
dataset/multimodal-concrete-crack-detection-dataset/audio/negative/neg_audio_3203.wav,dataset/multimodal-concrete-crack-detection-dataset/image/negative/neg_img_3203.jpg,0,normal,multimodal_concrete_crack_audio,val
dataset/multimodal-concrete-crack-detection-dataset/audio/positive/pos_audio_650.wav,dataset/multimodal-concrete-crack-detection-dataset/image/positive/pos_img_650.jpg,1,acoustic_abnormal,multimodal_concrete_crack_audio,test
dataset/multimodal-concrete-crack-detection-dataset/audio/positive/pos_audio_311.wav,dataset/multimodal-concrete-crack-detection-dataset/image/positive/pos_img_311.jpg,1,acoustic_abnormal,multimodal_concrete_crack_audio,test
dataset/multimodal-concrete-crack-detection-dataset/audio/negative/neg_audio_1742.wav,dataset/multimodal-concrete-crack-detection-dataset/image/negative/neg_img_1742.jpg,0,normal,multimodal_concrete_crack_audio,test
dataset/multimodal-concrete-crack-detection-dataset/audio/negative/neg_audio_1800.wav,dataset/multimodal-concrete-crack-detection-dataset/image/negative/neg_img_1800.jpg,0,normal,multimodal_concrete_crack_audio,val
dataset/multimodal-concrete-crack-detection-dataset/audio/positive/pos_audio_397.wav,dataset/multimodal-concrete-crack-detection-dataset/image/positive/pos_img_397.jpg,1,acoustic_abnormal,multimodal_concrete_crack_audio,train
dataset/multimodal-concrete-crack-detection-dataset/audio/negative/neg_audio_3180.wav,dataset/multimodal-concrete-crack-detection-dataset/image/negative/neg_img_3180.jpg,0,normal,multimodal_concrete_crack_audio,train
dataset/multimodal-concrete-crack-detection-dataset/audio/positive/pos_audio_68.wav,dataset/multimodal-concrete-crack-detection-dataset/image/positive/pos_img_68.jpg,1,acoustic_abnormal,multimodal_concrete_crack_audio,test
dataset/multimodal-concrete-crack-detection-dataset/audio/negative/neg_audio_318.wav,dataset/multimodal-concrete-crack-detection-dataset/image/negative/neg_img_318.jpg,0,normal,multimodal_concrete_crack_audio,train
dataset/multimodal-concrete-crack-detection-dataset/audio/negative/neg_audio_1324.wav,dataset/multimodal-concrete-crack-detection-dataset/image/negative/neg_img_1324.jpg,0,normal,multimodal_concrete_crack_audio,val
dataset/multimodal-concrete-crack-detection-dataset/audio/negative/neg_audio_1.wav,dataset/multimodal-concrete-crack-detection-dataset/image/negative/neg_img_1.jpg,0,normal,multimodal_concrete_crack_audio,train
dataset/multimodal-concrete-crack-detection-dataset/audio/negative/neg_audio_1947.wav,dataset/multimodal-concrete-crack-detection-dataset/image/negative/neg_img_1947.jpg,0,normal,multimodal_concrete_crack_audio,val
dataset/multimodal-concrete-crack-detection-dataset/audio/negative/neg_audio_675.wav,dataset/multimodal-concrete-crack-detection-dataset/image/negative/neg_img_675.jpg,0,normal,multimodal_concrete_crack_audio,val
dataset/multimodal-concrete-crack-detection-dataset/audio/negative/neg_audio_587.wav,dataset/multimodal-concrete-crack-detection-dataset/image/negative/neg_img_587.jpg,0,normal,multimodal_concrete_crack_audio,train
dataset/multimodal-concrete-crack-detection-dataset/audio/positive/pos_audio_769.wav,dataset/multimodal-concrete-crack-detection-dataset/image/positive/pos_img_769.jpg,1,acoustic_abnormal,multimodal_concrete_crack_audio,train
dataset/multimodal-concrete-crack-detection-dataset/audio/negative/neg_audio_374.wav,dataset/multimodal-concrete-crack-detection-dataset/image/negative/neg_img_374.jpg,0,normal,multimodal_concrete_crack_audio,train
dataset/multimodal-concrete-crack-detection-dataset/audio/negative/neg_audio_2347.wav,dataset/multimodal-concrete-crack-detection-dataset/image/negative/neg_img_2347.jpg,0,normal,multimodal_concrete_crack_audio,train
dataset/multimodal-concrete-crack-detection-dataset/audio/negative/neg_audio_2658.wav,dataset/multimodal-concrete-crack-detection-dataset/image/negative/neg_img_2658.jpg,0,normal,multimodal_concrete_crack_audio,val
dataset/multimodal-concrete-crack-detection-dataset/audio/negative/neg_audio_10.wav,dataset/multimodal-concrete-crack-detection-dataset/image/negative/neg_img_10.jpg,0,normal,multimodal_concrete_crack_audio,train
dataset/multimodal-concrete-crack-detection-dataset/audio/negative/neg_audio_688.wav,dataset/multimodal-concrete-crack-detection-dataset/image/negative/neg_img_688.jpg,0,normal,multimodal_concrete_crack_audio,val
dataset/multimodal-concrete-crack-detection-dataset/audio/negative/neg_audio_857.wav,dataset/multimodal-concrete-crack-detection-dataset/image/negative/neg_img_857.jpg,0,normal,multimodal_concrete_crack_audio,train
dataset/multimodal-concrete-crack-detection-dataset/audio/negative/neg_audio_2465.wav,dataset/multimodal-concrete-crack-detection-dataset/image/negative/neg_img_2465.jpg,0,normal,multimodal_concrete_crack_audio,train
dataset/multimodal-concrete-crack-detection-dataset/audio/negative/neg_audio_1135.wav,dataset/multimodal-concrete-crack-detection-dataset/image/negative/neg_img_1135.jpg,0,normal,multimodal_concrete_crack_audio,train
dataset/multimodal-concrete-crack-detection-dataset/audio/negative/neg_audio_2666.wav,dataset/multimodal-concrete-crack-detection-dataset/image/negative/neg_img_2666.jpg,0,normal,multimodal_concrete_crack_audio,train
dataset/multimodal-concrete-crack-detection-dataset/audio/negative/neg_audio_1568.wav,dataset/multimodal-concrete-crack-detection-dataset/image/negative/neg_img_1568.jpg,0,normal,multimodal_concrete_crack_audio,train
dataset/multimodal-concrete-crack-detection-dataset/audio/negative/neg_audio_2139.wav,dataset/multimodal-concrete-crack-detection-dataset/image/negative/neg_img_2139.jpg,0,normal,multimodal_concrete_crack_audio,train
dataset/multimodal-concrete-crack-detection-dataset/audio/negative/neg_audio_518.wav,dataset/multimodal-concrete-crack-detection-dataset/image/negative/neg_img_518.jpg,0,normal,multimodal_concrete_crack_audio,train
dataset/multimodal-concrete-crack-detection-dataset/audio/negative/neg_audio_2556.wav,dataset/multimodal-concrete-crack-detection-dataset/image/negative/neg_img_2556.jpg,0,normal,multimodal_concrete_crack_audio,train
dataset/multimodal-concrete-crack-detection-dataset/audio/negative/neg_audio_2308.wav,dataset/multimodal-concrete-crack-detection-dataset/image/negative/neg_img_2308.jpg,0,normal,multimodal_concrete_crack_audio,train
dataset/multimodal-concrete-crack-detection-dataset/audio/negative/neg_audio_1076.wav,dataset/multimodal-concrete-crack-detection-dataset/image/negative/neg_img_1076.jpg,0,normal,multimodal_concrete_crack_audio,train
dataset/multimodal-concrete-crack-detection-dataset/audio/negative/neg_audio_2788.wav,dataset/multimodal-concrete-crack-detection-dataset/image/negative/neg_img_2788.jpg,0,normal,multimodal_concrete_crack_audio,test
dataset/multimodal-concrete-crack-detection-dataset/audio/negative/neg_audio_1146.wav,dataset/multimodal-concrete-crack-detection-dataset/image/negative/neg_img_1146.jpg,0,normal,multimodal_concrete_crack_audio,train
dataset/multimodal-concrete-crack-detection-dataset/audio/negative/neg_audio_3121.wav,dataset/multimodal-concrete-crack-detection-dataset/image/negative/neg_img_3121.jpg,0,normal,multimodal_concrete_crack_audio,train
dataset/multimodal-concrete-crack-detection-dataset/audio/negative/neg_audio_421.wav,dataset/multimodal-concrete-crack-detection-dataset/image/negative/neg_img_421.jpg,0,normal,multimodal_concrete_crack_audio,train
dataset/multimodal-concrete-crack-detection-dataset/audio/negative/neg_audio_624.wav,dataset/multimodal-concrete-crack-detection-dataset/image/negative/neg_img_624.jpg,0,normal,multimodal_concrete_crack_audio,train
dataset/multimodal-concrete-crack-detection-dataset/audio/positive/pos_audio_792.wav,dataset/multimodal-concrete-crack-detection-dataset/image/positive/pos_img_792.jpg,1,acoustic_abnormal,multimodal_concrete_crack_audio,train
dataset/multimodal-concrete-crack-detection-dataset/audio/negative/neg_audio_829.wav,dataset/multimodal-concrete-crack-detection-dataset/image/negative/neg_img_829.jpg,0,normal,multimodal_concrete_crack_audio,train
dataset/multimodal-concrete-crack-detection-dataset/audio/negative/neg_audio_2216.wav,dataset/multimodal-concrete-crack-detection-dataset/image/negative/neg_img_2216.jpg,0,normal,multimodal_concrete_crack_audio,test
dataset/multimodal-concrete-crack-detection-dataset/audio/negative/neg_audio_2298.wav,dataset/multimodal-concrete-crack-detection-dataset/image/negative/neg_img_2298.jpg,0,normal,multimodal_concrete_crack_audio,train
dataset/multimodal-concrete-crack-detection-dataset/audio/negative/neg_audio_1043.wav,dataset/multimodal-concrete-crack-detection-dataset/image/negative/neg_img_1043.jpg,0,normal,multimodal_concrete_crack_audio,train
dataset/multimodal-concrete-crack-detection-dataset/audio/negative/neg_audio_2466.wav,dataset/multimodal-concrete-crack-detection-dataset/image/negative/neg_img_2466.jpg,0,normal,multimodal_concrete_crack_audio,train
dataset/multimodal-concrete-crack-detection-dataset/audio/positive/pos_audio_695.wav,dataset/multimodal-concrete-crack-detection-dataset/image/positive/pos_img_695.jpg,1,acoustic_abnormal,multimodal_concrete_crack_audio,train
dataset/multimodal-concrete-crack-detection-dataset/audio/positive/pos_audio_632.wav,dataset/multimodal-concrete-crack-detection-dataset/image/positive/pos_img_632.jpg,1,acoustic_abnormal,multimodal_concrete_crack_audio,train
dataset/multimodal-concrete-crack-detection-dataset/audio/negative/neg_audio_1745.wav,dataset/multimodal-concrete-crack-detection-dataset/image/negative/neg_img_1745.jpg,0,normal,multimodal_concrete_crack_audio,val
dataset/multimodal-concrete-crack-detection-dataset/audio/negative/neg_audio_2871.wav,dataset/multimodal-concrete-crack-detection-dataset/image/negative/neg_img_2871.jpg,0,normal,multimodal_concrete_crack_audio,test
dataset/multimodal-concrete-crack-detection-dataset/audio/negative/neg_audio_1124.wav,dataset/multimodal-concrete-crack-detection-dataset/image/negative/neg_img_1124.jpg,0,normal,multimodal_concrete_crack_audio,train
dataset/multimodal-concrete-crack-detection-dataset/audio/negative/neg_audio_789.wav,dataset/multimodal-concrete-crack-detection-dataset/image/negative/neg_img_789.jpg,0,normal,multimodal_concrete_crack_audio,train
dataset/multimodal-concrete-crack-detection-dataset/audio/negative/neg_audio_57.wav,dataset/multimodal-concrete-crack-detection-dataset/image/negative/neg_img_57.jpg,0,normal,multimodal_concrete_crack_audio,val
dataset/multimodal-concrete-crack-detection-dataset/audio/negative/neg_audio_1412.wav,dataset/multimodal-concrete-crack-detection-dataset/image/negative/neg_img_1412.jpg,0,normal,multimodal_concrete_crack_audio,train
dataset/multimodal-concrete-crack-detection-dataset/audio/negative/neg_audio_925.wav,dataset/multimodal-concrete-crack-detection-dataset/image/negative/neg_img_925.jpg,0,normal,multimodal_concrete_crack_audio,train
dataset/multimodal-concrete-crack-detection-dataset/audio/negative/neg_audio_2290.wav,dataset/multimodal-concrete-crack-detection-dataset/image/negative/neg_img_2290.jpg,0,normal,multimodal_concrete_crack_audio,train
dataset/multimodal-concrete-crack-detection-dataset/audio/negative/neg_audio_1435.wav,dataset/multimodal-concrete-crack-detection-dataset/image/negative/neg_img_1435.jpg,0,normal,multimodal_concrete_crack_audio,train
dataset/multimodal-concrete-crack-detection-dataset/audio/negative/neg_audio_273.wav,dataset/multimodal-concrete-crack-detection-dataset/image/negative/neg_img_273.jpg,0,normal,multimodal_concrete_crack_audio,train
dataset/multimodal-concrete-crack-detection-dataset/audio/negative/neg_audio_640.wav,dataset/multimodal-concrete-crack-detection-dataset/image/negative/neg_img_640.jpg,0,normal,multimodal_concrete_crack_audio,train
dataset/multimodal-concrete-crack-detection-dataset/audio/negative/neg_audio_1919.wav,dataset/multimodal-concrete-crack-detection-dataset/image/negative/neg_img_1919.jpg,0,normal,multimodal_concrete_crack_audio,val
dataset/multimodal-concrete-crack-detection-dataset/audio/negative/neg_audio_250.wav,dataset/multimodal-concrete-crack-detection-dataset/image/negative/neg_img_250.jpg,0,normal,multimodal_concrete_crack_audio,train
dataset/multimodal-concrete-crack-detection-dataset/audio/negative/neg_audio_387.wav,dataset/multimodal-concrete-crack-detection-dataset/image/negative/neg_img_387.jpg,0,normal,multimodal_concrete_crack_audio,train
dataset/multimodal-concrete-crack-detection-dataset/audio/positive/pos_audio_165.wav,dataset/multimodal-concrete-crack-detection-dataset/image/positive/pos_img_165.jpg,1,acoustic_abnormal,multimodal_concrete_crack_audio,train
dataset/multimodal-concrete-crack-detection-dataset/audio/negative/neg_audio_1878.wav,dataset/multimodal-concrete-crack-detection-dataset/image/negative/neg_img_1878.jpg,0,normal,multimodal_concrete_crack_audio,train
dataset/multimodal-concrete-crack-detection-dataset/audio/positive/pos_audio_837.wav,dataset/multimodal-concrete-crack-detection-dataset/image/positive/pos_img_837.jpg,1,acoustic_abnormal,multimodal_concrete_crack_audio,train
dataset/multimodal-concrete-crack-detection-dataset/audio/positive/pos_audio_790.wav,dataset/multimodal-concrete-crack-detection-dataset/image/positive/pos_img_790.jpg,1,acoustic_abnormal,multimodal_concrete_crack_audio,train
dataset/multimodal-concrete-crack-detection-dataset/audio/negative/neg_audio_816.wav,dataset/multimodal-concrete-crack-detection-dataset/image/negative/neg_img_816.jpg,0,normal,multimodal_concrete_crack_audio,train
dataset/multimodal-concrete-crack-detection-dataset/audio/negative/neg_audio_768.wav,dataset/multimodal-concrete-crack-detection-dataset/image/negative/neg_img_768.jpg,0,normal,multimodal_concrete_crack_audio,val
dataset/multimodal-concrete-crack-detection-dataset/audio/negative/neg_audio_1277.wav,dataset/multimodal-concrete-crack-detection-dataset/image/negative/neg_img_1277.jpg,0,normal,multimodal_concrete_crack_audio,val
dataset/multimodal-concrete-crack-detection-dataset/audio/positive/pos_audio_105.wav,dataset/multimodal-concrete-crack-detection-dataset/image/positive/pos_img_105.jpg,1,acoustic_abnormal,multimodal_concrete_crack_audio,train
dataset/multimodal-concrete-crack-detection-dataset/audio/negative/neg_audio_274.wav,dataset/multimodal-concrete-crack-detection-dataset/image/negative/neg_img_274.jpg,0,normal,multimodal_concrete_crack_audio,val
dataset/multimodal-concrete-crack-detection-dataset/audio/negative/neg_audio_3117.wav,dataset/multimodal-concrete-crack-detection-dataset/image/negative/neg_img_3117.jpg,0,normal,multimodal_concrete_crack_audio,train
dataset/multimodal-concrete-crack-detection-dataset/audio/positive/pos_audio_655.wav,dataset/multimodal-concrete-crack-detection-dataset/image/positive/pos_img_655.jpg,1,acoustic_abnormal,multimodal_concrete_crack_audio,train
dataset/multimodal-concrete-crack-detection-dataset/audio/negative/neg_audio_734.wav,dataset/multimodal-concrete-crack-detection-dataset/image/negative/neg_img_734.jpg,0,normal,multimodal_concrete_crack_audio,test
dataset/multimodal-concrete-crack-detection-dataset/audio/positive/pos_audio_568.wav,dataset/multimodal-concrete-crack-detection-dataset/image/positive/pos_img_568.jpg,1,acoustic_abnormal,multimodal_concrete_crack_audio,train
dataset/multimodal-concrete-crack-detection-dataset/audio/negative/neg_audio_1301.wav,dataset/multimodal-concrete-crack-detection-dataset/image/negative/neg_img_1301.jpg,0,normal,multimodal_concrete_crack_audio,train
dataset/multimodal-concrete-crack-detection-dataset/audio/negative/neg_audio_40.wav,dataset/multimodal-concrete-crack-detection-dataset/image/negative/neg_img_40.jpg,0,normal,multimodal_concrete_crack_audio,train
dataset/multimodal-concrete-crack-detection-dataset/audio/positive/pos_audio_192.wav,dataset/multimodal-concrete-crack-detection-dataset/image/positive/pos_img_192.jpg,1,acoustic_abnormal,multimodal_concrete_crack_audio,train
dataset/multimodal-concrete-crack-detection-dataset/audio/negative/neg_audio_2147.wav,dataset/multimodal-concrete-crack-detection-dataset/image/negative/neg_img_2147.jpg,0,normal,multimodal_concrete_crack_audio,train
dataset/multimodal-concrete-crack-detection-dataset/audio/negative/neg_audio_672.wav,dataset/multimodal-concrete-crack-detection-dataset/image/negative/neg_img_672.jpg,0,normal,multimodal_concrete_crack_audio,train
dataset/multimodal-concrete-crack-detection-dataset/audio/negative/neg_audio_554.wav,dataset/multimodal-concrete-crack-detection-dataset/image/negative/neg_img_554.jpg,0,normal,multimodal_concrete_crack_audio,train
dataset/multimodal-concrete-crack-detection-dataset/audio/negative/neg_audio_1352.wav,dataset/multimodal-concrete-crack-detection-dataset/image/negative/neg_img_1352.jpg,0,normal,multimodal_concrete_crack_audio,train
dataset/multimodal-concrete-crack-detection-dataset/audio/positive/pos_audio_218.wav,dataset/multimodal-concrete-crack-detection-dataset/image/positive/pos_img_218.jpg,1,acoustic_abnormal,multimodal_concrete_crack_audio,val
dataset/multimodal-concrete-crack-detection-dataset/audio/negative/neg_audio_3060.wav,dataset/multimodal-concrete-crack-detection-dataset/image/negative/neg_img_3060.jpg,0,normal,multimodal_concrete_crack_audio,train
dataset/multimodal-concrete-crack-detection-dataset/audio/negative/neg_audio_1933.wav,dataset/multimodal-concrete-crack-detection-dataset/image/negative/neg_img_1933.jpg,0,normal,multimodal_concrete_crack_audio,val
dataset/multimodal-concrete-crack-detection-dataset/audio/positive/pos_audio_485.wav,dataset/multimodal-concrete-crack-detection-dataset/image/positive/pos_img_485.jpg,1,acoustic_abnormal,multimodal_concrete_crack_audio,train
dataset/multimodal-concrete-crack-detection-dataset/audio/positive/pos_audio_731.wav,dataset/multimodal-concrete-crack-detection-dataset/image/positive/pos_img_731.jpg,1,acoustic_abnormal,multimodal_concrete_crack_audio,train
dataset/multimodal-concrete-crack-detection-dataset/audio/negative/neg_audio_1520.wav,dataset/multimodal-concrete-crack-detection-dataset/image/negative/neg_img_1520.jpg,0,normal,multimodal_concrete_crack_audio,val
dataset/multimodal-concrete-crack-detection-dataset/audio/negative/neg_audio_837.wav,dataset/multimodal-concrete-crack-detection-dataset/image/negative/neg_img_837.jpg,0,normal,multimodal_concrete_crack_audio,train
dataset/multimodal-concrete-crack-detection-dataset/audio/negative/neg_audio_2464.wav,dataset/multimodal-concrete-crack-detection-dataset/image/negative/neg_img_2464.jpg,0,normal,multimodal_concrete_crack_audio,train
dataset/multimodal-concrete-crack-detection-dataset/audio/negative/neg_audio_2568.wav,dataset/multimodal-concrete-crack-detection-dataset/image/negative/neg_img_2568.jpg,0,normal,multimodal_concrete_crack_audio,val
dataset/multimodal-concrete-crack-detection-dataset/audio/negative/neg_audio_579.wav,dataset/multimodal-concrete-crack-detection-dataset/image/negative/neg_img_579.jpg,0,normal,multimodal_concrete_crack_audio,train
dataset/multimodal-concrete-crack-detection-dataset/audio/negative/neg_audio_679.wav,dataset/multimodal-concrete-crack-detection-dataset/image/negative/neg_img_679.jpg,0,normal,multimodal_concrete_crack_audio,train
dataset/multimodal-concrete-crack-detection-dataset/audio/positive/pos_audio_114.wav,dataset/multimodal-concrete-crack-detection-dataset/image/positive/pos_img_114.jpg,1,acoustic_abnormal,multimodal_concrete_crack_audio,test
dataset/multimodal-concrete-crack-detection-dataset/audio/negative/neg_audio_1522.wav,dataset/multimodal-concrete-crack-detection-dataset/image/negative/neg_img_1522.jpg,0,normal,multimodal_concrete_crack_audio,train
dataset/multimodal-concrete-crack-detection-dataset/audio/positive/pos_audio_577.wav,dataset/multimodal-concrete-crack-detection-dataset/image/positive/pos_img_577.jpg,1,acoustic_abnormal,multimodal_concrete_crack_audio,train
dataset/multimodal-concrete-crack-detection-dataset/audio/negative/neg_audio_2140.wav,dataset/multimodal-concrete-crack-detection-dataset/image/negative/neg_img_2140.jpg,0,normal,multimodal_concrete_crack_audio,train
dataset/multimodal-concrete-crack-detection-dataset/audio/negative/neg_audio_1110.wav,dataset/multimodal-concrete-crack-detection-dataset/image/negative/neg_img_1110.jpg,0,normal,multimodal_concrete_crack_audio,train
dataset/multimodal-concrete-crack-detection-dataset/audio/negative/neg_audio_1205.wav,dataset/multimodal-concrete-crack-detection-dataset/image/negative/neg_img_1205.jpg,0,normal,multimodal_concrete_crack_audio,train
dataset/multimodal-concrete-crack-detection-dataset/audio/negative/neg_audio_1783.wav,dataset/multimodal-concrete-crack-detection-dataset/image/negative/neg_img_1783.jpg,0,normal,multimodal_concrete_crack_audio,train
dataset/multimodal-concrete-crack-detection-dataset/audio/negative/neg_audio_481.wav,dataset/multimodal-concrete-crack-detection-dataset/image/negative/neg_img_481.jpg,0,normal,multimodal_concrete_crack_audio,test
dataset/multimodal-concrete-crack-detection-dataset/audio/negative/neg_audio_1215.wav,dataset/multimodal-concrete-crack-detection-dataset/image/negative/neg_img_1215.jpg,0,normal,multimodal_concrete_crack_audio,train
dataset/multimodal-concrete-crack-detection-dataset/audio/positive/pos_audio_349.wav,dataset/multimodal-concrete-crack-detection-dataset/image/positive/pos_img_349.jpg,1,acoustic_abnormal,multimodal_concrete_crack_audio,train
dataset/multimodal-concrete-crack-detection-dataset/audio/positive/pos_audio_145.wav,dataset/multimodal-concrete-crack-detection-dataset/image/positive/pos_img_145.jpg,1,acoustic_abnormal,multimodal_concrete_crack_audio,train
dataset/multimodal-concrete-crack-detection-dataset/audio/negative/neg_audio_2671.wav,dataset/multimodal-concrete-crack-detection-dataset/image/negative/neg_img_2671.jpg,0,normal,multimodal_concrete_crack_audio,train
dataset/multimodal-concrete-crack-detection-dataset/audio/positive/pos_audio_124.wav,dataset/multimodal-concrete-crack-detection-dataset/image/positive/pos_img_124.jpg,1,acoustic_abnormal,multimodal_concrete_crack_audio,train
dataset/multimodal-concrete-crack-detection-dataset/audio/negative/neg_audio_572.wav,dataset/multimodal-concrete-crack-detection-dataset/image/negative/neg_img_572.jpg,0,normal,multimodal_concrete_crack_audio,train
dataset/multimodal-concrete-crack-detection-dataset/audio/negative/neg_audio_1995.wav,dataset/multimodal-concrete-crack-detection-dataset/image/negative/neg_img_1995.jpg,0,normal,multimodal_concrete_crack_audio,train
dataset/multimodal-concrete-crack-detection-dataset/audio/negative/neg_audio_2927.wav,dataset/multimodal-concrete-crack-detection-dataset/image/negative/neg_img_2927.jpg,0,normal,multimodal_concrete_crack_audio,train
dataset/multimodal-concrete-crack-detection-dataset/audio/positive/pos_audio_848.wav,dataset/multimodal-concrete-crack-detection-dataset/image/positive/pos_img_848.jpg,1,acoustic_abnormal,multimodal_concrete_crack_audio,test
dataset/multimodal-concrete-crack-detection-dataset/audio/negative/neg_audio_3148.wav,dataset/multimodal-concrete-crack-detection-dataset/image/negative/neg_img_3148.jpg,0,normal,multimodal_concrete_crack_audio,train
dataset/multimodal-concrete-crack-detection-dataset/audio/negative/neg_audio_1737.wav,dataset/multimodal-concrete-crack-detection-dataset/image/negative/neg_img_1737.jpg,0,normal,multimodal_concrete_crack_audio,train
dataset/multimodal-concrete-crack-detection-dataset/audio/negative/neg_audio_159.wav,dataset/multimodal-concrete-crack-detection-dataset/image/negative/neg_img_159.jpg,0,normal,multimodal_concrete_crack_audio,test
dataset/multimodal-concrete-crack-detection-dataset/audio/negative/neg_audio_2634.wav,dataset/multimodal-concrete-crack-detection-dataset/image/negative/neg_img_2634.jpg,0,normal,multimodal_concrete_crack_audio,train
dataset/multimodal-concrete-crack-detection-dataset/audio/positive/pos_audio_234.wav,dataset/multimodal-concrete-crack-detection-dataset/image/positive/pos_img_234.jpg,1,acoustic_abnormal,multimodal_concrete_crack_audio,train
dataset/multimodal-concrete-crack-detection-dataset/audio/negative/neg_audio_808.wav,dataset/multimodal-concrete-crack-detection-dataset/image/negative/neg_img_808.jpg,0,normal,multimodal_concrete_crack_audio,val
dataset/multimodal-concrete-crack-detection-dataset/audio/negative/neg_audio_680.wav,dataset/multimodal-concrete-crack-detection-dataset/image/negative/neg_img_680.jpg,0,normal,multimodal_concrete_crack_audio,test
dataset/multimodal-concrete-crack-detection-dataset/audio/positive/pos_audio_477.wav,dataset/multimodal-concrete-crack-detection-dataset/image/positive/pos_img_477.jpg,1,acoustic_abnormal,multimodal_concrete_crack_audio,val
dataset/multimodal-concrete-crack-detection-dataset/audio/positive/pos_audio_439.wav,dataset/multimodal-concrete-crack-detection-dataset/image/positive/pos_img_439.jpg,1,acoustic_abnormal,multimodal_concrete_crack_audio,train
dataset/multimodal-concrete-crack-detection-dataset/audio/positive/pos_audio_228.wav,dataset/multimodal-concrete-crack-detection-dataset/image/positive/pos_img_228.jpg,1,acoustic_abnormal,multimodal_concrete_crack_audio,train
dataset/multimodal-concrete-crack-detection-dataset/audio/negative/neg_audio_2560.wav,dataset/multimodal-concrete-crack-detection-dataset/image/negative/neg_img_2560.jpg,0,normal,multimodal_concrete_crack_audio,test
dataset/multimodal-concrete-crack-detection-dataset/audio/negative/neg_audio_3034.wav,dataset/multimodal-concrete-crack-detection-dataset/image/negative/neg_img_3034.jpg,0,normal,multimodal_concrete_crack_audio,train
dataset/multimodal-concrete-crack-detection-dataset/audio/negative/neg_audio_1538.wav,dataset/multimodal-concrete-crack-detection-dataset/image/negative/neg_img_1538.jpg,0,normal,multimodal_concrete_crack_audio,train
dataset/multimodal-concrete-crack-detection-dataset/audio/negative/neg_audio_2993.wav,dataset/multimodal-concrete-crack-detection-dataset/image/negative/neg_img_2993.jpg,0,normal,multimodal_concrete_crack_audio,val
dataset/multimodal-concrete-crack-detection-dataset/audio/negative/neg_audio_1743.wav,dataset/multimodal-concrete-crack-detection-dataset/image/negative/neg_img_1743.jpg,0,normal,multimodal_concrete_crack_audio,train
dataset/multimodal-concrete-crack-detection-dataset/audio/negative/neg_audio_430.wav,dataset/multimodal-concrete-crack-detection-dataset/image/negative/neg_img_430.jpg,0,normal,multimodal_concrete_crack_audio,train
dataset/multimodal-concrete-crack-detection-dataset/audio/negative/neg_audio_2878.wav,dataset/multimodal-concrete-crack-detection-dataset/image/negative/neg_img_2878.jpg,0,normal,multimodal_concrete_crack_audio,train
dataset/multimodal-concrete-crack-detection-dataset/audio/negative/neg_audio_2272.wav,dataset/multimodal-concrete-crack-detection-dataset/image/negative/neg_img_2272.jpg,0,normal,multimodal_concrete_crack_audio,train
dataset/multimodal-concrete-crack-detection-dataset/audio/negative/neg_audio_2107.wav,dataset/multimodal-concrete-crack-detection-dataset/image/negative/neg_img_2107.jpg,0,normal,multimodal_concrete_crack_audio,train
dataset/multimodal-concrete-crack-detection-dataset/audio/negative/neg_audio_1978.wav,dataset/multimodal-concrete-crack-detection-dataset/image/negative/neg_img_1978.jpg,0,normal,multimodal_concrete_crack_audio,train
dataset/multimodal-concrete-crack-detection-dataset/audio/positive/pos_audio_535.wav,dataset/multimodal-concrete-crack-detection-dataset/image/positive/pos_img_535.jpg,1,acoustic_abnormal,multimodal_concrete_crack_audio,test
dataset/multimodal-concrete-crack-detection-dataset/audio/negative/neg_audio_1318.wav,dataset/multimodal-concrete-crack-detection-dataset/image/negative/neg_img_1318.jpg,0,normal,multimodal_concrete_crack_audio,train
dataset/multimodal-concrete-crack-detection-dataset/audio/positive/pos_audio_118.wav,dataset/multimodal-concrete-crack-detection-dataset/image/positive/pos_img_118.jpg,1,acoustic_abnormal,multimodal_concrete_crack_audio,train
dataset/multimodal-concrete-crack-detection-dataset/audio/negative/neg_audio_2958.wav,dataset/multimodal-concrete-crack-detection-dataset/image/negative/neg_img_2958.jpg,0,normal,multimodal_concrete_crack_audio,val
dataset/multimodal-concrete-crack-detection-dataset/audio/negative/neg_audio_2047.wav,dataset/multimodal-concrete-crack-detection-dataset/image/negative/neg_img_2047.jpg,0,normal,multimodal_concrete_crack_audio,train
dataset/multimodal-concrete-crack-detection-dataset/audio/negative/neg_audio_2234.wav,dataset/multimodal-concrete-crack-detection-dataset/image/negative/neg_img_2234.jpg,0,normal,multimodal_concrete_crack_audio,val
dataset/multimodal-concrete-crack-detection-dataset/audio/negative/neg_audio_2001.wav,dataset/multimodal-concrete-crack-detection-dataset/image/negative/neg_img_2001.jpg,0,normal,multimodal_concrete_crack_audio,test
dataset/multimodal-concrete-crack-detection-dataset/audio/negative/neg_audio_2618.wav,dataset/multimodal-concrete-crack-detection-dataset/image/negative/neg_img_2618.jpg,0,normal,multimodal_concrete_crack_audio,train
dataset/multimodal-concrete-crack-detection-dataset/audio/negative/neg_audio_856.wav,dataset/multimodal-concrete-crack-detection-dataset/image/negative/neg_img_856.jpg,0,normal,multimodal_concrete_crack_audio,val
dataset/multimodal-concrete-crack-detection-dataset/audio/positive/pos_audio_846.wav,dataset/multimodal-concrete-crack-detection-dataset/image/positive/pos_img_846.jpg,1,acoustic_abnormal,multimodal_concrete_crack_audio,val
dataset/multimodal-concrete-crack-detection-dataset/audio/negative/neg_audio_22.wav,dataset/multimodal-concrete-crack-detection-dataset/image/negative/neg_img_22.jpg,0,normal,multimodal_concrete_crack_audio,test
dataset/multimodal-concrete-crack-detection-dataset/audio/negative/neg_audio_1665.wav,dataset/multimodal-concrete-crack-detection-dataset/image/negative/neg_img_1665.jpg,0,normal,multimodal_concrete_crack_audio,val
dataset/multimodal-concrete-crack-detection-dataset/audio/negative/neg_audio_2940.wav,dataset/multimodal-concrete-crack-detection-dataset/image/negative/neg_img_2940.jpg,0,normal,multimodal_concrete_crack_audio,train
dataset/multimodal-concrete-crack-detection-dataset/audio/negative/neg_audio_1316.wav,dataset/multimodal-concrete-crack-detection-dataset/image/negative/neg_img_1316.jpg,0,normal,multimodal_concrete_crack_audio,train
dataset/multimodal-concrete-crack-detection-dataset/audio/negative/neg_audio_149.wav,dataset/multimodal-concrete-crack-detection-dataset/image/negative/neg_img_149.jpg,0,normal,multimodal_concrete_crack_audio,train
dataset/multimodal-concrete-crack-detection-dataset/audio/negative/neg_audio_616.wav,dataset/multimodal-concrete-crack-detection-dataset/image/negative/neg_img_616.jpg,0,normal,multimodal_concrete_crack_audio,train
dataset/multimodal-concrete-crack-detection-dataset/audio/negative/neg_audio_1383.wav,dataset/multimodal-concrete-crack-detection-dataset/image/negative/neg_img_1383.jpg,0,normal,multimodal_concrete_crack_audio,test
dataset/multimodal-concrete-crack-detection-dataset/audio/negative/neg_audio_1275.wav,dataset/multimodal-concrete-crack-detection-dataset/image/negative/neg_img_1275.jpg,0,normal,multimodal_concrete_crack_audio,val
dataset/multimodal-concrete-crack-detection-dataset/audio/negative/neg_audio_1686.wav,dataset/multimodal-concrete-crack-detection-dataset/image/negative/neg_img_1686.jpg,0,normal,multimodal_concrete_crack_audio,test
dataset/multimodal-concrete-crack-detection-dataset/audio/negative/neg_audio_1032.wav,dataset/multimodal-concrete-crack-detection-dataset/image/negative/neg_img_1032.jpg,0,normal,multimodal_concrete_crack_audio,test
dataset/multimodal-concrete-crack-detection-dataset/audio/positive/pos_audio_117.wav,dataset/multimodal-concrete-crack-detection-dataset/image/positive/pos_img_117.jpg,1,acoustic_abnormal,multimodal_concrete_crack_audio,train
dataset/multimodal-concrete-crack-detection-dataset/audio/negative/neg_audio_241.wav,dataset/multimodal-concrete-crack-detection-dataset/image/negative/neg_img_241.jpg,0,normal,multimodal_concrete_crack_audio,train
dataset/multimodal-concrete-crack-detection-dataset/audio/negative/neg_audio_952.wav,dataset/multimodal-concrete-crack-detection-dataset/image/negative/neg_img_952.jpg,0,normal,multimodal_concrete_crack_audio,train
dataset/multimodal-concrete-crack-detection-dataset/audio/negative/neg_audio_2320.wav,dataset/multimodal-concrete-crack-detection-dataset/image/negative/neg_img_2320.jpg,0,normal,multimodal_concrete_crack_audio,train
dataset/multimodal-concrete-crack-detection-dataset/audio/negative/neg_audio_2143.wav,dataset/multimodal-concrete-crack-detection-dataset/image/negative/neg_img_2143.jpg,0,normal,multimodal_concrete_crack_audio,val
dataset/multimodal-concrete-crack-detection-dataset/audio/negative/neg_audio_1939.wav,dataset/multimodal-concrete-crack-detection-dataset/image/negative/neg_img_1939.jpg,0,normal,multimodal_concrete_crack_audio,train
dataset/multimodal-concrete-crack-detection-dataset/audio/negative/neg_audio_1651.wav,dataset/multimodal-concrete-crack-detection-dataset/image/negative/neg_img_1651.jpg,0,normal,multimodal_concrete_crack_audio,train
dataset/multimodal-concrete-crack-detection-dataset/audio/negative/neg_audio_578.wav,dataset/multimodal-concrete-crack-detection-dataset/image/negative/neg_img_578.jpg,0,normal,multimodal_concrete_crack_audio,test
dataset/multimodal-concrete-crack-detection-dataset/audio/negative/neg_audio_2820.wav,dataset/multimodal-concrete-crack-detection-dataset/image/negative/neg_img_2820.jpg,0,normal,multimodal_concrete_crack_audio,val
dataset/multimodal-concrete-crack-detection-dataset/audio/negative/neg_audio_3084.wav,dataset/multimodal-concrete-crack-detection-dataset/image/negative/neg_img_3084.jpg,0,normal,multimodal_concrete_crack_audio,train
dataset/multimodal-concrete-crack-detection-dataset/audio/negative/neg_audio_2430.wav,dataset/multimodal-concrete-crack-detection-dataset/image/negative/neg_img_2430.jpg,0,normal,multimodal_concrete_crack_audio,val
dataset/multimodal-concrete-crack-detection-dataset/audio/negative/neg_audio_2006.wav,dataset/multimodal-concrete-crack-detection-dataset/image/negative/neg_img_2006.jpg,0,normal,multimodal_concrete_crack_audio,train
dataset/multimodal-concrete-crack-detection-dataset/audio/negative/neg_audio_850.wav,dataset/multimodal-concrete-crack-detection-dataset/image/negative/neg_img_850.jpg,0,normal,multimodal_concrete_crack_audio,test
dataset/multimodal-concrete-crack-detection-dataset/audio/negative/neg_audio_2768.wav,dataset/multimodal-concrete-crack-detection-dataset/image/negative/neg_img_2768.jpg,0,normal,multimodal_concrete_crack_audio,train
dataset/multimodal-concrete-crack-detection-dataset/audio/negative/neg_audio_2504.wav,dataset/multimodal-concrete-crack-detection-dataset/image/negative/neg_img_2504.jpg,0,normal,multimodal_concrete_crack_audio,train
dataset/multimodal-concrete-crack-detection-dataset/audio/negative/neg_audio_390.wav,dataset/multimodal-concrete-crack-detection-dataset/image/negative/neg_img_390.jpg,0,normal,multimodal_concrete_crack_audio,train
dataset/multimodal-concrete-crack-detection-dataset/audio/negative/neg_audio_342.wav,dataset/multimodal-concrete-crack-detection-dataset/image/negative/neg_img_342.jpg,0,normal,multimodal_concrete_crack_audio,test
dataset/multimodal-concrete-crack-detection-dataset/audio/negative/neg_audio_588.wav,dataset/multimodal-concrete-crack-detection-dataset/image/negative/neg_img_588.jpg,0,normal,multimodal_concrete_crack_audio,train
dataset/multimodal-concrete-crack-detection-dataset/audio/negative/neg_audio_1361.wav,dataset/multimodal-concrete-crack-detection-dataset/image/negative/neg_img_1361.jpg,0,normal,multimodal_concrete_crack_audio,train
dataset/multimodal-concrete-crack-detection-dataset/audio/positive/pos_audio_583.wav,dataset/multimodal-concrete-crack-detection-dataset/image/positive/pos_img_583.jpg,1,acoustic_abnormal,multimodal_concrete_crack_audio,train
dataset/multimodal-concrete-crack-detection-dataset/audio/negative/neg_audio_446.wav,dataset/multimodal-concrete-crack-detection-dataset/image/negative/neg_img_446.jpg,0,normal,multimodal_concrete_crack_audio,train
dataset/multimodal-concrete-crack-detection-dataset/audio/positive/pos_audio_329.wav,dataset/multimodal-concrete-crack-detection-dataset/image/positive/pos_img_329.jpg,1,acoustic_abnormal,multimodal_concrete_crack_audio,test
dataset/multimodal-concrete-crack-detection-dataset/audio/positive/pos_audio_826.wav,dataset/multimodal-concrete-crack-detection-dataset/image/positive/pos_img_826.jpg,1,acoustic_abnormal,multimodal_concrete_crack_audio,test
dataset/multimodal-concrete-crack-detection-dataset/audio/negative/neg_audio_1514.wav,dataset/multimodal-concrete-crack-detection-dataset/image/negative/neg_img_1514.jpg,0,normal,multimodal_concrete_crack_audio,test
dataset/multimodal-concrete-crack-detection-dataset/audio/positive/pos_audio_618.wav,dataset/multimodal-concrete-crack-detection-dataset/image/positive/pos_img_618.jpg,1,acoustic_abnormal,multimodal_concrete_crack_audio,train
dataset/multimodal-concrete-crack-detection-dataset/audio/positive/pos_audio_46.wav,dataset/multimodal-concrete-crack-detection-dataset/image/positive/pos_img_46.jpg,1,acoustic_abnormal,multimodal_concrete_crack_audio,train
dataset/multimodal-concrete-crack-detection-dataset/audio/negative/neg_audio_1627.wav,dataset/multimodal-concrete-crack-detection-dataset/image/negative/neg_img_1627.jpg,0,normal,multimodal_concrete_crack_audio,train
dataset/multimodal-concrete-crack-detection-dataset/audio/negative/neg_audio_2980.wav,dataset/multimodal-concrete-crack-detection-dataset/image/negative/neg_img_2980.jpg,0,normal,multimodal_concrete_crack_audio,train
dataset/multimodal-concrete-crack-detection-dataset/audio/negative/neg_audio_2366.wav,dataset/multimodal-concrete-crack-detection-dataset/image/negative/neg_img_2366.jpg,0,normal,multimodal_concrete_crack_audio,train
dataset/multimodal-concrete-crack-detection-dataset/audio/positive/pos_audio_163.wav,dataset/multimodal-concrete-crack-detection-dataset/image/positive/pos_img_163.jpg,1,acoustic_abnormal,multimodal_concrete_crack_audio,train
dataset/multimodal-concrete-crack-detection-dataset/audio/negative/neg_audio_1852.wav,dataset/multimodal-concrete-crack-detection-dataset/image/negative/neg_img_1852.jpg,0,normal,multimodal_concrete_crack_audio,train
dataset/multimodal-concrete-crack-detection-dataset/audio/negative/neg_audio_443.wav,dataset/multimodal-concrete-crack-detection-dataset/image/negative/neg_img_443.jpg,0,normal,multimodal_concrete_crack_audio,train
dataset/multimodal-concrete-crack-detection-dataset/audio/positive/pos_audio_432.wav,dataset/multimodal-concrete-crack-detection-dataset/image/positive/pos_img_432.jpg,1,acoustic_abnormal,multimodal_concrete_crack_audio,val
dataset/multimodal-concrete-crack-detection-dataset/audio/negative/neg_audio_1526.wav,dataset/multimodal-concrete-crack-detection-dataset/image/negative/neg_img_1526.jpg,0,normal,multimodal_concrete_crack_audio,train
dataset/multimodal-concrete-crack-detection-dataset/audio/negative/neg_audio_1612.wav,dataset/multimodal-concrete-crack-detection-dataset/image/negative/neg_img_1612.jpg,0,normal,multimodal_concrete_crack_audio,train
dataset/multimodal-concrete-crack-detection-dataset/audio/negative/neg_audio_2035.wav,dataset/multimodal-concrete-crack-detection-dataset/image/negative/neg_img_2035.jpg,0,normal,multimodal_concrete_crack_audio,train
dataset/multimodal-concrete-crack-detection-dataset/audio/negative/neg_audio_3059.wav,dataset/multimodal-concrete-crack-detection-dataset/image/negative/neg_img_3059.jpg,0,normal,multimodal_concrete_crack_audio,train
dataset/multimodal-concrete-crack-detection-dataset/audio/negative/neg_audio_1566.wav,dataset/multimodal-concrete-crack-detection-dataset/image/negative/neg_img_1566.jpg,0,normal,multimodal_concrete_crack_audio,val
dataset/multimodal-concrete-crack-detection-dataset/audio/negative/neg_audio_1001.wav,dataset/multimodal-concrete-crack-detection-dataset/image/negative/neg_img_1001.jpg,0,normal,multimodal_concrete_crack_audio,train
dataset/multimodal-concrete-crack-detection-dataset/audio/negative/neg_audio_3020.wav,dataset/multimodal-concrete-crack-detection-dataset/image/negative/neg_img_3020.jpg,0,normal,multimodal_concrete_crack_audio,train
dataset/multimodal-concrete-crack-detection-dataset/audio/negative/neg_audio_2184.wav,dataset/multimodal-concrete-crack-detection-dataset/image/negative/neg_img_2184.jpg,0,normal,multimodal_concrete_crack_audio,val
dataset/multimodal-concrete-crack-detection-dataset/audio/negative/neg_audio_1164.wav,dataset/multimodal-concrete-crack-detection-dataset/image/negative/neg_img_1164.jpg,0,normal,multimodal_concrete_crack_audio,val
dataset/multimodal-concrete-crack-detection-dataset/audio/negative/neg_audio_1979.wav,dataset/multimodal-concrete-crack-detection-dataset/image/negative/neg_img_1979.jpg,0,normal,multimodal_concrete_crack_audio,train
dataset/multimodal-concrete-crack-detection-dataset/audio/negative/neg_audio_2886.wav,dataset/multimodal-concrete-crack-detection-dataset/image/negative/neg_img_2886.jpg,0,normal,multimodal_concrete_crack_audio,train
dataset/multimodal-concrete-crack-detection-dataset/audio/negative/neg_audio_2297.wav,dataset/multimodal-concrete-crack-detection-dataset/image/negative/neg_img_2297.jpg,0,normal,multimodal_concrete_crack_audio,test
dataset/multimodal-concrete-crack-detection-dataset/audio/negative/neg_audio_1664.wav,dataset/multimodal-concrete-crack-detection-dataset/image/negative/neg_img_1664.jpg,0,normal,multimodal_concrete_crack_audio,val
dataset/multimodal-concrete-crack-detection-dataset/audio/negative/neg_audio_910.wav,dataset/multimodal-concrete-crack-detection-dataset/image/negative/neg_img_910.jpg,0,normal,multimodal_concrete_crack_audio,train
dataset/multimodal-concrete-crack-detection-dataset/audio/negative/neg_audio_381.wav,dataset/multimodal-concrete-crack-detection-dataset/image/negative/neg_img_381.jpg,0,normal,multimodal_concrete_crack_audio,train
dataset/multimodal-concrete-crack-detection-dataset/audio/negative/neg_audio_1759.wav,dataset/multimodal-concrete-crack-detection-dataset/image/negative/neg_img_1759.jpg,0,normal,multimodal_concrete_crack_audio,train
dataset/multimodal-concrete-crack-detection-dataset/audio/negative/neg_audio_1192.wav,dataset/multimodal-concrete-crack-detection-dataset/image/negative/neg_img_1192.jpg,0,normal,multimodal_concrete_crack_audio,train
dataset/multimodal-concrete-crack-detection-dataset/audio/positive/pos_audio_312.wav,dataset/multimodal-concrete-crack-detection-dataset/image/positive/pos_img_312.jpg,1,acoustic_abnormal,multimodal_concrete_crack_audio,train
dataset/multimodal-concrete-crack-detection-dataset/audio/negative/neg_audio_1930.wav,dataset/multimodal-concrete-crack-detection-dataset/image/negative/neg_img_1930.jpg,0,normal,multimodal_concrete_crack_audio,val
dataset/multimodal-concrete-crack-detection-dataset/audio/negative/neg_audio_2360.wav,dataset/multimodal-concrete-crack-detection-dataset/image/negative/neg_img_2360.jpg,0,normal,multimodal_concrete_crack_audio,test
dataset/multimodal-concrete-crack-detection-dataset/audio/negative/neg_audio_1082.wav,dataset/multimodal-concrete-crack-detection-dataset/image/negative/neg_img_1082.jpg,0,normal,multimodal_concrete_crack_audio,val
dataset/multimodal-concrete-crack-detection-dataset/audio/negative/neg_audio_408.wav,dataset/multimodal-concrete-crack-detection-dataset/image/negative/neg_img_408.jpg,0,normal,multimodal_concrete_crack_audio,train
dataset/multimodal-concrete-crack-detection-dataset/audio/negative/neg_audio_830.wav,dataset/multimodal-concrete-crack-detection-dataset/image/negative/neg_img_830.jpg,0,normal,multimodal_concrete_crack_audio,train
dataset/multimodal-concrete-crack-detection-dataset/audio/positive/pos_audio_751.wav,dataset/multimodal-concrete-crack-detection-dataset/image/positive/pos_img_751.jpg,1,acoustic_abnormal,multimodal_concrete_crack_audio,train
dataset/multimodal-concrete-crack-detection-dataset/audio/negative/neg_audio_1122.wav,dataset/multimodal-concrete-crack-detection-dataset/image/negative/neg_img_1122.jpg,0,normal,multimodal_concrete_crack_audio,train
dataset/multimodal-concrete-crack-detection-dataset/audio/positive/pos_audio_585.wav,dataset/multimodal-concrete-crack-detection-dataset/image/positive/pos_img_585.jpg,1,acoustic_abnormal,multimodal_concrete_crack_audio,train
dataset/multimodal-concrete-crack-detection-dataset/audio/negative/neg_audio_95.wav,dataset/multimodal-concrete-crack-detection-dataset/image/negative/neg_img_95.jpg,0,normal,multimodal_concrete_crack_audio,train
dataset/multimodal-concrete-crack-detection-dataset/audio/negative/neg_audio_2098.wav,dataset/multimodal-concrete-crack-detection-dataset/image/negative/neg_img_2098.jpg,0,normal,multimodal_concrete_crack_audio,test
dataset/multimodal-concrete-crack-detection-dataset/audio/negative/neg_audio_2611.wav,dataset/multimodal-concrete-crack-detection-dataset/image/negative/neg_img_2611.jpg,0,normal,multimodal_concrete_crack_audio,test
dataset/multimodal-concrete-crack-detection-dataset/audio/positive/pos_audio_277.wav,dataset/multimodal-concrete-crack-detection-dataset/image/positive/pos_img_277.jpg,1,acoustic_abnormal,multimodal_concrete_crack_audio,train
dataset/multimodal-concrete-crack-detection-dataset/audio/positive/pos_audio_146.wav,dataset/multimodal-concrete-crack-detection-dataset/image/positive/pos_img_146.jpg,1,acoustic_abnormal,multimodal_concrete_crack_audio,train
dataset/multimodal-concrete-crack-detection-dataset/audio/negative/neg_audio_2884.wav,dataset/multimodal-concrete-crack-detection-dataset/image/negative/neg_img_2884.jpg,0,normal,multimodal_concrete_crack_audio,val
dataset/multimodal-concrete-crack-detection-dataset/audio/negative/neg_audio_795.wav,dataset/multimodal-concrete-crack-detection-dataset/image/negative/neg_img_795.jpg,0,normal,multimodal_concrete_crack_audio,test
dataset/multimodal-concrete-crack-detection-dataset/audio/positive/pos_audio_381.wav,dataset/multimodal-concrete-crack-detection-dataset/image/positive/pos_img_381.jpg,1,acoustic_abnormal,multimodal_concrete_crack_audio,train
dataset/multimodal-concrete-crack-detection-dataset/audio/negative/neg_audio_3156.wav,dataset/multimodal-concrete-crack-detection-dataset/image/negative/neg_img_3156.jpg,0,normal,multimodal_concrete_crack_audio,train
dataset/multimodal-concrete-crack-detection-dataset/audio/negative/neg_audio_391.wav,dataset/multimodal-concrete-crack-detection-dataset/image/negative/neg_img_391.jpg,0,normal,multimodal_concrete_crack_audio,train
dataset/multimodal-concrete-crack-detection-dataset/audio/negative/neg_audio_621.wav,dataset/multimodal-concrete-crack-detection-dataset/image/negative/neg_img_621.jpg,0,normal,multimodal_concrete_crack_audio,train
dataset/multimodal-concrete-crack-detection-dataset/audio/negative/neg_audio_2588.wav,dataset/multimodal-concrete-crack-detection-dataset/image/negative/neg_img_2588.jpg,0,normal,multimodal_concrete_crack_audio,train
dataset/multimodal-concrete-crack-detection-dataset/audio/negative/neg_audio_3131.wav,dataset/multimodal-concrete-crack-detection-dataset/image/negative/neg_img_3131.jpg,0,normal,multimodal_concrete_crack_audio,train
dataset/multimodal-concrete-crack-detection-dataset/audio/negative/neg_audio_60.wav,dataset/multimodal-concrete-crack-detection-dataset/image/negative/neg_img_60.jpg,0,normal,multimodal_concrete_crack_audio,train
dataset/multimodal-concrete-crack-detection-dataset/audio/negative/neg_audio_2558.wav,dataset/multimodal-concrete-crack-detection-dataset/image/negative/neg_img_2558.jpg,0,normal,multimodal_concrete_crack_audio,test
dataset/multimodal-concrete-crack-detection-dataset/audio/negative/neg_audio_1701.wav,dataset/multimodal-concrete-crack-detection-dataset/image/negative/neg_img_1701.jpg,0,normal,multimodal_concrete_crack_audio,train
dataset/multimodal-concrete-crack-detection-dataset/audio/negative/neg_audio_2066.wav,dataset/multimodal-concrete-crack-detection-dataset/image/negative/neg_img_2066.jpg,0,normal,multimodal_concrete_crack_audio,train
dataset/multimodal-concrete-crack-detection-dataset/audio/positive/pos_audio_847.wav,dataset/multimodal-concrete-crack-detection-dataset/image/positive/pos_img_847.jpg,1,acoustic_abnormal,multimodal_concrete_crack_audio,train
dataset/multimodal-concrete-crack-detection-dataset/audio/positive/pos_audio_740.wav,dataset/multimodal-concrete-crack-detection-dataset/image/positive/pos_img_740.jpg,1,acoustic_abnormal,multimodal_concrete_crack_audio,train
dataset/multimodal-concrete-crack-detection-dataset/audio/negative/neg_audio_347.wav,dataset/multimodal-concrete-crack-detection-dataset/image/negative/neg_img_347.jpg,0,normal,multimodal_concrete_crack_audio,train
dataset/multimodal-concrete-crack-detection-dataset/audio/positive/pos_audio_733.wav,dataset/multimodal-concrete-crack-detection-dataset/image/positive/pos_img_733.jpg,1,acoustic_abnormal,multimodal_concrete_crack_audio,val
dataset/multimodal-concrete-crack-detection-dataset/audio/negative/neg_audio_537.wav,dataset/multimodal-concrete-crack-detection-dataset/image/negative/neg_img_537.jpg,0,normal,multimodal_concrete_crack_audio,val
dataset/multimodal-concrete-crack-detection-dataset/audio/negative/neg_audio_1641.wav,dataset/multimodal-concrete-crack-detection-dataset/image/negative/neg_img_1641.jpg,0,normal,multimodal_concrete_crack_audio,train
dataset/multimodal-concrete-crack-detection-dataset/audio/positive/pos_audio_707.wav,dataset/multimodal-concrete-crack-detection-dataset/image/positive/pos_img_707.jpg,1,acoustic_abnormal,multimodal_concrete_crack_audio,test
dataset/multimodal-concrete-crack-detection-dataset/audio/negative/neg_audio_506.wav,dataset/multimodal-concrete-crack-detection-dataset/image/negative/neg_img_506.jpg,0,normal,multimodal_concrete_crack_audio,val
dataset/multimodal-concrete-crack-detection-dataset/audio/negative/neg_audio_1115.wav,dataset/multimodal-concrete-crack-detection-dataset/image/negative/neg_img_1115.jpg,0,normal,multimodal_concrete_crack_audio,val
dataset/multimodal-concrete-crack-detection-dataset/audio/negative/neg_audio_3159.wav,dataset/multimodal-concrete-crack-detection-dataset/image/negative/neg_img_3159.jpg,0,normal,multimodal_concrete_crack_audio,test
dataset/multimodal-concrete-crack-detection-dataset/audio/positive/pos_audio_437.wav,dataset/multimodal-concrete-crack-detection-dataset/image/positive/pos_img_437.jpg,1,acoustic_abnormal,multimodal_concrete_crack_audio,test
dataset/multimodal-concrete-crack-detection-dataset/audio/negative/neg_audio_942.wav,dataset/multimodal-concrete-crack-detection-dataset/image/negative/neg_img_942.jpg,0,normal,multimodal_concrete_crack_audio,train
dataset/multimodal-concrete-crack-detection-dataset/audio/positive/pos_audio_219.wav,dataset/multimodal-concrete-crack-detection-dataset/image/positive/pos_img_219.jpg,1,acoustic_abnormal,multimodal_concrete_crack_audio,train
dataset/multimodal-concrete-crack-detection-dataset/audio/negative/neg_audio_1234.wav,dataset/multimodal-concrete-crack-detection-dataset/image/negative/neg_img_1234.jpg,0,normal,multimodal_concrete_crack_audio,val
dataset/multimodal-concrete-crack-detection-dataset/audio/positive/pos_audio_267.wav,dataset/multimodal-concrete-crack-detection-dataset/image/positive/pos_img_267.jpg,1,acoustic_abnormal,multimodal_concrete_crack_audio,train
dataset/multimodal-concrete-crack-detection-dataset/audio/negative/neg_audio_642.wav,dataset/multimodal-concrete-crack-detection-dataset/image/negative/neg_img_642.jpg,0,normal,multimodal_concrete_crack_audio,train
dataset/multimodal-concrete-crack-detection-dataset/audio/negative/neg_audio_173.wav,dataset/multimodal-concrete-crack-detection-dataset/image/negative/neg_img_173.jpg,0,normal,multimodal_concrete_crack_audio,train
dataset/multimodal-concrete-crack-detection-dataset/audio/negative/neg_audio_2656.wav,dataset/multimodal-concrete-crack-detection-dataset/image/negative/neg_img_2656.jpg,0,normal,multimodal_concrete_crack_audio,train
dataset/multimodal-concrete-crack-detection-dataset/audio/positive/pos_audio_16.wav,dataset/multimodal-concrete-crack-detection-dataset/image/positive/pos_img_16.jpg,1,acoustic_abnormal,multimodal_concrete_crack_audio,test
dataset/multimodal-concrete-crack-detection-dataset/audio/negative/neg_audio_2054.wav,dataset/multimodal-concrete-crack-detection-dataset/image/negative/neg_img_2054.jpg,0,normal,multimodal_concrete_crack_audio,train
dataset/multimodal-concrete-crack-detection-dataset/audio/negative/neg_audio_419.wav,dataset/multimodal-concrete-crack-detection-dataset/image/negative/neg_img_419.jpg,0,normal,multimodal_concrete_crack_audio,val
dataset/multimodal-concrete-crack-detection-dataset/audio/positive/pos_audio_549.wav,dataset/multimodal-concrete-crack-detection-dataset/image/positive/pos_img_549.jpg,1,acoustic_abnormal,multimodal_concrete_crack_audio,val
dataset/multimodal-concrete-crack-detection-dataset/audio/negative/neg_audio_82.wav,dataset/multimodal-concrete-crack-detection-dataset/image/negative/neg_img_82.jpg,0,normal,multimodal_concrete_crack_audio,train
dataset/multimodal-concrete-crack-detection-dataset/audio/negative/neg_audio_147.wav,dataset/multimodal-concrete-crack-detection-dataset/image/negative/neg_img_147.jpg,0,normal,multimodal_concrete_crack_audio,train
dataset/multimodal-concrete-crack-detection-dataset/audio/positive/pos_audio_750.wav,dataset/multimodal-concrete-crack-detection-dataset/image/positive/pos_img_750.jpg,1,acoustic_abnormal,multimodal_concrete_crack_audio,train
dataset/multimodal-concrete-crack-detection-dataset/audio/positive/pos_audio_597.wav,dataset/multimodal-concrete-crack-detection-dataset/image/positive/pos_img_597.jpg,1,acoustic_abnormal,multimodal_concrete_crack_audio,train
dataset/multimodal-concrete-crack-detection-dataset/audio/negative/neg_audio_2654.wav,dataset/multimodal-concrete-crack-detection-dataset/image/negative/neg_img_2654.jpg,0,normal,multimodal_concrete_crack_audio,train
dataset/multimodal-concrete-crack-detection-dataset/audio/negative/neg_audio_883.wav,dataset/multimodal-concrete-crack-detection-dataset/image/negative/neg_img_883.jpg,0,normal,multimodal_concrete_crack_audio,train
dataset/multimodal-concrete-crack-detection-dataset/audio/negative/neg_audio_1693.wav,dataset/multimodal-concrete-crack-detection-dataset/image/negative/neg_img_1693.jpg,0,normal,multimodal_concrete_crack_audio,train
dataset/multimodal-concrete-crack-detection-dataset/audio/positive/pos_audio_480.wav,dataset/multimodal-concrete-crack-detection-dataset/image/positive/pos_img_480.jpg,1,acoustic_abnormal,multimodal_concrete_crack_audio,train
dataset/multimodal-concrete-crack-detection-dataset/audio/negative/neg_audio_1531.wav,dataset/multimodal-concrete-crack-detection-dataset/image/negative/neg_img_1531.jpg,0,normal,multimodal_concrete_crack_audio,train
dataset/multimodal-concrete-crack-detection-dataset/audio/negative/neg_audio_661.wav,dataset/multimodal-concrete-crack-detection-dataset/image/negative/neg_img_661.jpg,0,normal,multimodal_concrete_crack_audio,train
dataset/multimodal-concrete-crack-detection-dataset/audio/negative/neg_audio_1188.wav,dataset/multimodal-concrete-crack-detection-dataset/image/negative/neg_img_1188.jpg,0,normal,multimodal_concrete_crack_audio,train
dataset/multimodal-concrete-crack-detection-dataset/audio/negative/neg_audio_939.wav,dataset/multimodal-concrete-crack-detection-dataset/image/negative/neg_img_939.jpg,0,normal,multimodal_concrete_crack_audio,train
dataset/multimodal-concrete-crack-detection-dataset/audio/negative/neg_audio_1620.wav,dataset/multimodal-concrete-crack-detection-dataset/image/negative/neg_img_1620.jpg,0,normal,multimodal_concrete_crack_audio,train
dataset/multimodal-concrete-crack-detection-dataset/audio/negative/neg_audio_2194.wav,dataset/multimodal-concrete-crack-detection-dataset/image/negative/neg_img_2194.jpg,0,normal,multimodal_concrete_crack_audio,train
dataset/multimodal-concrete-crack-detection-dataset/audio/negative/neg_audio_643.wav,dataset/multimodal-concrete-crack-detection-dataset/image/negative/neg_img_643.jpg,0,normal,multimodal_concrete_crack_audio,train
dataset/multimodal-concrete-crack-detection-dataset/audio/negative/neg_audio_812.wav,dataset/multimodal-concrete-crack-detection-dataset/image/negative/neg_img_812.jpg,0,normal,multimodal_concrete_crack_audio,train
dataset/multimodal-concrete-crack-detection-dataset/audio/negative/neg_audio_2193.wav,dataset/multimodal-concrete-crack-detection-dataset/image/negative/neg_img_2193.jpg,0,normal,multimodal_concrete_crack_audio,test
dataset/multimodal-concrete-crack-detection-dataset/audio/negative/neg_audio_2901.wav,dataset/multimodal-concrete-crack-detection-dataset/image/negative/neg_img_2901.jpg,0,normal,multimodal_concrete_crack_audio,val
dataset/multimodal-concrete-crack-detection-dataset/audio/positive/pos_audio_777.wav,dataset/multimodal-concrete-crack-detection-dataset/image/positive/pos_img_777.jpg,1,acoustic_abnormal,multimodal_concrete_crack_audio,test
dataset/multimodal-concrete-crack-detection-dataset/audio/positive/pos_audio_881.wav,dataset/multimodal-concrete-crack-detection-dataset/image/positive/pos_img_881.jpg,1,acoustic_abnormal,multimodal_concrete_crack_audio,test
dataset/multimodal-concrete-crack-detection-dataset/audio/negative/neg_audio_201.wav,dataset/multimodal-concrete-crack-detection-dataset/image/negative/neg_img_201.jpg,0,normal,multimodal_concrete_crack_audio,test
dataset/multimodal-concrete-crack-detection-dataset/audio/negative/neg_audio_259.wav,dataset/multimodal-concrete-crack-detection-dataset/image/negative/neg_img_259.jpg,0,normal,multimodal_concrete_crack_audio,train
dataset/multimodal-concrete-crack-detection-dataset/audio/positive/pos_audio_768.wav,dataset/multimodal-concrete-crack-detection-dataset/image/positive/pos_img_768.jpg,1,acoustic_abnormal,multimodal_concrete_crack_audio,test
dataset/multimodal-concrete-crack-detection-dataset/audio/positive/pos_audio_748.wav,dataset/multimodal-concrete-crack-detection-dataset/image/positive/pos_img_748.jpg,1,acoustic_abnormal,multimodal_concrete_crack_audio,train
dataset/multimodal-concrete-crack-detection-dataset/audio/positive/pos_audio_488.wav,dataset/multimodal-concrete-crack-detection-dataset/image/positive/pos_img_488.jpg,1,acoustic_abnormal,multimodal_concrete_crack_audio,train
dataset/multimodal-concrete-crack-detection-dataset/audio/negative/neg_audio_369.wav,dataset/multimodal-concrete-crack-detection-dataset/image/negative/neg_img_369.jpg,0,normal,multimodal_concrete_crack_audio,train
dataset/multimodal-concrete-crack-detection-dataset/audio/negative/neg_audio_2811.wav,dataset/multimodal-concrete-crack-detection-dataset/image/negative/neg_img_2811.jpg,0,normal,multimodal_concrete_crack_audio,test
dataset/multimodal-concrete-crack-detection-dataset/audio/negative/neg_audio_86.wav,dataset/multimodal-concrete-crack-detection-dataset/image/negative/neg_img_86.jpg,0,normal,multimodal_concrete_crack_audio,train
dataset/multimodal-concrete-crack-detection-dataset/audio/negative/neg_audio_81.wav,dataset/multimodal-concrete-crack-detection-dataset/image/negative/neg_img_81.jpg,0,normal,multimodal_concrete_crack_audio,train
dataset/multimodal-concrete-crack-detection-dataset/audio/negative/neg_audio_2210.wav,dataset/multimodal-concrete-crack-detection-dataset/image/negative/neg_img_2210.jpg,0,normal,multimodal_concrete_crack_audio,val
dataset/multimodal-concrete-crack-detection-dataset/audio/negative/neg_audio_2477.wav,dataset/multimodal-concrete-crack-detection-dataset/image/negative/neg_img_2477.jpg,0,normal,multimodal_concrete_crack_audio,train
dataset/multimodal-concrete-crack-detection-dataset/audio/negative/neg_audio_529.wav,dataset/multimodal-concrete-crack-detection-dataset/image/negative/neg_img_529.jpg,0,normal,multimodal_concrete_crack_audio,test
dataset/multimodal-concrete-crack-detection-dataset/audio/positive/pos_audio_122.wav,dataset/multimodal-concrete-crack-detection-dataset/image/positive/pos_img_122.jpg,1,acoustic_abnormal,multimodal_concrete_crack_audio,val
dataset/multimodal-concrete-crack-detection-dataset/audio/negative/neg_audio_2501.wav,dataset/multimodal-concrete-crack-detection-dataset/image/negative/neg_img_2501.jpg,0,normal,multimodal_concrete_crack_audio,train
dataset/multimodal-concrete-crack-detection-dataset/audio/negative/neg_audio_2669.wav,dataset/multimodal-concrete-crack-detection-dataset/image/negative/neg_img_2669.jpg,0,normal,multimodal_concrete_crack_audio,val
dataset/multimodal-concrete-crack-detection-dataset/audio/positive/pos_audio_663.wav,dataset/multimodal-concrete-crack-detection-dataset/image/positive/pos_img_663.jpg,1,acoustic_abnormal,multimodal_concrete_crack_audio,train
dataset/multimodal-concrete-crack-detection-dataset/audio/positive/pos_audio_181.wav,dataset/multimodal-concrete-crack-detection-dataset/image/positive/pos_img_181.jpg,1,acoustic_abnormal,multimodal_concrete_crack_audio,test
dataset/multimodal-concrete-crack-detection-dataset/audio/negative/neg_audio_844.wav,dataset/multimodal-concrete-crack-detection-dataset/image/negative/neg_img_844.jpg,0,normal,multimodal_concrete_crack_audio,train
dataset/multimodal-concrete-crack-detection-dataset/audio/negative/neg_audio_2195.wav,dataset/multimodal-concrete-crack-detection-dataset/image/negative/neg_img_2195.jpg,0,normal,multimodal_concrete_crack_audio,train
dataset/multimodal-concrete-crack-detection-dataset/audio/positive/pos_audio_815.wav,dataset/multimodal-concrete-crack-detection-dataset/image/positive/pos_img_815.jpg,1,acoustic_abnormal,multimodal_concrete_crack_audio,train
dataset/multimodal-concrete-crack-detection-dataset/audio/negative/neg_audio_2344.wav,dataset/multimodal-concrete-crack-detection-dataset/image/negative/neg_img_2344.jpg,0,normal,multimodal_concrete_crack_audio,val
dataset/multimodal-concrete-crack-detection-dataset/audio/negative/neg_audio_906.wav,dataset/multimodal-concrete-crack-detection-dataset/image/negative/neg_img_906.jpg,0,normal,multimodal_concrete_crack_audio,train
dataset/multimodal-concrete-crack-detection-dataset/audio/negative/neg_audio_1678.wav,dataset/multimodal-concrete-crack-detection-dataset/image/negative/neg_img_1678.jpg,0,normal,multimodal_concrete_crack_audio,val
dataset/multimodal-concrete-crack-detection-dataset/audio/negative/neg_audio_1833.wav,dataset/multimodal-concrete-crack-detection-dataset/image/negative/neg_img_1833.jpg,0,normal,multimodal_concrete_crack_audio,test
dataset/multimodal-concrete-crack-detection-dataset/audio/negative/neg_audio_1263.wav,dataset/multimodal-concrete-crack-detection-dataset/image/negative/neg_img_1263.jpg,0,normal,multimodal_concrete_crack_audio,train
dataset/multimodal-concrete-crack-detection-dataset/audio/negative/neg_audio_186.wav,dataset/multimodal-concrete-crack-detection-dataset/image/negative/neg_img_186.jpg,0,normal,multimodal_concrete_crack_audio,train
dataset/multimodal-concrete-crack-detection-dataset/audio/negative/neg_audio_1391.wav,dataset/multimodal-concrete-crack-detection-dataset/image/negative/neg_img_1391.jpg,0,normal,multimodal_concrete_crack_audio,train
dataset/multimodal-concrete-crack-detection-dataset/audio/negative/neg_audio_2646.wav,dataset/multimodal-concrete-crack-detection-dataset/image/negative/neg_img_2646.jpg,0,normal,multimodal_concrete_crack_audio,train
dataset/multimodal-concrete-crack-detection-dataset/audio/negative/neg_audio_1988.wav,dataset/multimodal-concrete-crack-detection-dataset/image/negative/neg_img_1988.jpg,0,normal,multimodal_concrete_crack_audio,train
dataset/multimodal-concrete-crack-detection-dataset/audio/negative/neg_audio_1099.wav,dataset/multimodal-concrete-crack-detection-dataset/image/negative/neg_img_1099.jpg,0,normal,multimodal_concrete_crack_audio,train
dataset/multimodal-concrete-crack-detection-dataset/audio/negative/neg_audio_223.wav,dataset/multimodal-concrete-crack-detection-dataset/image/negative/neg_img_223.jpg,0,normal,multimodal_concrete_crack_audio,train
dataset/multimodal-concrete-crack-detection-dataset/audio/negative/neg_audio_1067.wav,dataset/multimodal-concrete-crack-detection-dataset/image/negative/neg_img_1067.jpg,0,normal,multimodal_concrete_crack_audio,train
dataset/multimodal-concrete-crack-detection-dataset/audio/negative/neg_audio_1632.wav,dataset/multimodal-concrete-crack-detection-dataset/image/negative/neg_img_1632.jpg,0,normal,multimodal_concrete_crack_audio,train
dataset/multimodal-concrete-crack-detection-dataset/audio/negative/neg_audio_1741.wav,dataset/multimodal-concrete-crack-detection-dataset/image/negative/neg_img_1741.jpg,0,normal,multimodal_concrete_crack_audio,val
dataset/multimodal-concrete-crack-detection-dataset/audio/positive/pos_audio_548.wav,dataset/multimodal-concrete-crack-detection-dataset/image/positive/pos_img_548.jpg,1,acoustic_abnormal,multimodal_concrete_crack_audio,val
dataset/multimodal-concrete-crack-detection-dataset/audio/negative/neg_audio_1603.wav,dataset/multimodal-concrete-crack-detection-dataset/image/negative/neg_img_1603.jpg,0,normal,multimodal_concrete_crack_audio,train
dataset/multimodal-concrete-crack-detection-dataset/audio/negative/neg_audio_1684.wav,dataset/multimodal-concrete-crack-detection-dataset/image/negative/neg_img_1684.jpg,0,normal,multimodal_concrete_crack_audio,val
dataset/multimodal-concrete-crack-detection-dataset/audio/negative/neg_audio_2707.wav,dataset/multimodal-concrete-crack-detection-dataset/image/negative/neg_img_2707.jpg,0,normal,multimodal_concrete_crack_audio,train
dataset/multimodal-concrete-crack-detection-dataset/audio/negative/neg_audio_1071.wav,dataset/multimodal-concrete-crack-detection-dataset/image/negative/neg_img_1071.jpg,0,normal,multimodal_concrete_crack_audio,train
dataset/multimodal-concrete-crack-detection-dataset/audio/negative/neg_audio_1323.wav,dataset/multimodal-concrete-crack-detection-dataset/image/negative/neg_img_1323.jpg,0,normal,multimodal_concrete_crack_audio,train
dataset/multimodal-concrete-crack-detection-dataset/audio/negative/neg_audio_2303.wav,dataset/multimodal-concrete-crack-detection-dataset/image/negative/neg_img_2303.jpg,0,normal,multimodal_concrete_crack_audio,train
dataset/multimodal-concrete-crack-detection-dataset/audio/positive/pos_audio_276.wav,dataset/multimodal-concrete-crack-detection-dataset/image/positive/pos_img_276.jpg,1,acoustic_abnormal,multimodal_concrete_crack_audio,train
dataset/multimodal-concrete-crack-detection-dataset/audio/negative/neg_audio_1675.wav,dataset/multimodal-concrete-crack-detection-dataset/image/negative/neg_img_1675.jpg,0,normal,multimodal_concrete_crack_audio,val
dataset/multimodal-concrete-crack-detection-dataset/audio/negative/neg_audio_881.wav,dataset/multimodal-concrete-crack-detection-dataset/image/negative/neg_img_881.jpg,0,normal,multimodal_concrete_crack_audio,train
dataset/multimodal-concrete-crack-detection-dataset/audio/negative/neg_audio_2078.wav,dataset/multimodal-concrete-crack-detection-dataset/image/negative/neg_img_2078.jpg,0,normal,multimodal_concrete_crack_audio,val
dataset/multimodal-concrete-crack-detection-dataset/audio/negative/neg_audio_1097.wav,dataset/multimodal-concrete-crack-detection-dataset/image/negative/neg_img_1097.jpg,0,normal,multimodal_concrete_crack_audio,train
dataset/multimodal-concrete-crack-detection-dataset/audio/negative/neg_audio_2965.wav,dataset/multimodal-concrete-crack-detection-dataset/image/negative/neg_img_2965.jpg,0,normal,multimodal_concrete_crack_audio,train
dataset/multimodal-concrete-crack-detection-dataset/audio/negative/neg_audio_118.wav,dataset/multimodal-concrete-crack-detection-dataset/image/negative/neg_img_118.jpg,0,normal,multimodal_concrete_crack_audio,train
dataset/multimodal-concrete-crack-detection-dataset/audio/negative/neg_audio_2665.wav,dataset/multimodal-concrete-crack-detection-dataset/image/negative/neg_img_2665.jpg,0,normal,multimodal_concrete_crack_audio,train
dataset/multimodal-concrete-crack-detection-dataset/audio/negative/neg_audio_1687.wav,dataset/multimodal-concrete-crack-detection-dataset/image/negative/neg_img_1687.jpg,0,normal,multimodal_concrete_crack_audio,train
dataset/multimodal-concrete-crack-detection-dataset/audio/negative/neg_audio_2461.wav,dataset/multimodal-concrete-crack-detection-dataset/image/negative/neg_img_2461.jpg,0,normal,multimodal_concrete_crack_audio,train
dataset/multimodal-concrete-crack-detection-dataset/audio/negative/neg_audio_2003.wav,dataset/multimodal-concrete-crack-detection-dataset/image/negative/neg_img_2003.jpg,0,normal,multimodal_concrete_crack_audio,train
dataset/multimodal-concrete-crack-detection-dataset/audio/positive/pos_audio_325.wav,dataset/multimodal-concrete-crack-detection-dataset/image/positive/pos_img_325.jpg,1,acoustic_abnormal,multimodal_concrete_crack_audio,val
dataset/multimodal-concrete-crack-detection-dataset/audio/negative/neg_audio_524.wav,dataset/multimodal-concrete-crack-detection-dataset/image/negative/neg_img_524.jpg,0,normal,multimodal_concrete_crack_audio,train
dataset/multimodal-concrete-crack-detection-dataset/audio/negative/neg_audio_1630.wav,dataset/multimodal-concrete-crack-detection-dataset/image/negative/neg_img_1630.jpg,0,normal,multimodal_concrete_crack_audio,train
dataset/multimodal-concrete-crack-detection-dataset/audio/positive/pos_audio_840.wav,dataset/multimodal-concrete-crack-detection-dataset/image/positive/pos_img_840.jpg,1,acoustic_abnormal,multimodal_concrete_crack_audio,train
dataset/multimodal-concrete-crack-detection-dataset/audio/negative/neg_audio_465.wav,dataset/multimodal-concrete-crack-detection-dataset/image/negative/neg_img_465.jpg,0,normal,multimodal_concrete_crack_audio,val
dataset/multimodal-concrete-crack-detection-dataset/audio/negative/neg_audio_3194.wav,dataset/multimodal-concrete-crack-detection-dataset/image/negative/neg_img_3194.jpg,0,normal,multimodal_concrete_crack_audio,train
dataset/multimodal-concrete-crack-detection-dataset/audio/negative/neg_audio_1903.wav,dataset/multimodal-concrete-crack-detection-dataset/image/negative/neg_img_1903.jpg,0,normal,multimodal_concrete_crack_audio,test
dataset/multimodal-concrete-crack-detection-dataset/audio/negative/neg_audio_721.wav,dataset/multimodal-concrete-crack-detection-dataset/image/negative/neg_img_721.jpg,0,normal,multimodal_concrete_crack_audio,test
dataset/multimodal-concrete-crack-detection-dataset/audio/negative/neg_audio_474.wav,dataset/multimodal-concrete-crack-detection-dataset/image/negative/neg_img_474.jpg,0,normal,multimodal_concrete_crack_audio,test
dataset/multimodal-concrete-crack-detection-dataset/audio/positive/pos_audio_373.wav,dataset/multimodal-concrete-crack-detection-dataset/image/positive/pos_img_373.jpg,1,acoustic_abnormal,multimodal_concrete_crack_audio,train
dataset/multimodal-concrete-crack-detection-dataset/audio/positive/pos_audio_784.wav,dataset/multimodal-concrete-crack-detection-dataset/image/positive/pos_img_784.jpg,1,acoustic_abnormal,multimodal_concrete_crack_audio,val
dataset/multimodal-concrete-crack-detection-dataset/audio/negative/neg_audio_1332.wav,dataset/multimodal-concrete-crack-detection-dataset/image/negative/neg_img_1332.jpg,0,normal,multimodal_concrete_crack_audio,train
dataset/multimodal-concrete-crack-detection-dataset/audio/negative/neg_audio_1831.wav,dataset/multimodal-concrete-crack-detection-dataset/image/negative/neg_img_1831.jpg,0,normal,multimodal_concrete_crack_audio,train
dataset/multimodal-concrete-crack-detection-dataset/audio/negative/neg_audio_1718.wav,dataset/multimodal-concrete-crack-detection-dataset/image/negative/neg_img_1718.jpg,0,normal,multimodal_concrete_crack_audio,train
dataset/multimodal-concrete-crack-detection-dataset/audio/negative/neg_audio_1176.wav,dataset/multimodal-concrete-crack-detection-dataset/image/negative/neg_img_1176.jpg,0,normal,multimodal_concrete_crack_audio,train
dataset/multimodal-concrete-crack-detection-dataset/audio/negative/neg_audio_460.wav,dataset/multimodal-concrete-crack-detection-dataset/image/negative/neg_img_460.jpg,0,normal,multimodal_concrete_crack_audio,val
dataset/multimodal-concrete-crack-detection-dataset/audio/positive/pos_audio_601.wav,dataset/multimodal-concrete-crack-detection-dataset/image/positive/pos_img_601.jpg,1,acoustic_abnormal,multimodal_concrete_crack_audio,train
dataset/multimodal-concrete-crack-detection-dataset/audio/positive/pos_audio_283.wav,dataset/multimodal-concrete-crack-detection-dataset/image/positive/pos_img_283.jpg,1,acoustic_abnormal,multimodal_concrete_crack_audio,train
dataset/multimodal-concrete-crack-detection-dataset/audio/negative/neg_audio_1210.wav,dataset/multimodal-concrete-crack-detection-dataset/image/negative/neg_img_1210.jpg,0,normal,multimodal_concrete_crack_audio,train
dataset/multimodal-concrete-crack-detection-dataset/audio/negative/neg_audio_1970.wav,dataset/multimodal-concrete-crack-detection-dataset/image/negative/neg_img_1970.jpg,0,normal,multimodal_concrete_crack_audio,train
dataset/multimodal-concrete-crack-detection-dataset/audio/positive/pos_audio_515.wav,dataset/multimodal-concrete-crack-detection-dataset/image/positive/pos_img_515.jpg,1,acoustic_abnormal,multimodal_concrete_crack_audio,train
dataset/multimodal-concrete-crack-detection-dataset/audio/positive/pos_audio_3.wav,dataset/multimodal-concrete-crack-detection-dataset/image/positive/pos_img_3.jpg,1,acoustic_abnormal,multimodal_concrete_crack_audio,train
dataset/multimodal-concrete-crack-detection-dataset/audio/negative/neg_audio_2448.wav,dataset/multimodal-concrete-crack-detection-dataset/image/negative/neg_img_2448.jpg,0,normal,multimodal_concrete_crack_audio,test
dataset/multimodal-concrete-crack-detection-dataset/audio/negative/neg_audio_1606.wav,dataset/multimodal-concrete-crack-detection-dataset/image/negative/neg_img_1606.jpg,0,normal,multimodal_concrete_crack_audio,train
dataset/multimodal-concrete-crack-detection-dataset/audio/negative/neg_audio_2580.wav,dataset/multimodal-concrete-crack-detection-dataset/image/negative/neg_img_2580.jpg,0,normal,multimodal_concrete_crack_audio,train
dataset/multimodal-concrete-crack-detection-dataset/audio/negative/neg_audio_2007.wav,dataset/multimodal-concrete-crack-detection-dataset/image/negative/neg_img_2007.jpg,0,normal,multimodal_concrete_crack_audio,train
dataset/multimodal-concrete-crack-detection-dataset/audio/positive/pos_audio_450.wav,dataset/multimodal-concrete-crack-detection-dataset/image/positive/pos_img_450.jpg,1,acoustic_abnormal,multimodal_concrete_crack_audio,train
dataset/multimodal-concrete-crack-detection-dataset/audio/negative/neg_audio_1196.wav,dataset/multimodal-concrete-crack-detection-dataset/image/negative/neg_img_1196.jpg,0,normal,multimodal_concrete_crack_audio,test
dataset/multimodal-concrete-crack-detection-dataset/audio/positive/pos_audio_284.wav,dataset/multimodal-concrete-crack-detection-dataset/image/positive/pos_img_284.jpg,1,acoustic_abnormal,multimodal_concrete_crack_audio,train
dataset/multimodal-concrete-crack-detection-dataset/audio/negative/neg_audio_1229.wav,dataset/multimodal-concrete-crack-detection-dataset/image/negative/neg_img_1229.jpg,0,normal,multimodal_concrete_crack_audio,val
dataset/multimodal-concrete-crack-detection-dataset/audio/negative/neg_audio_737.wav,dataset/multimodal-concrete-crack-detection-dataset/image/negative/neg_img_737.jpg,0,normal,multimodal_concrete_crack_audio,test
dataset/multimodal-concrete-crack-detection-dataset/audio/negative/neg_audio_2172.wav,dataset/multimodal-concrete-crack-detection-dataset/image/negative/neg_img_2172.jpg,0,normal,multimodal_concrete_crack_audio,train
dataset/multimodal-concrete-crack-detection-dataset/audio/negative/neg_audio_2899.wav,dataset/multimodal-concrete-crack-detection-dataset/image/negative/neg_img_2899.jpg,0,normal,multimodal_concrete_crack_audio,val
dataset/multimodal-concrete-crack-detection-dataset/audio/positive/pos_audio_341.wav,dataset/multimodal-concrete-crack-detection-dataset/image/positive/pos_img_341.jpg,1,acoustic_abnormal,multimodal_concrete_crack_audio,train
dataset/multimodal-concrete-crack-detection-dataset/audio/negative/neg_audio_3052.wav,dataset/multimodal-concrete-crack-detection-dataset/image/negative/neg_img_3052.jpg,0,normal,multimodal_concrete_crack_audio,train
dataset/multimodal-concrete-crack-detection-dataset/audio/positive/pos_audio_458.wav,dataset/multimodal-concrete-crack-detection-dataset/image/positive/pos_img_458.jpg,1,acoustic_abnormal,multimodal_concrete_crack_audio,train
dataset/multimodal-concrete-crack-detection-dataset/audio/negative/neg_audio_2391.wav,dataset/multimodal-concrete-crack-detection-dataset/image/negative/neg_img_2391.jpg,0,normal,multimodal_concrete_crack_audio,train
dataset/multimodal-concrete-crack-detection-dataset/audio/negative/neg_audio_2584.wav,dataset/multimodal-concrete-crack-detection-dataset/image/negative/neg_img_2584.jpg,0,normal,multimodal_concrete_crack_audio,train
dataset/multimodal-concrete-crack-detection-dataset/audio/negative/neg_audio_1557.wav,dataset/multimodal-concrete-crack-detection-dataset/image/negative/neg_img_1557.jpg,0,normal,multimodal_concrete_crack_audio,train
dataset/multimodal-concrete-crack-detection-dataset/audio/negative/neg_audio_2512.wav,dataset/multimodal-concrete-crack-detection-dataset/image/negative/neg_img_2512.jpg,0,normal,multimodal_concrete_crack_audio,train
dataset/multimodal-concrete-crack-detection-dataset/audio/negative/neg_audio_2730.wav,dataset/multimodal-concrete-crack-detection-dataset/image/negative/neg_img_2730.jpg,0,normal,multimodal_concrete_crack_audio,val
dataset/multimodal-concrete-crack-detection-dataset/audio/negative/neg_audio_2935.wav,dataset/multimodal-concrete-crack-detection-dataset/image/negative/neg_img_2935.jpg,0,normal,multimodal_concrete_crack_audio,train
dataset/multimodal-concrete-crack-detection-dataset/audio/negative/neg_audio_3078.wav,dataset/multimodal-concrete-crack-detection-dataset/image/negative/neg_img_3078.jpg,0,normal,multimodal_concrete_crack_audio,test
dataset/multimodal-concrete-crack-detection-dataset/audio/negative/neg_audio_729.wav,dataset/multimodal-concrete-crack-detection-dataset/image/negative/neg_img_729.jpg,0,normal,multimodal_concrete_crack_audio,train
dataset/multimodal-concrete-crack-detection-dataset/audio/negative/neg_audio_854.wav,dataset/multimodal-concrete-crack-detection-dataset/image/negative/neg_img_854.jpg,0,normal,multimodal_concrete_crack_audio,train
dataset/multimodal-concrete-crack-detection-dataset/audio/positive/pos_audio_402.wav,dataset/multimodal-concrete-crack-detection-dataset/image/positive/pos_img_402.jpg,1,acoustic_abnormal,multimodal_concrete_crack_audio,train
dataset/multimodal-concrete-crack-detection-dataset/audio/negative/neg_audio_2284.wav,dataset/multimodal-concrete-crack-detection-dataset/image/negative/neg_img_2284.jpg,0,normal,multimodal_concrete_crack_audio,train
dataset/multimodal-concrete-crack-detection-dataset/audio/positive/pos_audio_760.wav,dataset/multimodal-concrete-crack-detection-dataset/image/positive/pos_img_760.jpg,1,acoustic_abnormal,multimodal_concrete_crack_audio,train
dataset/multimodal-concrete-crack-detection-dataset/audio/positive/pos_audio_184.wav,dataset/multimodal-concrete-crack-detection-dataset/image/positive/pos_img_184.jpg,1,acoustic_abnormal,multimodal_concrete_crack_audio,train
dataset/multimodal-concrete-crack-detection-dataset/audio/negative/neg_audio_1778.wav,dataset/multimodal-concrete-crack-detection-dataset/image/negative/neg_img_1778.jpg,0,normal,multimodal_concrete_crack_audio,train
dataset/multimodal-concrete-crack-detection-dataset/audio/negative/neg_audio_13.wav,dataset/multimodal-concrete-crack-detection-dataset/image/negative/neg_img_13.jpg,0,normal,multimodal_concrete_crack_audio,train
dataset/multimodal-concrete-crack-detection-dataset/audio/negative/neg_audio_877.wav,dataset/multimodal-concrete-crack-detection-dataset/image/negative/neg_img_877.jpg,0,normal,multimodal_concrete_crack_audio,train
dataset/multimodal-concrete-crack-detection-dataset/audio/positive/pos_audio_467.wav,dataset/multimodal-concrete-crack-detection-dataset/image/positive/pos_img_467.jpg,1,acoustic_abnormal,multimodal_concrete_crack_audio,test
dataset/multimodal-concrete-crack-detection-dataset/audio/negative/neg_audio_363.wav,dataset/multimodal-concrete-crack-detection-dataset/image/negative/neg_img_363.jpg,0,normal,multimodal_concrete_crack_audio,train
dataset/multimodal-concrete-crack-detection-dataset/audio/negative/neg_audio_2600.wav,dataset/multimodal-concrete-crack-detection-dataset/image/negative/neg_img_2600.jpg,0,normal,multimodal_concrete_crack_audio,train
dataset/multimodal-concrete-crack-detection-dataset/audio/negative/neg_audio_813.wav,dataset/multimodal-concrete-crack-detection-dataset/image/negative/neg_img_813.jpg,0,normal,multimodal_concrete_crack_audio,train
dataset/multimodal-concrete-crack-detection-dataset/audio/negative/neg_audio_539.wav,dataset/multimodal-concrete-crack-detection-dataset/image/negative/neg_img_539.jpg,0,normal,multimodal_concrete_crack_audio,train
dataset/multimodal-concrete-crack-detection-dataset/audio/positive/pos_audio_26.wav,dataset/multimodal-concrete-crack-detection-dataset/image/positive/pos_img_26.jpg,1,acoustic_abnormal,multimodal_concrete_crack_audio,train
dataset/multimodal-concrete-crack-detection-dataset/audio/positive/pos_audio_93.wav,dataset/multimodal-concrete-crack-detection-dataset/image/positive/pos_img_93.jpg,1,acoustic_abnormal,multimodal_concrete_crack_audio,train
dataset/multimodal-concrete-crack-detection-dataset/audio/negative/neg_audio_766.wav,dataset/multimodal-concrete-crack-detection-dataset/image/negative/neg_img_766.jpg,0,normal,multimodal_concrete_crack_audio,train
dataset/multimodal-concrete-crack-detection-dataset/audio/negative/neg_audio_1984.wav,dataset/multimodal-concrete-crack-detection-dataset/image/negative/neg_img_1984.jpg,0,normal,multimodal_concrete_crack_audio,train
dataset/multimodal-concrete-crack-detection-dataset/audio/positive/pos_audio_333.wav,dataset/multimodal-concrete-crack-detection-dataset/image/positive/pos_img_333.jpg,1,acoustic_abnormal,multimodal_concrete_crack_audio,test
dataset/multimodal-concrete-crack-detection-dataset/audio/negative/neg_audio_1925.wav,dataset/multimodal-concrete-crack-detection-dataset/image/negative/neg_img_1925.jpg,0,normal,multimodal_concrete_crack_audio,test
dataset/multimodal-concrete-crack-detection-dataset/audio/positive/pos_audio_692.wav,dataset/multimodal-concrete-crack-detection-dataset/image/positive/pos_img_692.jpg,1,acoustic_abnormal,multimodal_concrete_crack_audio,test
dataset/multimodal-concrete-crack-detection-dataset/audio/positive/pos_audio_237.wav,dataset/multimodal-concrete-crack-detection-dataset/image/positive/pos_img_237.jpg,1,acoustic_abnormal,multimodal_concrete_crack_audio,train
dataset/multimodal-concrete-crack-detection-dataset/audio/negative/neg_audio_901.wav,dataset/multimodal-concrete-crack-detection-dataset/image/negative/neg_img_901.jpg,0,normal,multimodal_concrete_crack_audio,val
dataset/multimodal-concrete-crack-detection-dataset/audio/positive/pos_audio_180.wav,dataset/multimodal-concrete-crack-detection-dataset/image/positive/pos_img_180.jpg,1,acoustic_abnormal,multimodal_concrete_crack_audio,train
dataset/multimodal-concrete-crack-detection-dataset/audio/negative/neg_audio_2401.wav,dataset/multimodal-concrete-crack-detection-dataset/image/negative/neg_img_2401.jpg,0,normal,multimodal_concrete_crack_audio,train
dataset/multimodal-concrete-crack-detection-dataset/audio/positive/pos_audio_807.wav,dataset/multimodal-concrete-crack-detection-dataset/image/positive/pos_img_807.jpg,1,acoustic_abnormal,multimodal_concrete_crack_audio,val
dataset/multimodal-concrete-crack-detection-dataset/audio/negative/neg_audio_1007.wav,dataset/multimodal-concrete-crack-detection-dataset/image/negative/neg_img_1007.jpg,0,normal,multimodal_concrete_crack_audio,train
dataset/multimodal-concrete-crack-detection-dataset/audio/negative/neg_audio_32.wav,dataset/multimodal-concrete-crack-detection-dataset/image/negative/neg_img_32.jpg,0,normal,multimodal_concrete_crack_audio,train
dataset/multimodal-concrete-crack-detection-dataset/audio/negative/neg_audio_2569.wav,dataset/multimodal-concrete-crack-detection-dataset/image/negative/neg_img_2569.jpg,0,normal,multimodal_concrete_crack_audio,train
dataset/multimodal-concrete-crack-detection-dataset/audio/negative/neg_audio_2598.wav,dataset/multimodal-concrete-crack-detection-dataset/image/negative/neg_img_2598.jpg,0,normal,multimodal_concrete_crack_audio,train
dataset/multimodal-concrete-crack-detection-dataset/audio/positive/pos_audio_94.wav,dataset/multimodal-concrete-crack-detection-dataset/image/positive/pos_img_94.jpg,1,acoustic_abnormal,multimodal_concrete_crack_audio,test
dataset/multimodal-concrete-crack-detection-dataset/audio/negative/neg_audio_2564.wav,dataset/multimodal-concrete-crack-detection-dataset/image/negative/neg_img_2564.jpg,0,normal,multimodal_concrete_crack_audio,train
dataset/multimodal-concrete-crack-detection-dataset/audio/positive/pos_audio_651.wav,dataset/multimodal-concrete-crack-detection-dataset/image/positive/pos_img_651.jpg,1,acoustic_abnormal,multimodal_concrete_crack_audio,train
dataset/multimodal-concrete-crack-detection-dataset/audio/negative/neg_audio_779.wav,dataset/multimodal-concrete-crack-detection-dataset/image/negative/neg_img_779.jpg,0,normal,multimodal_concrete_crack_audio,train
dataset/multimodal-concrete-crack-detection-dataset/audio/negative/neg_audio_1300.wav,dataset/multimodal-concrete-crack-detection-dataset/image/negative/neg_img_1300.jpg,0,normal,multimodal_concrete_crack_audio,test
dataset/multimodal-concrete-crack-detection-dataset/audio/negative/neg_audio_2135.wav,dataset/multimodal-concrete-crack-detection-dataset/image/negative/neg_img_2135.jpg,0,normal,multimodal_concrete_crack_audio,train
dataset/multimodal-concrete-crack-detection-dataset/audio/negative/neg_audio_411.wav,dataset/multimodal-concrete-crack-detection-dataset/image/negative/neg_img_411.jpg,0,normal,multimodal_concrete_crack_audio,train
dataset/multimodal-concrete-crack-detection-dataset/audio/positive/pos_audio_671.wav,dataset/multimodal-concrete-crack-detection-dataset/image/positive/pos_img_671.jpg,1,acoustic_abnormal,multimodal_concrete_crack_audio,train
dataset/multimodal-concrete-crack-detection-dataset/audio/negative/neg_audio_3023.wav,dataset/multimodal-concrete-crack-detection-dataset/image/negative/neg_img_3023.jpg,0,normal,multimodal_concrete_crack_audio,test
dataset/multimodal-concrete-crack-detection-dataset/audio/negative/neg_audio_2913.wav,dataset/multimodal-concrete-crack-detection-dataset/image/negative/neg_img_2913.jpg,0,normal,multimodal_concrete_crack_audio,train
dataset/multimodal-concrete-crack-detection-dataset/audio/negative/neg_audio_303.wav,dataset/multimodal-concrete-crack-detection-dataset/image/negative/neg_img_303.jpg,0,normal,multimodal_concrete_crack_audio,val
dataset/multimodal-concrete-crack-detection-dataset/audio/negative/neg_audio_2100.wav,dataset/multimodal-concrete-crack-detection-dataset/image/negative/neg_img_2100.jpg,0,normal,multimodal_concrete_crack_audio,val
dataset/multimodal-concrete-crack-detection-dataset/audio/negative/neg_audio_2829.wav,dataset/multimodal-concrete-crack-detection-dataset/image/negative/neg_img_2829.jpg,0,normal,multimodal_concrete_crack_audio,train
dataset/multimodal-concrete-crack-detection-dataset/audio/negative/neg_audio_2812.wav,dataset/multimodal-concrete-crack-detection-dataset/image/negative/neg_img_2812.jpg,0,normal,multimodal_concrete_crack_audio,train
dataset/multimodal-concrete-crack-detection-dataset/audio/positive/pos_audio_885.wav,dataset/multimodal-concrete-crack-detection-dataset/image/positive/pos_img_885.jpg,1,acoustic_abnormal,multimodal_concrete_crack_audio,train
dataset/multimodal-concrete-crack-detection-dataset/audio/negative/neg_audio_1373.wav,dataset/multimodal-concrete-crack-detection-dataset/image/negative/neg_img_1373.jpg,0,normal,multimodal_concrete_crack_audio,test
dataset/multimodal-concrete-crack-detection-dataset/audio/negative/neg_audio_2997.wav,dataset/multimodal-concrete-crack-detection-dataset/image/negative/neg_img_2997.jpg,0,normal,multimodal_concrete_crack_audio,train
dataset/multimodal-concrete-crack-detection-dataset/audio/negative/neg_audio_641.wav,dataset/multimodal-concrete-crack-detection-dataset/image/negative/neg_img_641.jpg,0,normal,multimodal_concrete_crack_audio,train
dataset/multimodal-concrete-crack-detection-dataset/audio/negative/neg_audio_1339.wav,dataset/multimodal-concrete-crack-detection-dataset/image/negative/neg_img_1339.jpg,0,normal,multimodal_concrete_crack_audio,train
dataset/multimodal-concrete-crack-detection-dataset/audio/negative/neg_audio_304.wav,dataset/multimodal-concrete-crack-detection-dataset/image/negative/neg_img_304.jpg,0,normal,multimodal_concrete_crack_audio,train
dataset/multimodal-concrete-crack-detection-dataset/audio/negative/neg_audio_911.wav,dataset/multimodal-concrete-crack-detection-dataset/image/negative/neg_img_911.jpg,0,normal,multimodal_concrete_crack_audio,val
dataset/multimodal-concrete-crack-detection-dataset/audio/negative/neg_audio_323.wav,dataset/multimodal-concrete-crack-detection-dataset/image/negative/neg_img_323.jpg,0,normal,multimodal_concrete_crack_audio,test
dataset/multimodal-concrete-crack-detection-dataset/audio/negative/neg_audio_1448.wav,dataset/multimodal-concrete-crack-detection-dataset/image/negative/neg_img_1448.jpg,0,normal,multimodal_concrete_crack_audio,test
dataset/multimodal-concrete-crack-detection-dataset/audio/negative/neg_audio_477.wav,dataset/multimodal-concrete-crack-detection-dataset/image/negative/neg_img_477.jpg,0,normal,multimodal_concrete_crack_audio,train
dataset/multimodal-concrete-crack-detection-dataset/audio/positive/pos_audio_344.wav,dataset/multimodal-concrete-crack-detection-dataset/image/positive/pos_img_344.jpg,1,acoustic_abnormal,multimodal_concrete_crack_audio,train
dataset/multimodal-concrete-crack-detection-dataset/audio/negative/neg_audio_560.wav,dataset/multimodal-concrete-crack-detection-dataset/image/negative/neg_img_560.jpg,0,normal,multimodal_concrete_crack_audio,train
dataset/multimodal-concrete-crack-detection-dataset/audio/negative/neg_audio_355.wav,dataset/multimodal-concrete-crack-detection-dataset/image/negative/neg_img_355.jpg,0,normal,multimodal_concrete_crack_audio,test
dataset/multimodal-concrete-crack-detection-dataset/audio/positive/pos_audio_137.wav,dataset/multimodal-concrete-crack-detection-dataset/image/positive/pos_img_137.jpg,1,acoustic_abnormal,multimodal_concrete_crack_audio,train
dataset/multimodal-concrete-crack-detection-dataset/audio/negative/neg_audio_2801.wav,dataset/multimodal-concrete-crack-detection-dataset/image/negative/neg_img_2801.jpg,0,normal,multimodal_concrete_crack_audio,train
dataset/multimodal-concrete-crack-detection-dataset/audio/positive/pos_audio_408.wav,dataset/multimodal-concrete-crack-detection-dataset/image/positive/pos_img_408.jpg,1,acoustic_abnormal,multimodal_concrete_crack_audio,train
dataset/multimodal-concrete-crack-detection-dataset/audio/positive/pos_audio_357.wav,dataset/multimodal-concrete-crack-detection-dataset/image/positive/pos_img_357.jpg,1,acoustic_abnormal,multimodal_concrete_crack_audio,train
dataset/multimodal-concrete-crack-detection-dataset/audio/negative/neg_audio_491.wav,dataset/multimodal-concrete-crack-detection-dataset/image/negative/neg_img_491.jpg,0,normal,multimodal_concrete_crack_audio,train
dataset/multimodal-concrete-crack-detection-dataset/audio/positive/pos_audio_782.wav,dataset/multimodal-concrete-crack-detection-dataset/image/positive/pos_img_782.jpg,1,acoustic_abnormal,multimodal_concrete_crack_audio,train
dataset/multimodal-concrete-crack-detection-dataset/audio/negative/neg_audio_1208.wav,dataset/multimodal-concrete-crack-detection-dataset/image/negative/neg_img_1208.jpg,0,normal,multimodal_concrete_crack_audio,train
dataset/multimodal-concrete-crack-detection-dataset/audio/negative/neg_audio_3163.wav,dataset/multimodal-concrete-crack-detection-dataset/image/negative/neg_img_3163.jpg,0,normal,multimodal_concrete_crack_audio,train
dataset/multimodal-concrete-crack-detection-dataset/audio/negative/neg_audio_516.wav,dataset/multimodal-concrete-crack-detection-dataset/image/negative/neg_img_516.jpg,0,normal,multimodal_concrete_crack_audio,train
dataset/multimodal-concrete-crack-detection-dataset/audio/negative/neg_audio_3179.wav,dataset/multimodal-concrete-crack-detection-dataset/image/negative/neg_img_3179.jpg,0,normal,multimodal_concrete_crack_audio,train
dataset/multimodal-concrete-crack-detection-dataset/audio/negative/neg_audio_2909.wav,dataset/multimodal-concrete-crack-detection-dataset/image/negative/neg_img_2909.jpg,0,normal,multimodal_concrete_crack_audio,train
dataset/multimodal-concrete-crack-detection-dataset/audio/positive/pos_audio_200.wav,dataset/multimodal-concrete-crack-detection-dataset/image/positive/pos_img_200.jpg,1,acoustic_abnormal,multimodal_concrete_crack_audio,train
dataset/multimodal-concrete-crack-detection-dataset/audio/negative/neg_audio_3080.wav,dataset/multimodal-concrete-crack-detection-dataset/image/negative/neg_img_3080.jpg,0,normal,multimodal_concrete_crack_audio,train
dataset/multimodal-concrete-crack-detection-dataset/audio/negative/neg_audio_1154.wav,dataset/multimodal-concrete-crack-detection-dataset/image/negative/neg_img_1154.jpg,0,normal,multimodal_concrete_crack_audio,train
dataset/multimodal-concrete-crack-detection-dataset/audio/negative/neg_audio_832.wav,dataset/multimodal-concrete-crack-detection-dataset/image/negative/neg_img_832.jpg,0,normal,multimodal_concrete_crack_audio,train
dataset/multimodal-concrete-crack-detection-dataset/audio/negative/neg_audio_1513.wav,dataset/multimodal-concrete-crack-detection-dataset/image/negative/neg_img_1513.jpg,0,normal,multimodal_concrete_crack_audio,test
dataset/multimodal-concrete-crack-detection-dataset/audio/negative/neg_audio_105.wav,dataset/multimodal-concrete-crack-detection-dataset/image/negative/neg_img_105.jpg,0,normal,multimodal_concrete_crack_audio,train
dataset/multimodal-concrete-crack-detection-dataset/audio/positive/pos_audio_633.wav,dataset/multimodal-concrete-crack-detection-dataset/image/positive/pos_img_633.jpg,1,acoustic_abnormal,multimodal_concrete_crack_audio,test
dataset/multimodal-concrete-crack-detection-dataset/audio/negative/neg_audio_27.wav,dataset/multimodal-concrete-crack-detection-dataset/image/negative/neg_img_27.jpg,0,normal,multimodal_concrete_crack_audio,train
dataset/multimodal-concrete-crack-detection-dataset/audio/negative/neg_audio_799.wav,dataset/multimodal-concrete-crack-detection-dataset/image/negative/neg_img_799.jpg,0,normal,multimodal_concrete_crack_audio,train
dataset/multimodal-concrete-crack-detection-dataset/audio/negative/neg_audio_2203.wav,dataset/multimodal-concrete-crack-detection-dataset/image/negative/neg_img_2203.jpg,0,normal,multimodal_concrete_crack_audio,train
dataset/multimodal-concrete-crack-detection-dataset/audio/negative/neg_audio_2211.wav,dataset/multimodal-concrete-crack-detection-dataset/image/negative/neg_img_2211.jpg,0,normal,multimodal_concrete_crack_audio,train
dataset/multimodal-concrete-crack-detection-dataset/audio/negative/neg_audio_162.wav,dataset/multimodal-concrete-crack-detection-dataset/image/negative/neg_img_162.jpg,0,normal,multimodal_concrete_crack_audio,train
dataset/multimodal-concrete-crack-detection-dataset/audio/negative/neg_audio_2451.wav,dataset/multimodal-concrete-crack-detection-dataset/image/negative/neg_img_2451.jpg,0,normal,multimodal_concrete_crack_audio,train
dataset/multimodal-concrete-crack-detection-dataset/audio/negative/neg_audio_3119.wav,dataset/multimodal-concrete-crack-detection-dataset/image/negative/neg_img_3119.jpg,0,normal,multimodal_concrete_crack_audio,train
dataset/multimodal-concrete-crack-detection-dataset/audio/negative/neg_audio_691.wav,dataset/multimodal-concrete-crack-detection-dataset/image/negative/neg_img_691.jpg,0,normal,multimodal_concrete_crack_audio,val
dataset/multimodal-concrete-crack-detection-dataset/audio/positive/pos_audio_659.wav,dataset/multimodal-concrete-crack-detection-dataset/image/positive/pos_img_659.jpg,1,acoustic_abnormal,multimodal_concrete_crack_audio,train
dataset/multimodal-concrete-crack-detection-dataset/audio/negative/neg_audio_2261.wav,dataset/multimodal-concrete-crack-detection-dataset/image/negative/neg_img_2261.jpg,0,normal,multimodal_concrete_crack_audio,train
dataset/multimodal-concrete-crack-detection-dataset/audio/negative/neg_audio_847.wav,dataset/multimodal-concrete-crack-detection-dataset/image/negative/neg_img_847.jpg,0,normal,multimodal_concrete_crack_audio,train
dataset/multimodal-concrete-crack-detection-dataset/audio/positive/pos_audio_551.wav,dataset/multimodal-concrete-crack-detection-dataset/image/positive/pos_img_551.jpg,1,acoustic_abnormal,multimodal_concrete_crack_audio,train
dataset/multimodal-concrete-crack-detection-dataset/audio/negative/neg_audio_577.wav,dataset/multimodal-concrete-crack-detection-dataset/image/negative/neg_img_577.jpg,0,normal,multimodal_concrete_crack_audio,train
dataset/multimodal-concrete-crack-detection-dataset/audio/negative/neg_audio_1141.wav,dataset/multimodal-concrete-crack-detection-dataset/image/negative/neg_img_1141.jpg,0,normal,multimodal_concrete_crack_audio,test
dataset/multimodal-concrete-crack-detection-dataset/audio/negative/neg_audio_2729.wav,dataset/multimodal-concrete-crack-detection-dataset/image/negative/neg_img_2729.jpg,0,normal,multimodal_concrete_crack_audio,test
dataset/multimodal-concrete-crack-detection-dataset/audio/positive/pos_audio_275.wav,dataset/multimodal-concrete-crack-detection-dataset/image/positive/pos_img_275.jpg,1,acoustic_abnormal,multimodal_concrete_crack_audio,test
dataset/multimodal-concrete-crack-detection-dataset/audio/negative/neg_audio_434.wav,dataset/multimodal-concrete-crack-detection-dataset/image/negative/neg_img_434.jpg,0,normal,multimodal_concrete_crack_audio,train
dataset/multimodal-concrete-crack-detection-dataset/audio/positive/pos_audio_17.wav,dataset/multimodal-concrete-crack-detection-dataset/image/positive/pos_img_17.jpg,1,acoustic_abnormal,multimodal_concrete_crack_audio,test
dataset/multimodal-concrete-crack-detection-dataset/audio/negative/neg_audio_1062.wav,dataset/multimodal-concrete-crack-detection-dataset/image/negative/neg_img_1062.jpg,0,normal,multimodal_concrete_crack_audio,train
dataset/multimodal-concrete-crack-detection-dataset/audio/positive/pos_audio_664.wav,dataset/multimodal-concrete-crack-detection-dataset/image/positive/pos_img_664.jpg,1,acoustic_abnormal,multimodal_concrete_crack_audio,test
dataset/multimodal-concrete-crack-detection-dataset/audio/negative/neg_audio_693.wav,dataset/multimodal-concrete-crack-detection-dataset/image/negative/neg_img_693.jpg,0,normal,multimodal_concrete_crack_audio,val
dataset/multimodal-concrete-crack-detection-dataset/audio/negative/neg_audio_916.wav,dataset/multimodal-concrete-crack-detection-dataset/image/negative/neg_img_916.jpg,0,normal,multimodal_concrete_crack_audio,train
dataset/multimodal-concrete-crack-detection-dataset/audio/positive/pos_audio_183.wav,dataset/multimodal-concrete-crack-detection-dataset/image/positive/pos_img_183.jpg,1,acoustic_abnormal,multimodal_concrete_crack_audio,train
dataset/multimodal-concrete-crack-detection-dataset/audio/negative/neg_audio_1993.wav,dataset/multimodal-concrete-crack-detection-dataset/image/negative/neg_img_1993.jpg,0,normal,multimodal_concrete_crack_audio,train
dataset/multimodal-concrete-crack-detection-dataset/audio/positive/pos_audio_703.wav,dataset/multimodal-concrete-crack-detection-dataset/image/positive/pos_img_703.jpg,1,acoustic_abnormal,multimodal_concrete_crack_audio,val
dataset/multimodal-concrete-crack-detection-dataset/audio/positive/pos_audio_154.wav,dataset/multimodal-concrete-crack-detection-dataset/image/positive/pos_img_154.jpg,1,acoustic_abnormal,multimodal_concrete_crack_audio,train
dataset/multimodal-concrete-crack-detection-dataset/audio/negative/neg_audio_485.wav,dataset/multimodal-concrete-crack-detection-dataset/image/negative/neg_img_485.jpg,0,normal,multimodal_concrete_crack_audio,train
dataset/multimodal-concrete-crack-detection-dataset/audio/negative/neg_audio_678.wav,dataset/multimodal-concrete-crack-detection-dataset/image/negative/neg_img_678.jpg,0,normal,multimodal_concrete_crack_audio,train
dataset/multimodal-concrete-crack-detection-dataset/audio/negative/neg_audio_1166.wav,dataset/multimodal-concrete-crack-detection-dataset/image/negative/neg_img_1166.jpg,0,normal,multimodal_concrete_crack_audio,train
dataset/multimodal-concrete-crack-detection-dataset/audio/negative/neg_audio_1422.wav,dataset/multimodal-concrete-crack-detection-dataset/image/negative/neg_img_1422.jpg,0,normal,multimodal_concrete_crack_audio,val
dataset/multimodal-concrete-crack-detection-dataset/audio/negative/neg_audio_407.wav,dataset/multimodal-concrete-crack-detection-dataset/image/negative/neg_img_407.jpg,0,normal,multimodal_concrete_crack_audio,train
dataset/multimodal-concrete-crack-detection-dataset/audio/negative/neg_audio_1287.wav,dataset/multimodal-concrete-crack-detection-dataset/image/negative/neg_img_1287.jpg,0,normal,multimodal_concrete_crack_audio,train
dataset/multimodal-concrete-crack-detection-dataset/audio/negative/neg_audio_2520.wav,dataset/multimodal-concrete-crack-detection-dataset/image/negative/neg_img_2520.jpg,0,normal,multimodal_concrete_crack_audio,train
dataset/multimodal-concrete-crack-detection-dataset/audio/negative/neg_audio_2355.wav,dataset/multimodal-concrete-crack-detection-dataset/image/negative/neg_img_2355.jpg,0,normal,multimodal_concrete_crack_audio,train
dataset/multimodal-concrete-crack-detection-dataset/audio/negative/neg_audio_1139.wav,dataset/multimodal-concrete-crack-detection-dataset/image/negative/neg_img_1139.jpg,0,normal,multimodal_concrete_crack_audio,val
dataset/multimodal-concrete-crack-detection-dataset/audio/negative/neg_audio_2126.wav,dataset/multimodal-concrete-crack-detection-dataset/image/negative/neg_img_2126.jpg,0,normal,multimodal_concrete_crack_audio,val
dataset/multimodal-concrete-crack-detection-dataset/audio/negative/neg_audio_1763.wav,dataset/multimodal-concrete-crack-detection-dataset/image/negative/neg_img_1763.jpg,0,normal,multimodal_concrete_crack_audio,val
dataset/multimodal-concrete-crack-detection-dataset/audio/negative/neg_audio_862.wav,dataset/multimodal-concrete-crack-detection-dataset/image/negative/neg_img_862.jpg,0,normal,multimodal_concrete_crack_audio,train
dataset/multimodal-concrete-crack-detection-dataset/audio/negative/neg_audio_3016.wav,dataset/multimodal-concrete-crack-detection-dataset/image/negative/neg_img_3016.jpg,0,normal,multimodal_concrete_crack_audio,train
dataset/multimodal-concrete-crack-detection-dataset/audio/negative/neg_audio_2981.wav,dataset/multimodal-concrete-crack-detection-dataset/image/negative/neg_img_2981.jpg,0,normal,multimodal_concrete_crack_audio,train
dataset/multimodal-concrete-crack-detection-dataset/audio/negative/neg_audio_730.wav,dataset/multimodal-concrete-crack-detection-dataset/image/negative/neg_img_730.jpg,0,normal,multimodal_concrete_crack_audio,train
dataset/multimodal-concrete-crack-detection-dataset/audio/negative/neg_audio_1304.wav,dataset/multimodal-concrete-crack-detection-dataset/image/negative/neg_img_1304.jpg,0,normal,multimodal_concrete_crack_audio,test
dataset/multimodal-concrete-crack-detection-dataset/audio/negative/neg_audio_3155.wav,dataset/multimodal-concrete-crack-detection-dataset/image/negative/neg_img_3155.jpg,0,normal,multimodal_concrete_crack_audio,train
dataset/multimodal-concrete-crack-detection-dataset/audio/negative/neg_audio_1322.wav,dataset/multimodal-concrete-crack-detection-dataset/image/negative/neg_img_1322.jpg,0,normal,multimodal_concrete_crack_audio,train
dataset/multimodal-concrete-crack-detection-dataset/audio/negative/neg_audio_1168.wav,dataset/multimodal-concrete-crack-detection-dataset/image/negative/neg_img_1168.jpg,0,normal,multimodal_concrete_crack_audio,val
dataset/multimodal-concrete-crack-detection-dataset/audio/negative/neg_audio_1747.wav,dataset/multimodal-concrete-crack-detection-dataset/image/negative/neg_img_1747.jpg,0,normal,multimodal_concrete_crack_audio,train
dataset/multimodal-concrete-crack-detection-dataset/audio/negative/neg_audio_2955.wav,dataset/multimodal-concrete-crack-detection-dataset/image/negative/neg_img_2955.jpg,0,normal,multimodal_concrete_crack_audio,train
dataset/multimodal-concrete-crack-detection-dataset/audio/negative/neg_audio_2374.wav,dataset/multimodal-concrete-crack-detection-dataset/image/negative/neg_img_2374.jpg,0,normal,multimodal_concrete_crack_audio,test
dataset/multimodal-concrete-crack-detection-dataset/audio/positive/pos_audio_773.wav,dataset/multimodal-concrete-crack-detection-dataset/image/positive/pos_img_773.jpg,1,acoustic_abnormal,multimodal_concrete_crack_audio,train
dataset/multimodal-concrete-crack-detection-dataset/audio/positive/pos_audio_149.wav,dataset/multimodal-concrete-crack-detection-dataset/image/positive/pos_img_149.jpg,1,acoustic_abnormal,multimodal_concrete_crack_audio,train
dataset/multimodal-concrete-crack-detection-dataset/audio/negative/neg_audio_2310.wav,dataset/multimodal-concrete-crack-detection-dataset/image/negative/neg_img_2310.jpg,0,normal,multimodal_concrete_crack_audio,train
dataset/multimodal-concrete-crack-detection-dataset/audio/negative/neg_audio_197.wav,dataset/multimodal-concrete-crack-detection-dataset/image/negative/neg_img_197.jpg,0,normal,multimodal_concrete_crack_audio,val
dataset/multimodal-concrete-crack-detection-dataset/audio/negative/neg_audio_1397.wav,dataset/multimodal-concrete-crack-detection-dataset/image/negative/neg_img_1397.jpg,0,normal,multimodal_concrete_crack_audio,train
dataset/multimodal-concrete-crack-detection-dataset/audio/negative/neg_audio_2020.wav,dataset/multimodal-concrete-crack-detection-dataset/image/negative/neg_img_2020.jpg,0,normal,multimodal_concrete_crack_audio,train
dataset/multimodal-concrete-crack-detection-dataset/audio/positive/pos_audio_562.wav,dataset/multimodal-concrete-crack-detection-dataset/image/positive/pos_img_562.jpg,1,acoustic_abnormal,multimodal_concrete_crack_audio,test
dataset/multimodal-concrete-crack-detection-dataset/audio/negative/neg_audio_951.wav,dataset/multimodal-concrete-crack-detection-dataset/image/negative/neg_img_951.jpg,0,normal,multimodal_concrete_crack_audio,train
dataset/multimodal-concrete-crack-detection-dataset/audio/positive/pos_audio_438.wav,dataset/multimodal-concrete-crack-detection-dataset/image/positive/pos_img_438.jpg,1,acoustic_abnormal,multimodal_concrete_crack_audio,train
dataset/multimodal-concrete-crack-detection-dataset/audio/negative/neg_audio_1144.wav,dataset/multimodal-concrete-crack-detection-dataset/image/negative/neg_img_1144.jpg,0,normal,multimodal_concrete_crack_audio,train
dataset/multimodal-concrete-crack-detection-dataset/audio/negative/neg_audio_2408.wav,dataset/multimodal-concrete-crack-detection-dataset/image/negative/neg_img_2408.jpg,0,normal,multimodal_concrete_crack_audio,train
dataset/multimodal-concrete-crack-detection-dataset/audio/negative/neg_audio_2083.wav,dataset/multimodal-concrete-crack-detection-dataset/image/negative/neg_img_2083.jpg,0,normal,multimodal_concrete_crack_audio,test
dataset/multimodal-concrete-crack-detection-dataset/audio/positive/pos_audio_887.wav,dataset/multimodal-concrete-crack-detection-dataset/image/positive/pos_img_887.jpg,1,acoustic_abnormal,multimodal_concrete_crack_audio,train
dataset/multimodal-concrete-crack-detection-dataset/audio/positive/pos_audio_28.wav,dataset/multimodal-concrete-crack-detection-dataset/image/positive/pos_img_28.jpg,1,acoustic_abnormal,multimodal_concrete_crack_audio,train
dataset/multimodal-concrete-crack-detection-dataset/audio/negative/neg_audio_1312.wav,dataset/multimodal-concrete-crack-detection-dataset/image/negative/neg_img_1312.jpg,0,normal,multimodal_concrete_crack_audio,train
dataset/multimodal-concrete-crack-detection-dataset/audio/positive/pos_audio_530.wav,dataset/multimodal-concrete-crack-detection-dataset/image/positive/pos_img_530.jpg,1,acoustic_abnormal,multimodal_concrete_crack_audio,train
dataset/multimodal-concrete-crack-detection-dataset/audio/negative/neg_audio_1857.wav,dataset/multimodal-concrete-crack-detection-dataset/image/negative/neg_img_1857.jpg,0,normal,multimodal_concrete_crack_audio,train
dataset/multimodal-concrete-crack-detection-dataset/audio/negative/neg_audio_2944.wav,dataset/multimodal-concrete-crack-detection-dataset/image/negative/neg_img_2944.jpg,0,normal,multimodal_concrete_crack_audio,train
dataset/multimodal-concrete-crack-detection-dataset/audio/negative/neg_audio_2760.wav,dataset/multimodal-concrete-crack-detection-dataset/image/negative/neg_img_2760.jpg,0,normal,multimodal_concrete_crack_audio,train
dataset/multimodal-concrete-crack-detection-dataset/audio/negative/neg_audio_1515.wav,dataset/multimodal-concrete-crack-detection-dataset/image/negative/neg_img_1515.jpg,0,normal,multimodal_concrete_crack_audio,test
dataset/multimodal-concrete-crack-detection-dataset/audio/positive/pos_audio_636.wav,dataset/multimodal-concrete-crack-detection-dataset/image/positive/pos_img_636.jpg,1,acoustic_abnormal,multimodal_concrete_crack_audio,val
dataset/multimodal-concrete-crack-detection-dataset/audio/negative/neg_audio_2431.wav,dataset/multimodal-concrete-crack-detection-dataset/image/negative/neg_img_2431.jpg,0,normal,multimodal_concrete_crack_audio,train
dataset/multimodal-concrete-crack-detection-dataset/audio/negative/neg_audio_31.wav,dataset/multimodal-concrete-crack-detection-dataset/image/negative/neg_img_31.jpg,0,normal,multimodal_concrete_crack_audio,val
dataset/multimodal-concrete-crack-detection-dataset/audio/negative/neg_audio_623.wav,dataset/multimodal-concrete-crack-detection-dataset/image/negative/neg_img_623.jpg,0,normal,multimodal_concrete_crack_audio,train
dataset/multimodal-concrete-crack-detection-dataset/audio/negative/neg_audio_343.wav,dataset/multimodal-concrete-crack-detection-dataset/image/negative/neg_img_343.jpg,0,normal,multimodal_concrete_crack_audio,test
dataset/multimodal-concrete-crack-detection-dataset/audio/negative/neg_audio_2086.wav,dataset/multimodal-concrete-crack-detection-dataset/image/negative/neg_img_2086.jpg,0,normal,multimodal_concrete_crack_audio,train
dataset/multimodal-concrete-crack-detection-dataset/audio/negative/neg_audio_2414.wav,dataset/multimodal-concrete-crack-detection-dataset/image/negative/neg_img_2414.jpg,0,normal,multimodal_concrete_crack_audio,train
dataset/multimodal-concrete-crack-detection-dataset/audio/positive/pos_audio_604.wav,dataset/multimodal-concrete-crack-detection-dataset/image/positive/pos_img_604.jpg,1,acoustic_abnormal,multimodal_concrete_crack_audio,train
dataset/multimodal-concrete-crack-detection-dataset/audio/negative/neg_audio_551.wav,dataset/multimodal-concrete-crack-detection-dataset/image/negative/neg_img_551.jpg,0,normal,multimodal_concrete_crack_audio,train
dataset/multimodal-concrete-crack-detection-dataset/audio/negative/neg_audio_1954.wav,dataset/multimodal-concrete-crack-detection-dataset/image/negative/neg_img_1954.jpg,0,normal,multimodal_concrete_crack_audio,train
dataset/multimodal-concrete-crack-detection-dataset/audio/negative/neg_audio_1184.wav,dataset/multimodal-concrete-crack-detection-dataset/image/negative/neg_img_1184.jpg,0,normal,multimodal_concrete_crack_audio,test
dataset/multimodal-concrete-crack-detection-dataset/audio/negative/neg_audio_1784.wav,dataset/multimodal-concrete-crack-detection-dataset/image/negative/neg_img_1784.jpg,0,normal,multimodal_concrete_crack_audio,train
dataset/multimodal-concrete-crack-detection-dataset/audio/negative/neg_audio_1842.wav,dataset/multimodal-concrete-crack-detection-dataset/image/negative/neg_img_1842.jpg,0,normal,multimodal_concrete_crack_audio,train
dataset/multimodal-concrete-crack-detection-dataset/audio/negative/neg_audio_2583.wav,dataset/multimodal-concrete-crack-detection-dataset/image/negative/neg_img_2583.jpg,0,normal,multimodal_concrete_crack_audio,train
dataset/multimodal-concrete-crack-detection-dataset/audio/negative/neg_audio_1674.wav,dataset/multimodal-concrete-crack-detection-dataset/image/negative/neg_img_1674.jpg,0,normal,multimodal_concrete_crack_audio,train
dataset/multimodal-concrete-crack-detection-dataset/audio/negative/neg_audio_2896.wav,dataset/multimodal-concrete-crack-detection-dataset/image/negative/neg_img_2896.jpg,0,normal,multimodal_concrete_crack_audio,train
dataset/multimodal-concrete-crack-detection-dataset/audio/negative/neg_audio_1453.wav,dataset/multimodal-concrete-crack-detection-dataset/image/negative/neg_img_1453.jpg,0,normal,multimodal_concrete_crack_audio,val
dataset/multimodal-concrete-crack-detection-dataset/audio/negative/neg_audio_302.wav,dataset/multimodal-concrete-crack-detection-dataset/image/negative/neg_img_302.jpg,0,normal,multimodal_concrete_crack_audio,test
dataset/multimodal-concrete-crack-detection-dataset/audio/positive/pos_audio_781.wav,dataset/multimodal-concrete-crack-detection-dataset/image/positive/pos_img_781.jpg,1,acoustic_abnormal,multimodal_concrete_crack_audio,test
dataset/multimodal-concrete-crack-detection-dataset/audio/negative/neg_audio_441.wav,dataset/multimodal-concrete-crack-detection-dataset/image/negative/neg_img_441.jpg,0,normal,multimodal_concrete_crack_audio,train
dataset/multimodal-concrete-crack-detection-dataset/audio/negative/neg_audio_2525.wav,dataset/multimodal-concrete-crack-detection-dataset/image/negative/neg_img_2525.jpg,0,normal,multimodal_concrete_crack_audio,val
dataset/multimodal-concrete-crack-detection-dataset/audio/negative/neg_audio_3127.wav,dataset/multimodal-concrete-crack-detection-dataset/image/negative/neg_img_3127.jpg,0,normal,multimodal_concrete_crack_audio,test
dataset/multimodal-concrete-crack-detection-dataset/audio/negative/neg_audio_2422.wav,dataset/multimodal-concrete-crack-detection-dataset/image/negative/neg_img_2422.jpg,0,normal,multimodal_concrete_crack_audio,train
dataset/multimodal-concrete-crack-detection-dataset/audio/negative/neg_audio_1378.wav,dataset/multimodal-concrete-crack-detection-dataset/image/negative/neg_img_1378.jpg,0,normal,multimodal_concrete_crack_audio,train
dataset/multimodal-concrete-crack-detection-dataset/audio/negative/neg_audio_1379.wav,dataset/multimodal-concrete-crack-detection-dataset/image/negative/neg_img_1379.jpg,0,normal,multimodal_concrete_crack_audio,train
dataset/multimodal-concrete-crack-detection-dataset/audio/negative/neg_audio_487.wav,dataset/multimodal-concrete-crack-detection-dataset/image/negative/neg_img_487.jpg,0,normal,multimodal_concrete_crack_audio,test
dataset/multimodal-concrete-crack-detection-dataset/audio/positive/pos_audio_511.wav,dataset/multimodal-concrete-crack-detection-dataset/image/positive/pos_img_511.jpg,1,acoustic_abnormal,multimodal_concrete_crack_audio,train
dataset/multimodal-concrete-crack-detection-dataset/audio/positive/pos_audio_780.wav,dataset/multimodal-concrete-crack-detection-dataset/image/positive/pos_img_780.jpg,1,acoustic_abnormal,multimodal_concrete_crack_audio,train
dataset/multimodal-concrete-crack-detection-dataset/audio/negative/neg_audio_2281.wav,dataset/multimodal-concrete-crack-detection-dataset/image/negative/neg_img_2281.jpg,0,normal,multimodal_concrete_crack_audio,val
dataset/multimodal-concrete-crack-detection-dataset/audio/negative/neg_audio_1647.wav,dataset/multimodal-concrete-crack-detection-dataset/image/negative/neg_img_1647.jpg,0,normal,multimodal_concrete_crack_audio,train
dataset/multimodal-concrete-crack-detection-dataset/audio/negative/neg_audio_522.wav,dataset/multimodal-concrete-crack-detection-dataset/image/negative/neg_img_522.jpg,0,normal,multimodal_concrete_crack_audio,val
dataset/multimodal-concrete-crack-detection-dataset/audio/negative/neg_audio_1451.wav,dataset/multimodal-concrete-crack-detection-dataset/image/negative/neg_img_1451.jpg,0,normal,multimodal_concrete_crack_audio,train
dataset/multimodal-concrete-crack-detection-dataset/audio/negative/neg_audio_1729.wav,dataset/multimodal-concrete-crack-detection-dataset/image/negative/neg_img_1729.jpg,0,normal,multimodal_concrete_crack_audio,train
dataset/multimodal-concrete-crack-detection-dataset/audio/negative/neg_audio_3107.wav,dataset/multimodal-concrete-crack-detection-dataset/image/negative/neg_img_3107.jpg,0,normal,multimodal_concrete_crack_audio,val
dataset/multimodal-concrete-crack-detection-dataset/audio/negative/neg_audio_2168.wav,dataset/multimodal-concrete-crack-detection-dataset/image/negative/neg_img_2168.jpg,0,normal,multimodal_concrete_crack_audio,val
dataset/multimodal-concrete-crack-detection-dataset/audio/negative/neg_audio_2109.wav,dataset/multimodal-concrete-crack-detection-dataset/image/negative/neg_img_2109.jpg,0,normal,multimodal_concrete_crack_audio,train
dataset/multimodal-concrete-crack-detection-dataset/audio/negative/neg_audio_542.wav,dataset/multimodal-concrete-crack-detection-dataset/image/negative/neg_img_542.jpg,0,normal,multimodal_concrete_crack_audio,train
dataset/multimodal-concrete-crack-detection-dataset/audio/negative/neg_audio_299.wav,dataset/multimodal-concrete-crack-detection-dataset/image/negative/neg_img_299.jpg,0,normal,multimodal_concrete_crack_audio,train
dataset/multimodal-concrete-crack-detection-dataset/audio/negative/neg_audio_2866.wav,dataset/multimodal-concrete-crack-detection-dataset/image/negative/neg_img_2866.jpg,0,normal,multimodal_concrete_crack_audio,train
dataset/multimodal-concrete-crack-detection-dataset/audio/negative/neg_audio_2826.wav,dataset/multimodal-concrete-crack-detection-dataset/image/negative/neg_img_2826.jpg,0,normal,multimodal_concrete_crack_audio,train
dataset/multimodal-concrete-crack-detection-dataset/audio/negative/neg_audio_98.wav,dataset/multimodal-concrete-crack-detection-dataset/image/negative/neg_img_98.jpg,0,normal,multimodal_concrete_crack_audio,val
dataset/multimodal-concrete-crack-detection-dataset/audio/positive/pos_audio_764.wav,dataset/multimodal-concrete-crack-detection-dataset/image/positive/pos_img_764.jpg,1,acoustic_abnormal,multimodal_concrete_crack_audio,test
dataset/multimodal-concrete-crack-detection-dataset/audio/positive/pos_audio_362.wav,dataset/multimodal-concrete-crack-detection-dataset/image/positive/pos_img_362.jpg,1,acoustic_abnormal,multimodal_concrete_crack_audio,val
dataset/multimodal-concrete-crack-detection-dataset/audio/negative/neg_audio_517.wav,dataset/multimodal-concrete-crack-detection-dataset/image/negative/neg_img_517.jpg,0,normal,multimodal_concrete_crack_audio,train
dataset/multimodal-concrete-crack-detection-dataset/audio/positive/pos_audio_172.wav,dataset/multimodal-concrete-crack-detection-dataset/image/positive/pos_img_172.jpg,1,acoustic_abnormal,multimodal_concrete_crack_audio,test
dataset/multimodal-concrete-crack-detection-dataset/audio/negative/neg_audio_1924.wav,dataset/multimodal-concrete-crack-detection-dataset/image/negative/neg_img_1924.jpg,0,normal,multimodal_concrete_crack_audio,train
dataset/multimodal-concrete-crack-detection-dataset/audio/negative/neg_audio_2271.wav,dataset/multimodal-concrete-crack-detection-dataset/image/negative/neg_img_2271.jpg,0,normal,multimodal_concrete_crack_audio,train
dataset/multimodal-concrete-crack-detection-dataset/audio/negative/neg_audio_1078.wav,dataset/multimodal-concrete-crack-detection-dataset/image/negative/neg_img_1078.jpg,0,normal,multimodal_concrete_crack_audio,train
dataset/multimodal-concrete-crack-detection-dataset/audio/negative/neg_audio_1714.wav,dataset/multimodal-concrete-crack-detection-dataset/image/negative/neg_img_1714.jpg,0,normal,multimodal_concrete_crack_audio,train
dataset/multimodal-concrete-crack-detection-dataset/audio/negative/neg_audio_494.wav,dataset/multimodal-concrete-crack-detection-dataset/image/negative/neg_img_494.jpg,0,normal,multimodal_concrete_crack_audio,train
dataset/multimodal-concrete-crack-detection-dataset/audio/negative/neg_audio_683.wav,dataset/multimodal-concrete-crack-detection-dataset/image/negative/neg_img_683.jpg,0,normal,multimodal_concrete_crack_audio,train
dataset/multimodal-concrete-crack-detection-dataset/audio/positive/pos_audio_642.wav,dataset/multimodal-concrete-crack-detection-dataset/image/positive/pos_img_642.jpg,1,acoustic_abnormal,multimodal_concrete_crack_audio,test
dataset/multimodal-concrete-crack-detection-dataset/audio/positive/pos_audio_641.wav,dataset/multimodal-concrete-crack-detection-dataset/image/positive/pos_img_641.jpg,1,acoustic_abnormal,multimodal_concrete_crack_audio,train
dataset/multimodal-concrete-crack-detection-dataset/audio/positive/pos_audio_229.wav,dataset/multimodal-concrete-crack-detection-dataset/image/positive/pos_img_229.jpg,1,acoustic_abnormal,multimodal_concrete_crack_audio,train
dataset/multimodal-concrete-crack-detection-dataset/audio/negative/neg_audio_811.wav,dataset/multimodal-concrete-crack-detection-dataset/image/negative/neg_img_811.jpg,0,normal,multimodal_concrete_crack_audio,train
dataset/multimodal-concrete-crack-detection-dataset/audio/negative/neg_audio_2591.wav,dataset/multimodal-concrete-crack-detection-dataset/image/negative/neg_img_2591.jpg,0,normal,multimodal_concrete_crack_audio,train
dataset/multimodal-concrete-crack-detection-dataset/audio/negative/neg_audio_2024.wav,dataset/multimodal-concrete-crack-detection-dataset/image/negative/neg_img_2024.jpg,0,normal,multimodal_concrete_crack_audio,train
dataset/multimodal-concrete-crack-detection-dataset/audio/positive/pos_audio_307.wav,dataset/multimodal-concrete-crack-detection-dataset/image/positive/pos_img_307.jpg,1,acoustic_abnormal,multimodal_concrete_crack_audio,train
dataset/multimodal-concrete-crack-detection-dataset/audio/negative/neg_audio_607.wav,dataset/multimodal-concrete-crack-detection-dataset/image/negative/neg_img_607.jpg,0,normal,multimodal_concrete_crack_audio,train
dataset/multimodal-concrete-crack-detection-dataset/audio/negative/neg_audio_2068.wav,dataset/multimodal-concrete-crack-detection-dataset/image/negative/neg_img_2068.jpg,0,normal,multimodal_concrete_crack_audio,test
dataset/multimodal-concrete-crack-detection-dataset/audio/positive/pos_audio_529.wav,dataset/multimodal-concrete-crack-detection-dataset/image/positive/pos_img_529.jpg,1,acoustic_abnormal,multimodal_concrete_crack_audio,test
dataset/multimodal-concrete-crack-detection-dataset/audio/positive/pos_audio_401.wav,dataset/multimodal-concrete-crack-detection-dataset/image/positive/pos_img_401.jpg,1,acoustic_abnormal,multimodal_concrete_crack_audio,val
dataset/multimodal-concrete-crack-detection-dataset/audio/negative/neg_audio_333.wav,dataset/multimodal-concrete-crack-detection-dataset/image/negative/neg_img_333.jpg,0,normal,multimodal_concrete_crack_audio,train
dataset/multimodal-concrete-crack-detection-dataset/audio/positive/pos_audio_55.wav,dataset/multimodal-concrete-crack-detection-dataset/image/positive/pos_img_55.jpg,1,acoustic_abnormal,multimodal_concrete_crack_audio,test
dataset/multimodal-concrete-crack-detection-dataset/audio/negative/neg_audio_1285.wav,dataset/multimodal-concrete-crack-detection-dataset/image/negative/neg_img_1285.jpg,0,normal,multimodal_concrete_crack_audio,train
dataset/multimodal-concrete-crack-detection-dataset/audio/negative/neg_audio_1399.wav,dataset/multimodal-concrete-crack-detection-dataset/image/negative/neg_img_1399.jpg,0,normal,multimodal_concrete_crack_audio,train
dataset/multimodal-concrete-crack-detection-dataset/audio/negative/neg_audio_1175.wav,dataset/multimodal-concrete-crack-detection-dataset/image/negative/neg_img_1175.jpg,0,normal,multimodal_concrete_crack_audio,val
dataset/multimodal-concrete-crack-detection-dataset/audio/positive/pos_audio_417.wav,dataset/multimodal-concrete-crack-detection-dataset/image/positive/pos_img_417.jpg,1,acoustic_abnormal,multimodal_concrete_crack_audio,test
dataset/multimodal-concrete-crack-detection-dataset/audio/negative/neg_audio_2480.wav,dataset/multimodal-concrete-crack-detection-dataset/image/negative/neg_img_2480.jpg,0,normal,multimodal_concrete_crack_audio,val
dataset/multimodal-concrete-crack-detection-dataset/audio/negative/neg_audio_565.wav,dataset/multimodal-concrete-crack-detection-dataset/image/negative/neg_img_565.jpg,0,normal,multimodal_concrete_crack_audio,val
dataset/multimodal-concrete-crack-detection-dataset/audio/negative/neg_audio_2727.wav,dataset/multimodal-concrete-crack-detection-dataset/image/negative/neg_img_2727.jpg,0,normal,multimodal_concrete_crack_audio,train
dataset/multimodal-concrete-crack-detection-dataset/audio/negative/neg_audio_2395.wav,dataset/multimodal-concrete-crack-detection-dataset/image/negative/neg_img_2395.jpg,0,normal,multimodal_concrete_crack_audio,train
dataset/multimodal-concrete-crack-detection-dataset/audio/negative/neg_audio_2761.wav,dataset/multimodal-concrete-crack-detection-dataset/image/negative/neg_img_2761.jpg,0,normal,multimodal_concrete_crack_audio,train
dataset/multimodal-concrete-crack-detection-dataset/audio/negative/neg_audio_1669.wav,dataset/multimodal-concrete-crack-detection-dataset/image/negative/neg_img_1669.jpg,0,normal,multimodal_concrete_crack_audio,train
dataset/multimodal-concrete-crack-detection-dataset/audio/negative/neg_audio_1003.wav,dataset/multimodal-concrete-crack-detection-dataset/image/negative/neg_img_1003.jpg,0,normal,multimodal_concrete_crack_audio,train
dataset/multimodal-concrete-crack-detection-dataset/audio/negative/neg_audio_2202.wav,dataset/multimodal-concrete-crack-detection-dataset/image/negative/neg_img_2202.jpg,0,normal,multimodal_concrete_crack_audio,train
dataset/multimodal-concrete-crack-detection-dataset/audio/negative/neg_audio_513.wav,dataset/multimodal-concrete-crack-detection-dataset/image/negative/neg_img_513.jpg,0,normal,multimodal_concrete_crack_audio,train
dataset/multimodal-concrete-crack-detection-dataset/audio/negative/neg_audio_2332.wav,dataset/multimodal-concrete-crack-detection-dataset/image/negative/neg_img_2332.jpg,0,normal,multimodal_concrete_crack_audio,train
dataset/multimodal-concrete-crack-detection-dataset/audio/negative/neg_audio_941.wav,dataset/multimodal-concrete-crack-detection-dataset/image/negative/neg_img_941.jpg,0,normal,multimodal_concrete_crack_audio,train
dataset/multimodal-concrete-crack-detection-dataset/audio/negative/neg_audio_1715.wav,dataset/multimodal-concrete-crack-detection-dataset/image/negative/neg_img_1715.jpg,0,normal,multimodal_concrete_crack_audio,train
dataset/multimodal-concrete-crack-detection-dataset/audio/negative/neg_audio_1838.wav,dataset/multimodal-concrete-crack-detection-dataset/image/negative/neg_img_1838.jpg,0,normal,multimodal_concrete_crack_audio,train
dataset/multimodal-concrete-crack-detection-dataset/audio/negative/neg_audio_943.wav,dataset/multimodal-concrete-crack-detection-dataset/image/negative/neg_img_943.jpg,0,normal,multimodal_concrete_crack_audio,train
dataset/multimodal-concrete-crack-detection-dataset/audio/negative/neg_audio_2478.wav,dataset/multimodal-concrete-crack-detection-dataset/image/negative/neg_img_2478.jpg,0,normal,multimodal_concrete_crack_audio,train
dataset/multimodal-concrete-crack-detection-dataset/audio/positive/pos_audio_735.wav,dataset/multimodal-concrete-crack-detection-dataset/image/positive/pos_img_735.jpg,1,acoustic_abnormal,multimodal_concrete_crack_audio,train
dataset/multimodal-concrete-crack-detection-dataset/audio/negative/neg_audio_2676.wav,dataset/multimodal-concrete-crack-detection-dataset/image/negative/neg_img_2676.jpg,0,normal,multimodal_concrete_crack_audio,train
dataset/multimodal-concrete-crack-detection-dataset/audio/negative/neg_audio_1483.wav,dataset/multimodal-concrete-crack-detection-dataset/image/negative/neg_img_1483.jpg,0,normal,multimodal_concrete_crack_audio,train
dataset/multimodal-concrete-crack-detection-dataset/audio/positive/pos_audio_223.wav,dataset/multimodal-concrete-crack-detection-dataset/image/positive/pos_img_223.jpg,1,acoustic_abnormal,multimodal_concrete_crack_audio,train
dataset/multimodal-concrete-crack-detection-dataset/audio/positive/pos_audio_431.wav,dataset/multimodal-concrete-crack-detection-dataset/image/positive/pos_img_431.jpg,1,acoustic_abnormal,multimodal_concrete_crack_audio,val
dataset/multimodal-concrete-crack-detection-dataset/audio/negative/neg_audio_2295.wav,dataset/multimodal-concrete-crack-detection-dataset/image/negative/neg_img_2295.jpg,0,normal,multimodal_concrete_crack_audio,train
dataset/multimodal-concrete-crack-detection-dataset/audio/positive/pos_audio_332.wav,dataset/multimodal-concrete-crack-detection-dataset/image/positive/pos_img_332.jpg,1,acoustic_abnormal,multimodal_concrete_crack_audio,train
dataset/multimodal-concrete-crack-detection-dataset/audio/negative/neg_audio_326.wav,dataset/multimodal-concrete-crack-detection-dataset/image/negative/neg_img_326.jpg,0,normal,multimodal_concrete_crack_audio,train
dataset/multimodal-concrete-crack-detection-dataset/audio/negative/neg_audio_2916.wav,dataset/multimodal-concrete-crack-detection-dataset/image/negative/neg_img_2916.jpg,0,normal,multimodal_concrete_crack_audio,train
dataset/multimodal-concrete-crack-detection-dataset/audio/negative/neg_audio_1679.wav,dataset/multimodal-concrete-crack-detection-dataset/image/negative/neg_img_1679.jpg,0,normal,multimodal_concrete_crack_audio,train
dataset/multimodal-concrete-crack-detection-dataset/audio/negative/neg_audio_1822.wav,dataset/multimodal-concrete-crack-detection-dataset/image/negative/neg_img_1822.jpg,0,normal,multimodal_concrete_crack_audio,train
dataset/multimodal-concrete-crack-detection-dataset/audio/negative/neg_audio_987.wav,dataset/multimodal-concrete-crack-detection-dataset/image/negative/neg_img_987.jpg,0,normal,multimodal_concrete_crack_audio,test
dataset/multimodal-concrete-crack-detection-dataset/audio/negative/neg_audio_2838.wav,dataset/multimodal-concrete-crack-detection-dataset/image/negative/neg_img_2838.jpg,0,normal,multimodal_concrete_crack_audio,val
dataset/multimodal-concrete-crack-detection-dataset/audio/negative/neg_audio_472.wav,dataset/multimodal-concrete-crack-detection-dataset/image/negative/neg_img_472.jpg,0,normal,multimodal_concrete_crack_audio,train
dataset/multimodal-concrete-crack-detection-dataset/audio/negative/neg_audio_1289.wav,dataset/multimodal-concrete-crack-detection-dataset/image/negative/neg_img_1289.jpg,0,normal,multimodal_concrete_crack_audio,train
dataset/multimodal-concrete-crack-detection-dataset/audio/negative/neg_audio_1867.wav,dataset/multimodal-concrete-crack-detection-dataset/image/negative/neg_img_1867.jpg,0,normal,multimodal_concrete_crack_audio,train
dataset/multimodal-concrete-crack-detection-dataset/audio/negative/neg_audio_945.wav,dataset/multimodal-concrete-crack-detection-dataset/image/negative/neg_img_945.jpg,0,normal,multimodal_concrete_crack_audio,train
dataset/multimodal-concrete-crack-detection-dataset/audio/negative/neg_audio_1482.wav,dataset/multimodal-concrete-crack-detection-dataset/image/negative/neg_img_1482.jpg,0,normal,multimodal_concrete_crack_audio,train
dataset/multimodal-concrete-crack-detection-dataset/audio/negative/neg_audio_995.wav,dataset/multimodal-concrete-crack-detection-dataset/image/negative/neg_img_995.jpg,0,normal,multimodal_concrete_crack_audio,train
dataset/multimodal-concrete-crack-detection-dataset/audio/negative/neg_audio_1346.wav,dataset/multimodal-concrete-crack-detection-dataset/image/negative/neg_img_1346.jpg,0,normal,multimodal_concrete_crack_audio,train
dataset/multimodal-concrete-crack-detection-dataset/audio/negative/neg_audio_999.wav,dataset/multimodal-concrete-crack-detection-dataset/image/negative/neg_img_999.jpg,0,normal,multimodal_concrete_crack_audio,train
dataset/multimodal-concrete-crack-detection-dataset/audio/negative/neg_audio_1200.wav,dataset/multimodal-concrete-crack-detection-dataset/image/negative/neg_img_1200.jpg,0,normal,multimodal_concrete_crack_audio,train
dataset/multimodal-concrete-crack-detection-dataset/audio/positive/pos_audio_151.wav,dataset/multimodal-concrete-crack-detection-dataset/image/positive/pos_img_151.jpg,1,acoustic_abnormal,multimodal_concrete_crack_audio,train
dataset/multimodal-concrete-crack-detection-dataset/audio/negative/neg_audio_798.wav,dataset/multimodal-concrete-crack-detection-dataset/image/negative/neg_img_798.jpg,0,normal,multimodal_concrete_crack_audio,test
dataset/multimodal-concrete-crack-detection-dataset/audio/negative/neg_audio_1102.wav,dataset/multimodal-concrete-crack-detection-dataset/image/negative/neg_img_1102.jpg,0,normal,multimodal_concrete_crack_audio,train
dataset/multimodal-concrete-crack-detection-dataset/audio/negative/neg_audio_1298.wav,dataset/multimodal-concrete-crack-detection-dataset/image/negative/neg_img_1298.jpg,0,normal,multimodal_concrete_crack_audio,val
dataset/multimodal-concrete-crack-detection-dataset/audio/negative/neg_audio_1806.wav,dataset/multimodal-concrete-crack-detection-dataset/image/negative/neg_img_1806.jpg,0,normal,multimodal_concrete_crack_audio,train
dataset/multimodal-concrete-crack-detection-dataset/audio/negative/neg_audio_2131.wav,dataset/multimodal-concrete-crack-detection-dataset/image/negative/neg_img_2131.jpg,0,normal,multimodal_concrete_crack_audio,train
dataset/multimodal-concrete-crack-detection-dataset/audio/negative/neg_audio_2148.wav,dataset/multimodal-concrete-crack-detection-dataset/image/negative/neg_img_2148.jpg,0,normal,multimodal_concrete_crack_audio,train
dataset/multimodal-concrete-crack-detection-dataset/audio/negative/neg_audio_3073.wav,dataset/multimodal-concrete-crack-detection-dataset/image/negative/neg_img_3073.jpg,0,normal,multimodal_concrete_crack_audio,train
dataset/multimodal-concrete-crack-detection-dataset/audio/negative/neg_audio_1934.wav,dataset/multimodal-concrete-crack-detection-dataset/image/negative/neg_img_1934.jpg,0,normal,multimodal_concrete_crack_audio,train
dataset/multimodal-concrete-crack-detection-dataset/audio/negative/neg_audio_2978.wav,dataset/multimodal-concrete-crack-detection-dataset/image/negative/neg_img_2978.jpg,0,normal,multimodal_concrete_crack_audio,train
dataset/multimodal-concrete-crack-detection-dataset/audio/positive/pos_audio_168.wav,dataset/multimodal-concrete-crack-detection-dataset/image/positive/pos_img_168.jpg,1,acoustic_abnormal,multimodal_concrete_crack_audio,train
dataset/multimodal-concrete-crack-detection-dataset/audio/negative/neg_audio_2161.wav,dataset/multimodal-concrete-crack-detection-dataset/image/negative/neg_img_2161.jpg,0,normal,multimodal_concrete_crack_audio,val
dataset/multimodal-concrete-crack-detection-dataset/audio/negative/neg_audio_496.wav,dataset/multimodal-concrete-crack-detection-dataset/image/negative/neg_img_496.jpg,0,normal,multimodal_concrete_crack_audio,test
dataset/multimodal-concrete-crack-detection-dataset/audio/negative/neg_audio_2207.wav,dataset/multimodal-concrete-crack-detection-dataset/image/negative/neg_img_2207.jpg,0,normal,multimodal_concrete_crack_audio,train
dataset/multimodal-concrete-crack-detection-dataset/audio/negative/neg_audio_1712.wav,dataset/multimodal-concrete-crack-detection-dataset/image/negative/neg_img_1712.jpg,0,normal,multimodal_concrete_crack_audio,val
dataset/multimodal-concrete-crack-detection-dataset/audio/negative/neg_audio_2245.wav,dataset/multimodal-concrete-crack-detection-dataset/image/negative/neg_img_2245.jpg,0,normal,multimodal_concrete_crack_audio,val
dataset/multimodal-concrete-crack-detection-dataset/audio/positive/pos_audio_464.wav,dataset/multimodal-concrete-crack-detection-dataset/image/positive/pos_img_464.jpg,1,acoustic_abnormal,multimodal_concrete_crack_audio,train
dataset/multimodal-concrete-crack-detection-dataset/audio/negative/neg_audio_2352.wav,dataset/multimodal-concrete-crack-detection-dataset/image/negative/neg_img_2352.jpg,0,normal,multimodal_concrete_crack_audio,train
dataset/multimodal-concrete-crack-detection-dataset/audio/negative/neg_audio_3191.wav,dataset/multimodal-concrete-crack-detection-dataset/image/negative/neg_img_3191.jpg,0,normal,multimodal_concrete_crack_audio,train
dataset/multimodal-concrete-crack-detection-dataset/audio/negative/neg_audio_2315.wav,dataset/multimodal-concrete-crack-detection-dataset/image/negative/neg_img_2315.jpg,0,normal,multimodal_concrete_crack_audio,train
dataset/multimodal-concrete-crack-detection-dataset/audio/negative/neg_audio_3142.wav,dataset/multimodal-concrete-crack-detection-dataset/image/negative/neg_img_3142.jpg,0,normal,multimodal_concrete_crack_audio,train
dataset/multimodal-concrete-crack-detection-dataset/audio/negative/neg_audio_316.wav,dataset/multimodal-concrete-crack-detection-dataset/image/negative/neg_img_316.jpg,0,normal,multimodal_concrete_crack_audio,train
dataset/multimodal-concrete-crack-detection-dataset/audio/negative/neg_audio_3182.wav,dataset/multimodal-concrete-crack-detection-dataset/image/negative/neg_img_3182.jpg,0,normal,multimodal_concrete_crack_audio,test
dataset/multimodal-concrete-crack-detection-dataset/audio/negative/neg_audio_2659.wav,dataset/multimodal-concrete-crack-detection-dataset/image/negative/neg_img_2659.jpg,0,normal,multimodal_concrete_crack_audio,train
dataset/multimodal-concrete-crack-detection-dataset/audio/negative/neg_audio_1560.wav,dataset/multimodal-concrete-crack-detection-dataset/image/negative/neg_img_1560.jpg,0,normal,multimodal_concrete_crack_audio,train
dataset/multimodal-concrete-crack-detection-dataset/audio/negative/neg_audio_2964.wav,dataset/multimodal-concrete-crack-detection-dataset/image/negative/neg_img_2964.jpg,0,normal,multimodal_concrete_crack_audio,train
dataset/multimodal-concrete-crack-detection-dataset/audio/positive/pos_audio_359.wav,dataset/multimodal-concrete-crack-detection-dataset/image/positive/pos_img_359.jpg,1,acoustic_abnormal,multimodal_concrete_crack_audio,test
dataset/multimodal-concrete-crack-detection-dataset/audio/negative/neg_audio_133.wav,dataset/multimodal-concrete-crack-detection-dataset/image/negative/neg_img_133.jpg,0,normal,multimodal_concrete_crack_audio,train
dataset/multimodal-concrete-crack-detection-dataset/audio/negative/neg_audio_2386.wav,dataset/multimodal-concrete-crack-detection-dataset/image/negative/neg_img_2386.jpg,0,normal,multimodal_concrete_crack_audio,train
dataset/multimodal-concrete-crack-detection-dataset/audio/negative/neg_audio_1551.wav,dataset/multimodal-concrete-crack-detection-dataset/image/negative/neg_img_1551.jpg,0,normal,multimodal_concrete_crack_audio,train
dataset/multimodal-concrete-crack-detection-dataset/audio/negative/neg_audio_880.wav,dataset/multimodal-concrete-crack-detection-dataset/image/negative/neg_img_880.jpg,0,normal,multimodal_concrete_crack_audio,train
dataset/multimodal-concrete-crack-detection-dataset/audio/negative/neg_audio_1409.wav,dataset/multimodal-concrete-crack-detection-dataset/image/negative/neg_img_1409.jpg,0,normal,multimodal_concrete_crack_audio,train
dataset/multimodal-concrete-crack-detection-dataset/audio/negative/neg_audio_2919.wav,dataset/multimodal-concrete-crack-detection-dataset/image/negative/neg_img_2919.jpg,0,normal,multimodal_concrete_crack_audio,train
dataset/multimodal-concrete-crack-detection-dataset/audio/negative/neg_audio_2381.wav,dataset/multimodal-concrete-crack-detection-dataset/image/negative/neg_img_2381.jpg,0,normal,multimodal_concrete_crack_audio,test
dataset/multimodal-concrete-crack-detection-dataset/audio/negative/neg_audio_2081.wav,dataset/multimodal-concrete-crack-detection-dataset/image/negative/neg_img_2081.jpg,0,normal,multimodal_concrete_crack_audio,train
dataset/multimodal-concrete-crack-detection-dataset/audio/negative/neg_audio_2931.wav,dataset/multimodal-concrete-crack-detection-dataset/image/negative/neg_img_2931.jpg,0,normal,multimodal_concrete_crack_audio,train
dataset/multimodal-concrete-crack-detection-dataset/audio/positive/pos_audio_473.wav,dataset/multimodal-concrete-crack-detection-dataset/image/positive/pos_img_473.jpg,1,acoustic_abnormal,multimodal_concrete_crack_audio,val
dataset/multimodal-concrete-crack-detection-dataset/audio/negative/neg_audio_1282.wav,dataset/multimodal-concrete-crack-detection-dataset/image/negative/neg_img_1282.jpg,0,normal,multimodal_concrete_crack_audio,train
dataset/multimodal-concrete-crack-detection-dataset/audio/negative/neg_audio_866.wav,dataset/multimodal-concrete-crack-detection-dataset/image/negative/neg_img_866.jpg,0,normal,multimodal_concrete_crack_audio,train
dataset/multimodal-concrete-crack-detection-dataset/audio/negative/neg_audio_2494.wav,dataset/multimodal-concrete-crack-detection-dataset/image/negative/neg_img_2494.jpg,0,normal,multimodal_concrete_crack_audio,test
dataset/multimodal-concrete-crack-detection-dataset/audio/positive/pos_audio_281.wav,dataset/multimodal-concrete-crack-detection-dataset/image/positive/pos_img_281.jpg,1,acoustic_abnormal,multimodal_concrete_crack_audio,test
dataset/multimodal-concrete-crack-detection-dataset/audio/negative/neg_audio_104.wav,dataset/multimodal-concrete-crack-detection-dataset/image/negative/neg_img_104.jpg,0,normal,multimodal_concrete_crack_audio,train
dataset/multimodal-concrete-crack-detection-dataset/audio/negative/neg_audio_2421.wav,dataset/multimodal-concrete-crack-detection-dataset/image/negative/neg_img_2421.jpg,0,normal,multimodal_concrete_crack_audio,train
dataset/multimodal-concrete-crack-detection-dataset/audio/negative/neg_audio_614.wav,dataset/multimodal-concrete-crack-detection-dataset/image/negative/neg_img_614.jpg,0,normal,multimodal_concrete_crack_audio,train
dataset/multimodal-concrete-crack-detection-dataset/audio/positive/pos_audio_602.wav,dataset/multimodal-concrete-crack-detection-dataset/image/positive/pos_img_602.jpg,1,acoustic_abnormal,multimodal_concrete_crack_audio,train
dataset/multimodal-concrete-crack-detection-dataset/audio/negative/neg_audio_182.wav,dataset/multimodal-concrete-crack-detection-dataset/image/negative/neg_img_182.jpg,0,normal,multimodal_concrete_crack_audio,test
dataset/multimodal-concrete-crack-detection-dataset/audio/negative/neg_audio_1508.wav,dataset/multimodal-concrete-crack-detection-dataset/image/negative/neg_img_1508.jpg,0,normal,multimodal_concrete_crack_audio,train
dataset/multimodal-concrete-crack-detection-dataset/audio/negative/neg_audio_656.wav,dataset/multimodal-concrete-crack-detection-dataset/image/negative/neg_img_656.jpg,0,normal,multimodal_concrete_crack_audio,train
dataset/multimodal-concrete-crack-detection-dataset/audio/negative/neg_audio_127.wav,dataset/multimodal-concrete-crack-detection-dataset/image/negative/neg_img_127.jpg,0,normal,multimodal_concrete_crack_audio,test
dataset/multimodal-concrete-crack-detection-dataset/audio/negative/neg_audio_3185.wav,dataset/multimodal-concrete-crack-detection-dataset/image/negative/neg_img_3185.jpg,0,normal,multimodal_concrete_crack_audio,train
dataset/multimodal-concrete-crack-detection-dataset/audio/negative/neg_audio_1204.wav,dataset/multimodal-concrete-crack-detection-dataset/image/negative/neg_img_1204.jpg,0,normal,multimodal_concrete_crack_audio,train
dataset/multimodal-concrete-crack-detection-dataset/audio/negative/neg_audio_1927.wav,dataset/multimodal-concrete-crack-detection-dataset/image/negative/neg_img_1927.jpg,0,normal,multimodal_concrete_crack_audio,train
dataset/multimodal-concrete-crack-detection-dataset/audio/negative/neg_audio_1534.wav,dataset/multimodal-concrete-crack-detection-dataset/image/negative/neg_img_1534.jpg,0,normal,multimodal_concrete_crack_audio,train
dataset/multimodal-concrete-crack-detection-dataset/audio/negative/neg_audio_2670.wav,dataset/multimodal-concrete-crack-detection-dataset/image/negative/neg_img_2670.jpg,0,normal,multimodal_concrete_crack_audio,val
dataset/multimodal-concrete-crack-detection-dataset/audio/positive/pos_audio_208.wav,dataset/multimodal-concrete-crack-detection-dataset/image/positive/pos_img_208.jpg,1,acoustic_abnormal,multimodal_concrete_crack_audio,train
dataset/multimodal-concrete-crack-detection-dataset/audio/negative/neg_audio_1372.wav,dataset/multimodal-concrete-crack-detection-dataset/image/negative/neg_img_1372.jpg,0,normal,multimodal_concrete_crack_audio,val
dataset/multimodal-concrete-crack-detection-dataset/audio/negative/neg_audio_1475.wav,dataset/multimodal-concrete-crack-detection-dataset/image/negative/neg_img_1475.jpg,0,normal,multimodal_concrete_crack_audio,val
dataset/multimodal-concrete-crack-detection-dataset/audio/negative/neg_audio_2486.wav,dataset/multimodal-concrete-crack-detection-dataset/image/negative/neg_img_2486.jpg,0,normal,multimodal_concrete_crack_audio,train
dataset/multimodal-concrete-crack-detection-dataset/audio/negative/neg_audio_1337.wav,dataset/multimodal-concrete-crack-detection-dataset/image/negative/neg_img_1337.jpg,0,normal,multimodal_concrete_crack_audio,val
dataset/multimodal-concrete-crack-detection-dataset/audio/negative/neg_audio_101.wav,dataset/multimodal-concrete-crack-detection-dataset/image/negative/neg_img_101.jpg,0,normal,multimodal_concrete_crack_audio,train
dataset/multimodal-concrete-crack-detection-dataset/audio/negative/neg_audio_586.wav,dataset/multimodal-concrete-crack-detection-dataset/image/negative/neg_img_586.jpg,0,normal,multimodal_concrete_crack_audio,train
dataset/multimodal-concrete-crack-detection-dataset/audio/positive/pos_audio_638.wav,dataset/multimodal-concrete-crack-detection-dataset/image/positive/pos_img_638.jpg,1,acoustic_abnormal,multimodal_concrete_crack_audio,train
dataset/multimodal-concrete-crack-detection-dataset/audio/negative/neg_audio_1746.wav,dataset/multimodal-concrete-crack-detection-dataset/image/negative/neg_img_1746.jpg,0,normal,multimodal_concrete_crack_audio,train
dataset/multimodal-concrete-crack-detection-dataset/audio/negative/neg_audio_2629.wav,dataset/multimodal-concrete-crack-detection-dataset/image/negative/neg_img_2629.jpg,0,normal,multimodal_concrete_crack_audio,val
dataset/multimodal-concrete-crack-detection-dataset/audio/negative/neg_audio_292.wav,dataset/multimodal-concrete-crack-detection-dataset/image/negative/neg_img_292.jpg,0,normal,multimodal_concrete_crack_audio,val
dataset/multimodal-concrete-crack-detection-dataset/audio/negative/neg_audio_1703.wav,dataset/multimodal-concrete-crack-detection-dataset/image/negative/neg_img_1703.jpg,0,normal,multimodal_concrete_crack_audio,train
dataset/multimodal-concrete-crack-detection-dataset/audio/positive/pos_audio_656.wav,dataset/multimodal-concrete-crack-detection-dataset/image/positive/pos_img_656.jpg,1,acoustic_abnormal,multimodal_concrete_crack_audio,train
dataset/multimodal-concrete-crack-detection-dataset/audio/negative/neg_audio_1521.wav,dataset/multimodal-concrete-crack-detection-dataset/image/negative/neg_img_1521.jpg,0,normal,multimodal_concrete_crack_audio,train
dataset/multimodal-concrete-crack-detection-dataset/audio/positive/pos_audio_194.wav,dataset/multimodal-concrete-crack-detection-dataset/image/positive/pos_img_194.jpg,1,acoustic_abnormal,multimodal_concrete_crack_audio,val
dataset/multimodal-concrete-crack-detection-dataset/audio/negative/neg_audio_1334.wav,dataset/multimodal-concrete-crack-detection-dataset/image/negative/neg_img_1334.jpg,0,normal,multimodal_concrete_crack_audio,train
dataset/multimodal-concrete-crack-detection-dataset/audio/negative/neg_audio_835.wav,dataset/multimodal-concrete-crack-detection-dataset/image/negative/neg_img_835.jpg,0,normal,multimodal_concrete_crack_audio,train
dataset/multimodal-concrete-crack-detection-dataset/audio/negative/neg_audio_970.wav,dataset/multimodal-concrete-crack-detection-dataset/image/negative/neg_img_970.jpg,0,normal,multimodal_concrete_crack_audio,val
dataset/multimodal-concrete-crack-detection-dataset/audio/negative/neg_audio_2998.wav,dataset/multimodal-concrete-crack-detection-dataset/image/negative/neg_img_2998.jpg,0,normal,multimodal_concrete_crack_audio,train
dataset/multimodal-concrete-crack-detection-dataset/audio/negative/neg_audio_2093.wav,dataset/multimodal-concrete-crack-detection-dataset/image/negative/neg_img_2093.jpg,0,normal,multimodal_concrete_crack_audio,train
dataset/multimodal-concrete-crack-detection-dataset/audio/negative/neg_audio_463.wav,dataset/multimodal-concrete-crack-detection-dataset/image/negative/neg_img_463.jpg,0,normal,multimodal_concrete_crack_audio,test
dataset/multimodal-concrete-crack-detection-dataset/audio/positive/pos_audio_40.wav,dataset/multimodal-concrete-crack-detection-dataset/image/positive/pos_img_40.jpg,1,acoustic_abnormal,multimodal_concrete_crack_audio,train
dataset/multimodal-concrete-crack-detection-dataset/audio/positive/pos_audio_305.wav,dataset/multimodal-concrete-crack-detection-dataset/image/positive/pos_img_305.jpg,1,acoustic_abnormal,multimodal_concrete_crack_audio,train
dataset/multimodal-concrete-crack-detection-dataset/audio/negative/neg_audio_317.wav,dataset/multimodal-concrete-crack-detection-dataset/image/negative/neg_img_317.jpg,0,normal,multimodal_concrete_crack_audio,train
dataset/multimodal-concrete-crack-detection-dataset/audio/negative/neg_audio_3109.wav,dataset/multimodal-concrete-crack-detection-dataset/image/negative/neg_img_3109.jpg,0,normal,multimodal_concrete_crack_audio,train
dataset/multimodal-concrete-crack-detection-dataset/audio/positive/pos_audio_23.wav,dataset/multimodal-concrete-crack-detection-dataset/image/positive/pos_img_23.jpg,1,acoustic_abnormal,multimodal_concrete_crack_audio,train
dataset/multimodal-concrete-crack-detection-dataset/audio/negative/neg_audio_961.wav,dataset/multimodal-concrete-crack-detection-dataset/image/negative/neg_img_961.jpg,0,normal,multimodal_concrete_crack_audio,train
dataset/multimodal-concrete-crack-detection-dataset/audio/negative/neg_audio_2459.wav,dataset/multimodal-concrete-crack-detection-dataset/image/negative/neg_img_2459.jpg,0,normal,multimodal_concrete_crack_audio,train
dataset/multimodal-concrete-crack-detection-dataset/audio/negative/neg_audio_183.wav,dataset/multimodal-concrete-crack-detection-dataset/image/negative/neg_img_183.jpg,0,normal,multimodal_concrete_crack_audio,train
dataset/multimodal-concrete-crack-detection-dataset/audio/negative/neg_audio_2942.wav,dataset/multimodal-concrete-crack-detection-dataset/image/negative/neg_img_2942.jpg,0,normal,multimodal_concrete_crack_audio,train
dataset/multimodal-concrete-crack-detection-dataset/audio/negative/neg_audio_2213.wav,dataset/multimodal-concrete-crack-detection-dataset/image/negative/neg_img_2213.jpg,0,normal,multimodal_concrete_crack_audio,train
dataset/multimodal-concrete-crack-detection-dataset/audio/negative/neg_audio_1447.wav,dataset/multimodal-concrete-crack-detection-dataset/image/negative/neg_img_1447.jpg,0,normal,multimodal_concrete_crack_audio,train
dataset/multimodal-concrete-crack-detection-dataset/audio/negative/neg_audio_2778.wav,dataset/multimodal-concrete-crack-detection-dataset/image/negative/neg_img_2778.jpg,0,normal,multimodal_concrete_crack_audio,val
dataset/multimodal-concrete-crack-detection-dataset/audio/negative/neg_audio_66.wav,dataset/multimodal-concrete-crack-detection-dataset/image/negative/neg_img_66.jpg,0,normal,multimodal_concrete_crack_audio,train
dataset/multimodal-concrete-crack-detection-dataset/audio/positive/pos_audio_756.wav,dataset/multimodal-concrete-crack-detection-dataset/image/positive/pos_img_756.jpg,1,acoustic_abnormal,multimodal_concrete_crack_audio,train
dataset/multimodal-concrete-crack-detection-dataset/audio/positive/pos_audio_345.wav,dataset/multimodal-concrete-crack-detection-dataset/image/positive/pos_img_345.jpg,1,acoustic_abnormal,multimodal_concrete_crack_audio,train
dataset/multimodal-concrete-crack-detection-dataset/audio/negative/neg_audio_2926.wav,dataset/multimodal-concrete-crack-detection-dataset/image/negative/neg_img_2926.jpg,0,normal,multimodal_concrete_crack_audio,train
dataset/multimodal-concrete-crack-detection-dataset/audio/positive/pos_audio_478.wav,dataset/multimodal-concrete-crack-detection-dataset/image/positive/pos_img_478.jpg,1,acoustic_abnormal,multimodal_concrete_crack_audio,val
dataset/multimodal-concrete-crack-detection-dataset/audio/negative/neg_audio_933.wav,dataset/multimodal-concrete-crack-detection-dataset/image/negative/neg_img_933.jpg,0,normal,multimodal_concrete_crack_audio,train
dataset/multimodal-concrete-crack-detection-dataset/audio/negative/neg_audio_2938.wav,dataset/multimodal-concrete-crack-detection-dataset/image/negative/neg_img_2938.jpg,0,normal,multimodal_concrete_crack_audio,train
dataset/multimodal-concrete-crack-detection-dataset/audio/negative/neg_audio_3108.wav,dataset/multimodal-concrete-crack-detection-dataset/image/negative/neg_img_3108.jpg,0,normal,multimodal_concrete_crack_audio,train
dataset/multimodal-concrete-crack-detection-dataset/audio/negative/neg_audio_171.wav,dataset/multimodal-concrete-crack-detection-dataset/image/negative/neg_img_171.jpg,0,normal,multimodal_concrete_crack_audio,train
dataset/multimodal-concrete-crack-detection-dataset/audio/negative/neg_audio_1299.wav,dataset/multimodal-concrete-crack-detection-dataset/image/negative/neg_img_1299.jpg,0,normal,multimodal_concrete_crack_audio,test
dataset/multimodal-concrete-crack-detection-dataset/audio/negative/neg_audio_2375.wav,dataset/multimodal-concrete-crack-detection-dataset/image/negative/neg_img_2375.jpg,0,normal,multimodal_concrete_crack_audio,test
dataset/multimodal-concrete-crack-detection-dataset/audio/negative/neg_audio_3166.wav,dataset/multimodal-concrete-crack-detection-dataset/image/negative/neg_img_3166.jpg,0,normal,multimodal_concrete_crack_audio,train
dataset/multimodal-concrete-crack-detection-dataset/audio/negative/neg_audio_2075.wav,dataset/multimodal-concrete-crack-detection-dataset/image/negative/neg_img_2075.jpg,0,normal,multimodal_concrete_crack_audio,train
dataset/multimodal-concrete-crack-detection-dataset/audio/negative/neg_audio_2803.wav,dataset/multimodal-concrete-crack-detection-dataset/image/negative/neg_img_2803.jpg,0,normal,multimodal_concrete_crack_audio,test
dataset/multimodal-concrete-crack-detection-dataset/audio/negative/neg_audio_754.wav,dataset/multimodal-concrete-crack-detection-dataset/image/negative/neg_img_754.jpg,0,normal,multimodal_concrete_crack_audio,val
dataset/multimodal-concrete-crack-detection-dataset/audio/negative/neg_audio_157.wav,dataset/multimodal-concrete-crack-detection-dataset/image/negative/neg_img_157.jpg,0,normal,multimodal_concrete_crack_audio,train
dataset/multimodal-concrete-crack-detection-dataset/audio/negative/neg_audio_2681.wav,dataset/multimodal-concrete-crack-detection-dataset/image/negative/neg_img_2681.jpg,0,normal,multimodal_concrete_crack_audio,train
dataset/multimodal-concrete-crack-detection-dataset/audio/positive/pos_audio_259.wav,dataset/multimodal-concrete-crack-detection-dataset/image/positive/pos_img_259.jpg,1,acoustic_abnormal,multimodal_concrete_crack_audio,test
dataset/multimodal-concrete-crack-detection-dataset/audio/negative/neg_audio_953.wav,dataset/multimodal-concrete-crack-detection-dataset/image/negative/neg_img_953.jpg,0,normal,multimodal_concrete_crack_audio,train
dataset/multimodal-concrete-crack-detection-dataset/audio/negative/neg_audio_203.wav,dataset/multimodal-concrete-crack-detection-dataset/image/negative/neg_img_203.jpg,0,normal,multimodal_concrete_crack_audio,train
dataset/multimodal-concrete-crack-detection-dataset/audio/positive/pos_audio_331.wav,dataset/multimodal-concrete-crack-detection-dataset/image/positive/pos_img_331.jpg,1,acoustic_abnormal,multimodal_concrete_crack_audio,test
dataset/multimodal-concrete-crack-detection-dataset/audio/negative/neg_audio_2531.wav,dataset/multimodal-concrete-crack-detection-dataset/image/negative/neg_img_2531.jpg,0,normal,multimodal_concrete_crack_audio,train
dataset/multimodal-concrete-crack-detection-dataset/audio/negative/neg_audio_601.wav,dataset/multimodal-concrete-crack-detection-dataset/image/negative/neg_img_601.jpg,0,normal,multimodal_concrete_crack_audio,train
dataset/multimodal-concrete-crack-detection-dataset/audio/positive/pos_audio_335.wav,dataset/multimodal-concrete-crack-detection-dataset/image/positive/pos_img_335.jpg,1,acoustic_abnormal,multimodal_concrete_crack_audio,train
dataset/multimodal-concrete-crack-detection-dataset/audio/negative/neg_audio_2581.wav,dataset/multimodal-concrete-crack-detection-dataset/image/negative/neg_img_2581.jpg,0,normal,multimodal_concrete_crack_audio,train
dataset/multimodal-concrete-crack-detection-dataset/audio/negative/neg_audio_931.wav,dataset/multimodal-concrete-crack-detection-dataset/image/negative/neg_img_931.jpg,0,normal,multimodal_concrete_crack_audio,test
dataset/multimodal-concrete-crack-detection-dataset/audio/positive/pos_audio_517.wav,dataset/multimodal-concrete-crack-detection-dataset/image/positive/pos_img_517.jpg,1,acoustic_abnormal,multimodal_concrete_crack_audio,train
dataset/multimodal-concrete-crack-detection-dataset/audio/positive/pos_audio_6.wav,dataset/multimodal-concrete-crack-detection-dataset/image/positive/pos_img_6.jpg,1,acoustic_abnormal,multimodal_concrete_crack_audio,val
dataset/multimodal-concrete-crack-detection-dataset/audio/negative/neg_audio_1063.wav,dataset/multimodal-concrete-crack-detection-dataset/image/negative/neg_img_1063.jpg,0,normal,multimodal_concrete_crack_audio,train
dataset/multimodal-concrete-crack-detection-dataset/audio/positive/pos_audio_682.wav,dataset/multimodal-concrete-crack-detection-dataset/image/positive/pos_img_682.jpg,1,acoustic_abnormal,multimodal_concrete_crack_audio,val
dataset/multimodal-concrete-crack-detection-dataset/audio/negative/neg_audio_1056.wav,dataset/multimodal-concrete-crack-detection-dataset/image/negative/neg_img_1056.jpg,0,normal,multimodal_concrete_crack_audio,val
dataset/multimodal-concrete-crack-detection-dataset/audio/negative/neg_audio_736.wav,dataset/multimodal-concrete-crack-detection-dataset/image/negative/neg_img_736.jpg,0,normal,multimodal_concrete_crack_audio,train
dataset/multimodal-concrete-crack-detection-dataset/audio/negative/neg_audio_1804.wav,dataset/multimodal-concrete-crack-detection-dataset/image/negative/neg_img_1804.jpg,0,normal,multimodal_concrete_crack_audio,train
dataset/multimodal-concrete-crack-detection-dataset/audio/negative/neg_audio_262.wav,dataset/multimodal-concrete-crack-detection-dataset/image/negative/neg_img_262.jpg,0,normal,multimodal_concrete_crack_audio,train
dataset/multimodal-concrete-crack-detection-dataset/audio/positive/pos_audio_24.wav,dataset/multimodal-concrete-crack-detection-dataset/image/positive/pos_img_24.jpg,1,acoustic_abnormal,multimodal_concrete_crack_audio,val
dataset/multimodal-concrete-crack-detection-dataset/audio/negative/neg_audio_3200.wav,dataset/multimodal-concrete-crack-detection-dataset/image/negative/neg_img_3200.jpg,0,normal,multimodal_concrete_crack_audio,train
dataset/multimodal-concrete-crack-detection-dataset/audio/negative/neg_audio_2499.wav,dataset/multimodal-concrete-crack-detection-dataset/image/negative/neg_img_2499.jpg,0,normal,multimodal_concrete_crack_audio,train
dataset/multimodal-concrete-crack-detection-dataset/audio/negative/neg_audio_1132.wav,dataset/multimodal-concrete-crack-detection-dataset/image/negative/neg_img_1132.jpg,0,normal,multimodal_concrete_crack_audio,train
dataset/multimodal-concrete-crack-detection-dataset/audio/negative/neg_audio_325.wav,dataset/multimodal-concrete-crack-detection-dataset/image/negative/neg_img_325.jpg,0,normal,multimodal_concrete_crack_audio,train
dataset/multimodal-concrete-crack-detection-dataset/audio/positive/pos_audio_678.wav,dataset/multimodal-concrete-crack-detection-dataset/image/positive/pos_img_678.jpg,1,acoustic_abnormal,multimodal_concrete_crack_audio,train
dataset/multimodal-concrete-crack-detection-dataset/audio/negative/neg_audio_239.wav,dataset/multimodal-concrete-crack-detection-dataset/image/negative/neg_img_239.jpg,0,normal,multimodal_concrete_crack_audio,train
dataset/multimodal-concrete-crack-detection-dataset/audio/negative/neg_audio_1673.wav,dataset/multimodal-concrete-crack-detection-dataset/image/negative/neg_img_1673.jpg,0,normal,multimodal_concrete_crack_audio,train
dataset/multimodal-concrete-crack-detection-dataset/audio/negative/neg_audio_892.wav,dataset/multimodal-concrete-crack-detection-dataset/image/negative/neg_img_892.jpg,0,normal,multimodal_concrete_crack_audio,train
dataset/multimodal-concrete-crack-detection-dataset/audio/positive/pos_audio_250.wav,dataset/multimodal-concrete-crack-detection-dataset/image/positive/pos_img_250.jpg,1,acoustic_abnormal,multimodal_concrete_crack_audio,test
dataset/multimodal-concrete-crack-detection-dataset/audio/negative/neg_audio_2612.wav,dataset/multimodal-concrete-crack-detection-dataset/image/negative/neg_img_2612.jpg,0,normal,multimodal_concrete_crack_audio,test
dataset/multimodal-concrete-crack-detection-dataset/audio/negative/neg_audio_1966.wav,dataset/multimodal-concrete-crack-detection-dataset/image/negative/neg_img_1966.jpg,0,normal,multimodal_concrete_crack_audio,train
dataset/multimodal-concrete-crack-detection-dataset/audio/negative/neg_audio_1469.wav,dataset/multimodal-concrete-crack-detection-dataset/image/negative/neg_img_1469.jpg,0,normal,multimodal_concrete_crack_audio,train
dataset/multimodal-concrete-crack-detection-dataset/audio/negative/neg_audio_151.wav,dataset/multimodal-concrete-crack-detection-dataset/image/negative/neg_img_151.jpg,0,normal,multimodal_concrete_crack_audio,train
dataset/multimodal-concrete-crack-detection-dataset/audio/positive/pos_audio_538.wav,dataset/multimodal-concrete-crack-detection-dataset/image/positive/pos_img_538.jpg,1,acoustic_abnormal,multimodal_concrete_crack_audio,val
dataset/multimodal-concrete-crack-detection-dataset/audio/negative/neg_audio_36.wav,dataset/multimodal-concrete-crack-detection-dataset/image/negative/neg_img_36.jpg,0,normal,multimodal_concrete_crack_audio,train
dataset/multimodal-concrete-crack-detection-dataset/audio/negative/neg_audio_1801.wav,dataset/multimodal-concrete-crack-detection-dataset/image/negative/neg_img_1801.jpg,0,normal,multimodal_concrete_crack_audio,test
dataset/multimodal-concrete-crack-detection-dataset/audio/negative/neg_audio_70.wav,dataset/multimodal-concrete-crack-detection-dataset/image/negative/neg_img_70.jpg,0,normal,multimodal_concrete_crack_audio,val
dataset/multimodal-concrete-crack-detection-dataset/audio/positive/pos_audio_502.wav,dataset/multimodal-concrete-crack-detection-dataset/image/positive/pos_img_502.jpg,1,acoustic_abnormal,multimodal_concrete_crack_audio,train
dataset/multimodal-concrete-crack-detection-dataset/audio/positive/pos_audio_430.wav,dataset/multimodal-concrete-crack-detection-dataset/image/positive/pos_img_430.jpg,1,acoustic_abnormal,multimodal_concrete_crack_audio,train
dataset/multimodal-concrete-crack-detection-dataset/audio/negative/neg_audio_732.wav,dataset/multimodal-concrete-crack-detection-dataset/image/negative/neg_img_732.jpg,0,normal,multimodal_concrete_crack_audio,train
dataset/multimodal-concrete-crack-detection-dataset/audio/negative/neg_audio_1083.wav,dataset/multimodal-concrete-crack-detection-dataset/image/negative/neg_img_1083.jpg,0,normal,multimodal_concrete_crack_audio,train
dataset/multimodal-concrete-crack-detection-dataset/audio/negative/neg_audio_1314.wav,dataset/multimodal-concrete-crack-detection-dataset/image/negative/neg_img_1314.jpg,0,normal,multimodal_concrete_crack_audio,train
dataset/multimodal-concrete-crack-detection-dataset/audio/negative/neg_audio_2706.wav,dataset/multimodal-concrete-crack-detection-dataset/image/negative/neg_img_2706.jpg,0,normal,multimodal_concrete_crack_audio,train
dataset/multimodal-concrete-crack-detection-dataset/audio/negative/neg_audio_2328.wav,dataset/multimodal-concrete-crack-detection-dataset/image/negative/neg_img_2328.jpg,0,normal,multimodal_concrete_crack_audio,train
dataset/multimodal-concrete-crack-detection-dataset/audio/negative/neg_audio_1257.wav,dataset/multimodal-concrete-crack-detection-dataset/image/negative/neg_img_1257.jpg,0,normal,multimodal_concrete_crack_audio,test
dataset/multimodal-concrete-crack-detection-dataset/audio/negative/neg_audio_509.wav,dataset/multimodal-concrete-crack-detection-dataset/image/negative/neg_img_509.jpg,0,normal,multimodal_concrete_crack_audio,train
dataset/multimodal-concrete-crack-detection-dataset/audio/negative/neg_audio_50.wav,dataset/multimodal-concrete-crack-detection-dataset/image/negative/neg_img_50.jpg,0,normal,multimodal_concrete_crack_audio,val
dataset/multimodal-concrete-crack-detection-dataset/audio/positive/pos_audio_76.wav,dataset/multimodal-concrete-crack-detection-dataset/image/positive/pos_img_76.jpg,1,acoustic_abnormal,multimodal_concrete_crack_audio,train
dataset/multimodal-concrete-crack-detection-dataset/audio/negative/neg_audio_2674.wav,dataset/multimodal-concrete-crack-detection-dataset/image/negative/neg_img_2674.jpg,0,normal,multimodal_concrete_crack_audio,train
dataset/multimodal-concrete-crack-detection-dataset/audio/negative/neg_audio_1026.wav,dataset/multimodal-concrete-crack-detection-dataset/image/negative/neg_img_1026.jpg,0,normal,multimodal_concrete_crack_audio,val
dataset/multimodal-concrete-crack-detection-dataset/audio/positive/pos_audio_874.wav,dataset/multimodal-concrete-crack-detection-dataset/image/positive/pos_img_874.jpg,1,acoustic_abnormal,multimodal_concrete_crack_audio,test
dataset/multimodal-concrete-crack-detection-dataset/audio/negative/neg_audio_1100.wav,dataset/multimodal-concrete-crack-detection-dataset/image/negative/neg_img_1100.jpg,0,normal,multimodal_concrete_crack_audio,val
dataset/multimodal-concrete-crack-detection-dataset/audio/negative/neg_audio_1481.wav,dataset/multimodal-concrete-crack-detection-dataset/image/negative/neg_img_1481.jpg,0,normal,multimodal_concrete_crack_audio,train
dataset/multimodal-concrete-crack-detection-dataset/audio/negative/neg_audio_3086.wav,dataset/multimodal-concrete-crack-detection-dataset/image/negative/neg_img_3086.jpg,0,normal,multimodal_concrete_crack_audio,train
dataset/multimodal-concrete-crack-detection-dataset/audio/positive/pos_audio_271.wav,dataset/multimodal-concrete-crack-detection-dataset/image/positive/pos_img_271.jpg,1,acoustic_abnormal,multimodal_concrete_crack_audio,train
dataset/multimodal-concrete-crack-detection-dataset/audio/negative/neg_audio_158.wav,dataset/multimodal-concrete-crack-detection-dataset/image/negative/neg_img_158.jpg,0,normal,multimodal_concrete_crack_audio,test
dataset/multimodal-concrete-crack-detection-dataset/audio/negative/neg_audio_1616.wav,dataset/multimodal-concrete-crack-detection-dataset/image/negative/neg_img_1616.jpg,0,normal,multimodal_concrete_crack_audio,train
dataset/multimodal-concrete-crack-detection-dataset/audio/negative/neg_audio_2339.wav,dataset/multimodal-concrete-crack-detection-dataset/image/negative/neg_img_2339.jpg,0,normal,multimodal_concrete_crack_audio,train
dataset/multimodal-concrete-crack-detection-dataset/audio/negative/neg_audio_1382.wav,dataset/multimodal-concrete-crack-detection-dataset/image/negative/neg_img_1382.jpg,0,normal,multimodal_concrete_crack_audio,val
dataset/multimodal-concrete-crack-detection-dataset/audio/negative/neg_audio_1211.wav,dataset/multimodal-concrete-crack-detection-dataset/image/negative/neg_img_1211.jpg,0,normal,multimodal_concrete_crack_audio,train
dataset/multimodal-concrete-crack-detection-dataset/audio/negative/neg_audio_2223.wav,dataset/multimodal-concrete-crack-detection-dataset/image/negative/neg_img_2223.jpg,0,normal,multimodal_concrete_crack_audio,train
dataset/multimodal-concrete-crack-detection-dataset/audio/positive/pos_audio_33.wav,dataset/multimodal-concrete-crack-detection-dataset/image/positive/pos_img_33.jpg,1,acoustic_abnormal,multimodal_concrete_crack_audio,val
dataset/multimodal-concrete-crack-detection-dataset/audio/positive/pos_audio_563.wav,dataset/multimodal-concrete-crack-detection-dataset/image/positive/pos_img_563.jpg,1,acoustic_abnormal,multimodal_concrete_crack_audio,train
dataset/multimodal-concrete-crack-detection-dataset/audio/negative/neg_audio_1123.wav,dataset/multimodal-concrete-crack-detection-dataset/image/negative/neg_img_1123.jpg,0,normal,multimodal_concrete_crack_audio,train
dataset/multimodal-concrete-crack-detection-dataset/audio/negative/neg_audio_2795.wav,dataset/multimodal-concrete-crack-detection-dataset/image/negative/neg_img_2795.jpg,0,normal,multimodal_concrete_crack_audio,train
dataset/multimodal-concrete-crack-detection-dataset/audio/negative/neg_audio_1149.wav,dataset/multimodal-concrete-crack-detection-dataset/image/negative/neg_img_1149.jpg,0,normal,multimodal_concrete_crack_audio,train
dataset/multimodal-concrete-crack-detection-dataset/audio/negative/neg_audio_62.wav,dataset/multimodal-concrete-crack-detection-dataset/image/negative/neg_img_62.jpg,0,normal,multimodal_concrete_crack_audio,train
dataset/multimodal-concrete-crack-detection-dataset/audio/negative/neg_audio_540.wav,dataset/multimodal-concrete-crack-detection-dataset/image/negative/neg_img_540.jpg,0,normal,multimodal_concrete_crack_audio,val
dataset/multimodal-concrete-crack-detection-dataset/audio/positive/pos_audio_47.wav,dataset/multimodal-concrete-crack-detection-dataset/image/positive/pos_img_47.jpg,1,acoustic_abnormal,multimodal_concrete_crack_audio,train
dataset/multimodal-concrete-crack-detection-dataset/audio/negative/neg_audio_3054.wav,dataset/multimodal-concrete-crack-detection-dataset/image/negative/neg_img_3054.jpg,0,normal,multimodal_concrete_crack_audio,test
dataset/multimodal-concrete-crack-detection-dataset/audio/negative/neg_audio_1914.wav,dataset/multimodal-concrete-crack-detection-dataset/image/negative/neg_img_1914.jpg,0,normal,multimodal_concrete_crack_audio,train
dataset/multimodal-concrete-crack-detection-dataset/audio/negative/neg_audio_1561.wav,dataset/multimodal-concrete-crack-detection-dataset/image/negative/neg_img_1561.jpg,0,normal,multimodal_concrete_crack_audio,test
dataset/multimodal-concrete-crack-detection-dataset/audio/negative/neg_audio_665.wav,dataset/multimodal-concrete-crack-detection-dataset/image/negative/neg_img_665.jpg,0,normal,multimodal_concrete_crack_audio,val
dataset/multimodal-concrete-crack-detection-dataset/audio/negative/neg_audio_1065.wav,dataset/multimodal-concrete-crack-detection-dataset/image/negative/neg_img_1065.jpg,0,normal,multimodal_concrete_crack_audio,train
dataset/multimodal-concrete-crack-detection-dataset/audio/negative/neg_audio_2125.wav,dataset/multimodal-concrete-crack-detection-dataset/image/negative/neg_img_2125.jpg,0,normal,multimodal_concrete_crack_audio,train
dataset/multimodal-concrete-crack-detection-dataset/audio/positive/pos_audio_207.wav,dataset/multimodal-concrete-crack-detection-dataset/image/positive/pos_img_207.jpg,1,acoustic_abnormal,multimodal_concrete_crack_audio,test
dataset/multimodal-concrete-crack-detection-dataset/audio/positive/pos_audio_330.wav,dataset/multimodal-concrete-crack-detection-dataset/image/positive/pos_img_330.jpg,1,acoustic_abnormal,multimodal_concrete_crack_audio,train
dataset/multimodal-concrete-crack-detection-dataset/audio/negative/neg_audio_2345.wav,dataset/multimodal-concrete-crack-detection-dataset/image/negative/neg_img_2345.jpg,0,normal,multimodal_concrete_crack_audio,test
dataset/multimodal-concrete-crack-detection-dataset/audio/negative/neg_audio_1736.wav,dataset/multimodal-concrete-crack-detection-dataset/image/negative/neg_img_1736.jpg,0,normal,multimodal_concrete_crack_audio,train
dataset/multimodal-concrete-crack-detection-dataset/audio/negative/neg_audio_1898.wav,dataset/multimodal-concrete-crack-detection-dataset/image/negative/neg_img_1898.jpg,0,normal,multimodal_concrete_crack_audio,train
dataset/multimodal-concrete-crack-detection-dataset/audio/negative/neg_audio_2190.wav,dataset/multimodal-concrete-crack-detection-dataset/image/negative/neg_img_2190.jpg,0,normal,multimodal_concrete_crack_audio,val
dataset/multimodal-concrete-crack-detection-dataset/audio/negative/neg_audio_1177.wav,dataset/multimodal-concrete-crack-detection-dataset/image/negative/neg_img_1177.jpg,0,normal,multimodal_concrete_crack_audio,test
dataset/multimodal-concrete-crack-detection-dataset/audio/negative/neg_audio_2776.wav,dataset/multimodal-concrete-crack-detection-dataset/image/negative/neg_img_2776.jpg,0,normal,multimodal_concrete_crack_audio,train
dataset/multimodal-concrete-crack-detection-dataset/audio/negative/neg_audio_2954.wav,dataset/multimodal-concrete-crack-detection-dataset/image/negative/neg_img_2954.jpg,0,normal,multimodal_concrete_crack_audio,val
dataset/multimodal-concrete-crack-detection-dataset/audio/negative/neg_audio_1589.wav,dataset/multimodal-concrete-crack-detection-dataset/image/negative/neg_img_1589.jpg,0,normal,multimodal_concrete_crack_audio,val
dataset/multimodal-concrete-crack-detection-dataset/audio/negative/neg_audio_2266.wav,dataset/multimodal-concrete-crack-detection-dataset/image/negative/neg_img_2266.jpg,0,normal,multimodal_concrete_crack_audio,val
dataset/multimodal-concrete-crack-detection-dataset/audio/positive/pos_audio_879.wav,dataset/multimodal-concrete-crack-detection-dataset/image/positive/pos_img_879.jpg,1,acoustic_abnormal,multimodal_concrete_crack_audio,train
dataset/multimodal-concrete-crack-detection-dataset/audio/negative/neg_audio_233.wav,dataset/multimodal-concrete-crack-detection-dataset/image/negative/neg_img_233.jpg,0,normal,multimodal_concrete_crack_audio,train
dataset/multimodal-concrete-crack-detection-dataset/audio/negative/neg_audio_3081.wav,dataset/multimodal-concrete-crack-detection-dataset/image/negative/neg_img_3081.jpg,0,normal,multimodal_concrete_crack_audio,train
dataset/multimodal-concrete-crack-detection-dataset/audio/negative/neg_audio_3012.wav,dataset/multimodal-concrete-crack-detection-dataset/image/negative/neg_img_3012.jpg,0,normal,multimodal_concrete_crack_audio,test
dataset/multimodal-concrete-crack-detection-dataset/audio/negative/neg_audio_2986.wav,dataset/multimodal-concrete-crack-detection-dataset/image/negative/neg_img_2986.jpg,0,normal,multimodal_concrete_crack_audio,test
dataset/multimodal-concrete-crack-detection-dataset/audio/positive/pos_audio_182.wav,dataset/multimodal-concrete-crack-detection-dataset/image/positive/pos_img_182.jpg,1,acoustic_abnormal,multimodal_concrete_crack_audio,train
dataset/multimodal-concrete-crack-detection-dataset/audio/positive/pos_audio_227.wav,dataset/multimodal-concrete-crack-detection-dataset/image/positive/pos_img_227.jpg,1,acoustic_abnormal,multimodal_concrete_crack_audio,val
dataset/multimodal-concrete-crack-detection-dataset/audio/negative/neg_audio_2545.wav,dataset/multimodal-concrete-crack-detection-dataset/image/negative/neg_img_2545.jpg,0,normal,multimodal_concrete_crack_audio,train
dataset/multimodal-concrete-crack-detection-dataset/audio/negative/neg_audio_2972.wav,dataset/multimodal-concrete-crack-detection-dataset/image/negative/neg_img_2972.jpg,0,normal,multimodal_concrete_crack_audio,train
dataset/multimodal-concrete-crack-detection-dataset/audio/negative/neg_audio_1396.wav,dataset/multimodal-concrete-crack-detection-dataset/image/negative/neg_img_1396.jpg,0,normal,multimodal_concrete_crack_audio,train
dataset/multimodal-concrete-crack-detection-dataset/audio/negative/neg_audio_112.wav,dataset/multimodal-concrete-crack-detection-dataset/image/negative/neg_img_112.jpg,0,normal,multimodal_concrete_crack_audio,test
dataset/multimodal-concrete-crack-detection-dataset/audio/negative/neg_audio_3101.wav,dataset/multimodal-concrete-crack-detection-dataset/image/negative/neg_img_3101.jpg,0,normal,multimodal_concrete_crack_audio,train
dataset/multimodal-concrete-crack-detection-dataset/audio/negative/neg_audio_886.wav,dataset/multimodal-concrete-crack-detection-dataset/image/negative/neg_img_886.jpg,0,normal,multimodal_concrete_crack_audio,val
dataset/multimodal-concrete-crack-detection-dataset/audio/negative/neg_audio_2420.wav,dataset/multimodal-concrete-crack-detection-dataset/image/negative/neg_img_2420.jpg,0,normal,multimodal_concrete_crack_audio,train
dataset/multimodal-concrete-crack-detection-dataset/audio/negative/neg_audio_3085.wav,dataset/multimodal-concrete-crack-detection-dataset/image/negative/neg_img_3085.jpg,0,normal,multimodal_concrete_crack_audio,test
dataset/multimodal-concrete-crack-detection-dataset/audio/negative/neg_audio_1075.wav,dataset/multimodal-concrete-crack-detection-dataset/image/negative/neg_img_1075.jpg,0,normal,multimodal_concrete_crack_audio,train
dataset/multimodal-concrete-crack-detection-dataset/audio/negative/neg_audio_1377.wav,dataset/multimodal-concrete-crack-detection-dataset/image/negative/neg_img_1377.jpg,0,normal,multimodal_concrete_crack_audio,train
dataset/multimodal-concrete-crack-detection-dataset/audio/negative/neg_audio_3090.wav,dataset/multimodal-concrete-crack-detection-dataset/image/negative/neg_img_3090.jpg,0,normal,multimodal_concrete_crack_audio,test
dataset/multimodal-concrete-crack-detection-dataset/audio/negative/neg_audio_2493.wav,dataset/multimodal-concrete-crack-detection-dataset/image/negative/neg_img_2493.jpg,0,normal,multimodal_concrete_crack_audio,train
dataset/multimodal-concrete-crack-detection-dataset/audio/negative/neg_audio_106.wav,dataset/multimodal-concrete-crack-detection-dataset/image/negative/neg_img_106.jpg,0,normal,multimodal_concrete_crack_audio,val
dataset/multimodal-concrete-crack-detection-dataset/audio/negative/neg_audio_1424.wav,dataset/multimodal-concrete-crack-detection-dataset/image/negative/neg_img_1424.jpg,0,normal,multimodal_concrete_crack_audio,train
dataset/multimodal-concrete-crack-detection-dataset/audio/positive/pos_audio_500.wav,dataset/multimodal-concrete-crack-detection-dataset/image/positive/pos_img_500.jpg,1,acoustic_abnormal,multimodal_concrete_crack_audio,train
dataset/multimodal-concrete-crack-detection-dataset/audio/negative/neg_audio_2218.wav,dataset/multimodal-concrete-crack-detection-dataset/image/negative/neg_img_2218.jpg,0,normal,multimodal_concrete_crack_audio,train
dataset/multimodal-concrete-crack-detection-dataset/audio/negative/neg_audio_128.wav,dataset/multimodal-concrete-crack-detection-dataset/image/negative/neg_img_128.jpg,0,normal,multimodal_concrete_crack_audio,val
dataset/multimodal-concrete-crack-detection-dataset/audio/negative/neg_audio_3177.wav,dataset/multimodal-concrete-crack-detection-dataset/image/negative/neg_img_3177.jpg,0,normal,multimodal_concrete_crack_audio,train
dataset/multimodal-concrete-crack-detection-dataset/audio/negative/neg_audio_2705.wav,dataset/multimodal-concrete-crack-detection-dataset/image/negative/neg_img_2705.jpg,0,normal,multimodal_concrete_crack_audio,train
dataset/multimodal-concrete-crack-detection-dataset/audio/negative/neg_audio_214.wav,dataset/multimodal-concrete-crack-detection-dataset/image/negative/neg_img_214.jpg,0,normal,multimodal_concrete_crack_audio,test
dataset/multimodal-concrete-crack-detection-dataset/audio/negative/neg_audio_2181.wav,dataset/multimodal-concrete-crack-detection-dataset/image/negative/neg_img_2181.jpg,0,normal,multimodal_concrete_crack_audio,train
dataset/multimodal-concrete-crack-detection-dataset/audio/negative/neg_audio_1765.wav,dataset/multimodal-concrete-crack-detection-dataset/image/negative/neg_img_1765.jpg,0,normal,multimodal_concrete_crack_audio,train
dataset/multimodal-concrete-crack-detection-dataset/audio/negative/neg_audio_2703.wav,dataset/multimodal-concrete-crack-detection-dataset/image/negative/neg_img_2703.jpg,0,normal,multimodal_concrete_crack_audio,val
dataset/multimodal-concrete-crack-detection-dataset/audio/negative/neg_audio_755.wav,dataset/multimodal-concrete-crack-detection-dataset/image/negative/neg_img_755.jpg,0,normal,multimodal_concrete_crack_audio,train
dataset/multimodal-concrete-crack-detection-dataset/audio/positive/pos_audio_75.wav,dataset/multimodal-concrete-crack-detection-dataset/image/positive/pos_img_75.jpg,1,acoustic_abnormal,multimodal_concrete_crack_audio,test
dataset/multimodal-concrete-crack-detection-dataset/audio/positive/pos_audio_844.wav,dataset/multimodal-concrete-crack-detection-dataset/image/positive/pos_img_844.jpg,1,acoustic_abnormal,multimodal_concrete_crack_audio,train
dataset/multimodal-concrete-crack-detection-dataset/audio/negative/neg_audio_919.wav,dataset/multimodal-concrete-crack-detection-dataset/image/negative/neg_img_919.jpg,0,normal,multimodal_concrete_crack_audio,train
dataset/multimodal-concrete-crack-detection-dataset/audio/negative/neg_audio_181.wav,dataset/multimodal-concrete-crack-detection-dataset/image/negative/neg_img_181.jpg,0,normal,multimodal_concrete_crack_audio,val
dataset/multimodal-concrete-crack-detection-dataset/audio/negative/neg_audio_1818.wav,dataset/multimodal-concrete-crack-detection-dataset/image/negative/neg_img_1818.jpg,0,normal,multimodal_concrete_crack_audio,train
dataset/multimodal-concrete-crack-detection-dataset/audio/negative/neg_audio_1575.wav,dataset/multimodal-concrete-crack-detection-dataset/image/negative/neg_img_1575.jpg,0,normal,multimodal_concrete_crack_audio,train
dataset/multimodal-concrete-crack-detection-dataset/audio/negative/neg_audio_1567.wav,dataset/multimodal-concrete-crack-detection-dataset/image/negative/neg_img_1567.jpg,0,normal,multimodal_concrete_crack_audio,train
dataset/multimodal-concrete-crack-detection-dataset/audio/negative/neg_audio_77.wav,dataset/multimodal-concrete-crack-detection-dataset/image/negative/neg_img_77.jpg,0,normal,multimodal_concrete_crack_audio,train
dataset/multimodal-concrete-crack-detection-dataset/audio/positive/pos_audio_463.wav,dataset/multimodal-concrete-crack-detection-dataset/image/positive/pos_img_463.jpg,1,acoustic_abnormal,multimodal_concrete_crack_audio,train
dataset/multimodal-concrete-crack-detection-dataset/audio/negative/neg_audio_1572.wav,dataset/multimodal-concrete-crack-detection-dataset/image/negative/neg_img_1572.jpg,0,normal,multimodal_concrete_crack_audio,train
dataset/multimodal-concrete-crack-detection-dataset/audio/negative/neg_audio_2497.wav,dataset/multimodal-concrete-crack-detection-dataset/image/negative/neg_img_2497.jpg,0,normal,multimodal_concrete_crack_audio,train
dataset/multimodal-concrete-crack-detection-dataset/audio/negative/neg_audio_1143.wav,dataset/multimodal-concrete-crack-detection-dataset/image/negative/neg_img_1143.jpg,0,normal,multimodal_concrete_crack_audio,val
dataset/multimodal-concrete-crack-detection-dataset/audio/negative/neg_audio_244.wav,dataset/multimodal-concrete-crack-detection-dataset/image/negative/neg_img_244.jpg,0,normal,multimodal_concrete_crack_audio,train
dataset/multimodal-concrete-crack-detection-dataset/audio/positive/pos_audio_494.wav,dataset/multimodal-concrete-crack-detection-dataset/image/positive/pos_img_494.jpg,1,acoustic_abnormal,multimodal_concrete_crack_audio,train
dataset/multimodal-concrete-crack-detection-dataset/audio/negative/neg_audio_1230.wav,dataset/multimodal-concrete-crack-detection-dataset/image/negative/neg_img_1230.jpg,0,normal,multimodal_concrete_crack_audio,train
dataset/multimodal-concrete-crack-detection-dataset/audio/positive/pos_audio_266.wav,dataset/multimodal-concrete-crack-detection-dataset/image/positive/pos_img_266.jpg,1,acoustic_abnormal,multimodal_concrete_crack_audio,train
dataset/multimodal-concrete-crack-detection-dataset/audio/negative/neg_audio_2409.wav,dataset/multimodal-concrete-crack-detection-dataset/image/negative/neg_img_2409.jpg,0,normal,multimodal_concrete_crack_audio,train
dataset/multimodal-concrete-crack-detection-dataset/audio/negative/neg_audio_1138.wav,dataset/multimodal-concrete-crack-detection-dataset/image/negative/neg_img_1138.jpg,0,normal,multimodal_concrete_crack_audio,val
dataset/multimodal-concrete-crack-detection-dataset/audio/negative/neg_audio_1107.wav,dataset/multimodal-concrete-crack-detection-dataset/image/negative/neg_img_1107.jpg,0,normal,multimodal_concrete_crack_audio,train
dataset/multimodal-concrete-crack-detection-dataset/audio/negative/neg_audio_138.wav,dataset/multimodal-concrete-crack-detection-dataset/image/negative/neg_img_138.jpg,0,normal,multimodal_concrete_crack_audio,train
dataset/multimodal-concrete-crack-detection-dataset/audio/positive/pos_audio_661.wav,dataset/multimodal-concrete-crack-detection-dataset/image/positive/pos_img_661.jpg,1,acoustic_abnormal,multimodal_concrete_crack_audio,train
dataset/multimodal-concrete-crack-detection-dataset/audio/positive/pos_audio_83.wav,dataset/multimodal-concrete-crack-detection-dataset/image/positive/pos_img_83.jpg,1,acoustic_abnormal,multimodal_concrete_crack_audio,train
dataset/multimodal-concrete-crack-detection-dataset/audio/negative/neg_audio_467.wav,dataset/multimodal-concrete-crack-detection-dataset/image/negative/neg_img_467.jpg,0,normal,multimodal_concrete_crack_audio,val
dataset/multimodal-concrete-crack-detection-dataset/audio/negative/neg_audio_1858.wav,dataset/multimodal-concrete-crack-detection-dataset/image/negative/neg_img_1858.jpg,0,normal,multimodal_concrete_crack_audio,train
dataset/multimodal-concrete-crack-detection-dataset/audio/negative/neg_audio_3130.wav,dataset/multimodal-concrete-crack-detection-dataset/image/negative/neg_img_3130.jpg,0,normal,multimodal_concrete_crack_audio,test
dataset/multimodal-concrete-crack-detection-dataset/audio/negative/neg_audio_2662.wav,dataset/multimodal-concrete-crack-detection-dataset/image/negative/neg_img_2662.jpg,0,normal,multimodal_concrete_crack_audio,train
dataset/multimodal-concrete-crack-detection-dataset/audio/negative/neg_audio_1803.wav,dataset/multimodal-concrete-crack-detection-dataset/image/negative/neg_img_1803.jpg,0,normal,multimodal_concrete_crack_audio,test
dataset/multimodal-concrete-crack-detection-dataset/audio/negative/neg_audio_2860.wav,dataset/multimodal-concrete-crack-detection-dataset/image/negative/neg_img_2860.jpg,0,normal,multimodal_concrete_crack_audio,train
dataset/multimodal-concrete-crack-detection-dataset/audio/positive/pos_audio_421.wav,dataset/multimodal-concrete-crack-detection-dataset/image/positive/pos_img_421.jpg,1,acoustic_abnormal,multimodal_concrete_crack_audio,train
dataset/multimodal-concrete-crack-detection-dataset/audio/positive/pos_audio_868.wav,dataset/multimodal-concrete-crack-detection-dataset/image/positive/pos_img_868.jpg,1,acoustic_abnormal,multimodal_concrete_crack_audio,train
dataset/multimodal-concrete-crack-detection-dataset/audio/negative/neg_audio_581.wav,dataset/multimodal-concrete-crack-detection-dataset/image/negative/neg_img_581.jpg,0,normal,multimodal_concrete_crack_audio,train
dataset/multimodal-concrete-crack-detection-dataset/audio/negative/neg_audio_2969.wav,dataset/multimodal-concrete-crack-detection-dataset/image/negative/neg_img_2969.jpg,0,normal,multimodal_concrete_crack_audio,train
dataset/multimodal-concrete-crack-detection-dataset/audio/negative/neg_audio_1525.wav,dataset/multimodal-concrete-crack-detection-dataset/image/negative/neg_img_1525.jpg,0,normal,multimodal_concrete_crack_audio,train
dataset/multimodal-concrete-crack-detection-dataset/audio/negative/neg_audio_502.wav,dataset/multimodal-concrete-crack-detection-dataset/image/negative/neg_img_502.jpg,0,normal,multimodal_concrete_crack_audio,train
dataset/multimodal-concrete-crack-detection-dataset/audio/positive/pos_audio_342.wav,dataset/multimodal-concrete-crack-detection-dataset/image/positive/pos_img_342.jpg,1,acoustic_abnormal,multimodal_concrete_crack_audio,train
dataset/multimodal-concrete-crack-detection-dataset/audio/negative/neg_audio_2264.wav,dataset/multimodal-concrete-crack-detection-dataset/image/negative/neg_img_2264.jpg,0,normal,multimodal_concrete_crack_audio,train
dataset/multimodal-concrete-crack-detection-dataset/audio/negative/neg_audio_3038.wav,dataset/multimodal-concrete-crack-detection-dataset/image/negative/neg_img_3038.jpg,0,normal,multimodal_concrete_crack_audio,train
dataset/multimodal-concrete-crack-detection-dataset/audio/positive/pos_audio_564.wav,dataset/multimodal-concrete-crack-detection-dataset/image/positive/pos_img_564.jpg,1,acoustic_abnormal,multimodal_concrete_crack_audio,train
dataset/multimodal-concrete-crack-detection-dataset/audio/positive/pos_audio_169.wav,dataset/multimodal-concrete-crack-detection-dataset/image/positive/pos_img_169.jpg,1,acoustic_abnormal,multimodal_concrete_crack_audio,train
dataset/multimodal-concrete-crack-detection-dataset/audio/negative/neg_audio_2133.wav,dataset/multimodal-concrete-crack-detection-dataset/image/negative/neg_img_2133.jpg,0,normal,multimodal_concrete_crack_audio,train
dataset/multimodal-concrete-crack-detection-dataset/audio/negative/neg_audio_561.wav,dataset/multimodal-concrete-crack-detection-dataset/image/negative/neg_img_561.jpg,0,normal,multimodal_concrete_crack_audio,train
dataset/multimodal-concrete-crack-detection-dataset/audio/positive/pos_audio_215.wav,dataset/multimodal-concrete-crack-detection-dataset/image/positive/pos_img_215.jpg,1,acoustic_abnormal,multimodal_concrete_crack_audio,test
dataset/multimodal-concrete-crack-detection-dataset/audio/negative/neg_audio_321.wav,dataset/multimodal-concrete-crack-detection-dataset/image/negative/neg_img_321.jpg,0,normal,multimodal_concrete_crack_audio,test
dataset/multimodal-concrete-crack-detection-dataset/audio/negative/neg_audio_1145.wav,dataset/multimodal-concrete-crack-detection-dataset/image/negative/neg_img_1145.jpg,0,normal,multimodal_concrete_crack_audio,train
dataset/multimodal-concrete-crack-detection-dataset/audio/negative/neg_audio_1991.wav,dataset/multimodal-concrete-crack-detection-dataset/image/negative/neg_img_1991.jpg,0,normal,multimodal_concrete_crack_audio,train
dataset/multimodal-concrete-crack-detection-dataset/audio/negative/neg_audio_2547.wav,dataset/multimodal-concrete-crack-detection-dataset/image/negative/neg_img_2547.jpg,0,normal,multimodal_concrete_crack_audio,train
dataset/multimodal-concrete-crack-detection-dataset/audio/negative/neg_audio_2889.wav,dataset/multimodal-concrete-crack-detection-dataset/image/negative/neg_img_2889.jpg,0,normal,multimodal_concrete_crack_audio,test
dataset/multimodal-concrete-crack-detection-dataset/audio/negative/neg_audio_1682.wav,dataset/multimodal-concrete-crack-detection-dataset/image/negative/neg_img_1682.jpg,0,normal,multimodal_concrete_crack_audio,train
dataset/multimodal-concrete-crack-detection-dataset/audio/negative/neg_audio_1419.wav,dataset/multimodal-concrete-crack-detection-dataset/image/negative/neg_img_1419.jpg,0,normal,multimodal_concrete_crack_audio,train
dataset/multimodal-concrete-crack-detection-dataset/audio/negative/neg_audio_221.wav,dataset/multimodal-concrete-crack-detection-dataset/image/negative/neg_img_221.jpg,0,normal,multimodal_concrete_crack_audio,train
dataset/multimodal-concrete-crack-detection-dataset/audio/negative/neg_audio_427.wav,dataset/multimodal-concrete-crack-detection-dataset/image/negative/neg_img_427.jpg,0,normal,multimodal_concrete_crack_audio,train
dataset/multimodal-concrete-crack-detection-dataset/audio/negative/neg_audio_2062.wav,dataset/multimodal-concrete-crack-detection-dataset/image/negative/neg_img_2062.jpg,0,normal,multimodal_concrete_crack_audio,train
dataset/multimodal-concrete-crack-detection-dataset/audio/negative/neg_audio_2217.wav,dataset/multimodal-concrete-crack-detection-dataset/image/negative/neg_img_2217.jpg,0,normal,multimodal_concrete_crack_audio,train
dataset/multimodal-concrete-crack-detection-dataset/audio/positive/pos_audio_299.wav,dataset/multimodal-concrete-crack-detection-dataset/image/positive/pos_img_299.jpg,1,acoustic_abnormal,multimodal_concrete_crack_audio,train
dataset/multimodal-concrete-crack-detection-dataset/audio/negative/neg_audio_1306.wav,dataset/multimodal-concrete-crack-detection-dataset/image/negative/neg_img_1306.jpg,0,normal,multimodal_concrete_crack_audio,train
dataset/multimodal-concrete-crack-detection-dataset/audio/negative/neg_audio_1095.wav,dataset/multimodal-concrete-crack-detection-dataset/image/negative/neg_img_1095.jpg,0,normal,multimodal_concrete_crack_audio,train
dataset/multimodal-concrete-crack-detection-dataset/audio/negative/neg_audio_2157.wav,dataset/multimodal-concrete-crack-detection-dataset/image/negative/neg_img_2157.jpg,0,normal,multimodal_concrete_crack_audio,train
dataset/multimodal-concrete-crack-detection-dataset/audio/positive/pos_audio_20.wav,dataset/multimodal-concrete-crack-detection-dataset/image/positive/pos_img_20.jpg,1,acoustic_abnormal,multimodal_concrete_crack_audio,train
dataset/multimodal-concrete-crack-detection-dataset/audio/negative/neg_audio_2677.wav,dataset/multimodal-concrete-crack-detection-dataset/image/negative/neg_img_2677.jpg,0,normal,multimodal_concrete_crack_audio,train
dataset/multimodal-concrete-crack-detection-dataset/audio/negative/neg_audio_1198.wav,dataset/multimodal-concrete-crack-detection-dataset/image/negative/neg_img_1198.jpg,0,normal,multimodal_concrete_crack_audio,train
dataset/multimodal-concrete-crack-detection-dataset/audio/positive/pos_audio_101.wav,dataset/multimodal-concrete-crack-detection-dataset/image/positive/pos_img_101.jpg,1,acoustic_abnormal,multimodal_concrete_crack_audio,val
dataset/multimodal-concrete-crack-detection-dataset/audio/negative/neg_audio_3195.wav,dataset/multimodal-concrete-crack-detection-dataset/image/negative/neg_img_3195.jpg,0,normal,multimodal_concrete_crack_audio,train
dataset/multimodal-concrete-crack-detection-dataset/audio/negative/neg_audio_1502.wav,dataset/multimodal-concrete-crack-detection-dataset/image/negative/neg_img_1502.jpg,0,normal,multimodal_concrete_crack_audio,val
dataset/multimodal-concrete-crack-detection-dataset/audio/negative/neg_audio_1239.wav,dataset/multimodal-concrete-crack-detection-dataset/image/negative/neg_img_1239.jpg,0,normal,multimodal_concrete_crack_audio,val
dataset/multimodal-concrete-crack-detection-dataset/audio/negative/neg_audio_2920.wav,dataset/multimodal-concrete-crack-detection-dataset/image/negative/neg_img_2920.jpg,0,normal,multimodal_concrete_crack_audio,train
dataset/multimodal-concrete-crack-detection-dataset/audio/negative/neg_audio_1816.wav,dataset/multimodal-concrete-crack-detection-dataset/image/negative/neg_img_1816.jpg,0,normal,multimodal_concrete_crack_audio,test
dataset/multimodal-concrete-crack-detection-dataset/audio/positive/pos_audio_724.wav,dataset/multimodal-concrete-crack-detection-dataset/image/positive/pos_img_724.jpg,1,acoustic_abnormal,multimodal_concrete_crack_audio,train
dataset/multimodal-concrete-crack-detection-dataset/audio/negative/neg_audio_1462.wav,dataset/multimodal-concrete-crack-detection-dataset/image/negative/neg_img_1462.jpg,0,normal,multimodal_concrete_crack_audio,train
dataset/multimodal-concrete-crack-detection-dataset/audio/negative/neg_audio_3011.wav,dataset/multimodal-concrete-crack-detection-dataset/image/negative/neg_img_3011.jpg,0,normal,multimodal_concrete_crack_audio,val
dataset/multimodal-concrete-crack-detection-dataset/audio/negative/neg_audio_2888.wav,dataset/multimodal-concrete-crack-detection-dataset/image/negative/neg_img_2888.jpg,0,normal,multimodal_concrete_crack_audio,train
dataset/multimodal-concrete-crack-detection-dataset/audio/negative/neg_audio_2027.wav,dataset/multimodal-concrete-crack-detection-dataset/image/negative/neg_img_2027.jpg,0,normal,multimodal_concrete_crack_audio,train
dataset/multimodal-concrete-crack-detection-dataset/audio/negative/neg_audio_843.wav,dataset/multimodal-concrete-crack-detection-dataset/image/negative/neg_img_843.jpg,0,normal,multimodal_concrete_crack_audio,test
dataset/multimodal-concrete-crack-detection-dataset/audio/negative/neg_audio_2226.wav,dataset/multimodal-concrete-crack-detection-dataset/image/negative/neg_img_2226.jpg,0,normal,multimodal_concrete_crack_audio,val
dataset/multimodal-concrete-crack-detection-dataset/audio/positive/pos_audio_570.wav,dataset/multimodal-concrete-crack-detection-dataset/image/positive/pos_img_570.jpg,1,acoustic_abnormal,multimodal_concrete_crack_audio,test
dataset/multimodal-concrete-crack-detection-dataset/audio/negative/neg_audio_312.wav,dataset/multimodal-concrete-crack-detection-dataset/image/negative/neg_img_312.jpg,0,normal,multimodal_concrete_crack_audio,train
dataset/multimodal-concrete-crack-detection-dataset/audio/negative/neg_audio_314.wav,dataset/multimodal-concrete-crack-detection-dataset/image/negative/neg_img_314.jpg,0,normal,multimodal_concrete_crack_audio,train
dataset/multimodal-concrete-crack-detection-dataset/audio/negative/neg_audio_2689.wav,dataset/multimodal-concrete-crack-detection-dataset/image/negative/neg_img_2689.jpg,0,normal,multimodal_concrete_crack_audio,train
dataset/multimodal-concrete-crack-detection-dataset/audio/negative/neg_audio_501.wav,dataset/multimodal-concrete-crack-detection-dataset/image/negative/neg_img_501.jpg,0,normal,multimodal_concrete_crack_audio,val
dataset/multimodal-concrete-crack-detection-dataset/audio/negative/neg_audio_2693.wav,dataset/multimodal-concrete-crack-detection-dataset/image/negative/neg_img_2693.jpg,0,normal,multimodal_concrete_crack_audio,val
dataset/multimodal-concrete-crack-detection-dataset/audio/negative/neg_audio_1960.wav,dataset/multimodal-concrete-crack-detection-dataset/image/negative/neg_img_1960.jpg,0,normal,multimodal_concrete_crack_audio,train
dataset/multimodal-concrete-crack-detection-dataset/audio/negative/neg_audio_1629.wav,dataset/multimodal-concrete-crack-detection-dataset/image/negative/neg_img_1629.jpg,0,normal,multimodal_concrete_crack_audio,train
dataset/multimodal-concrete-crack-detection-dataset/audio/negative/neg_audio_2482.wav,dataset/multimodal-concrete-crack-detection-dataset/image/negative/neg_img_2482.jpg,0,normal,multimodal_concrete_crack_audio,train
dataset/multimodal-concrete-crack-detection-dataset/audio/negative/neg_audio_531.wav,dataset/multimodal-concrete-crack-detection-dataset/image/negative/neg_img_531.jpg,0,normal,multimodal_concrete_crack_audio,train
dataset/multimodal-concrete-crack-detection-dataset/audio/negative/neg_audio_1197.wav,dataset/multimodal-concrete-crack-detection-dataset/image/negative/neg_img_1197.jpg,0,normal,multimodal_concrete_crack_audio,train
dataset/multimodal-concrete-crack-detection-dataset/audio/positive/pos_audio_718.wav,dataset/multimodal-concrete-crack-detection-dataset/image/positive/pos_img_718.jpg,1,acoustic_abnormal,multimodal_concrete_crack_audio,train
dataset/multimodal-concrete-crack-detection-dataset/audio/negative/neg_audio_2683.wav,dataset/multimodal-concrete-crack-detection-dataset/image/negative/neg_img_2683.jpg,0,normal,multimodal_concrete_crack_audio,train
dataset/multimodal-concrete-crack-detection-dataset/audio/negative/neg_audio_2467.wav,dataset/multimodal-concrete-crack-detection-dataset/image/negative/neg_img_2467.jpg,0,normal,multimodal_concrete_crack_audio,train
dataset/multimodal-concrete-crack-detection-dataset/audio/negative/neg_audio_1432.wav,dataset/multimodal-concrete-crack-detection-dataset/image/negative/neg_img_1432.jpg,0,normal,multimodal_concrete_crack_audio,train
dataset/multimodal-concrete-crack-detection-dataset/audio/negative/neg_audio_1286.wav,dataset/multimodal-concrete-crack-detection-dataset/image/negative/neg_img_1286.jpg,0,normal,multimodal_concrete_crack_audio,train
dataset/multimodal-concrete-crack-detection-dataset/audio/negative/neg_audio_179.wav,dataset/multimodal-concrete-crack-detection-dataset/image/negative/neg_img_179.jpg,0,normal,multimodal_concrete_crack_audio,test
dataset/multimodal-concrete-crack-detection-dataset/audio/negative/neg_audio_1157.wav,dataset/multimodal-concrete-crack-detection-dataset/image/negative/neg_img_1157.jpg,0,normal,multimodal_concrete_crack_audio,test
dataset/multimodal-concrete-crack-detection-dataset/audio/negative/neg_audio_739.wav,dataset/multimodal-concrete-crack-detection-dataset/image/negative/neg_img_739.jpg,0,normal,multimodal_concrete_crack_audio,test
dataset/multimodal-concrete-crack-detection-dataset/audio/negative/neg_audio_1796.wav,dataset/multimodal-concrete-crack-detection-dataset/image/negative/neg_img_1796.jpg,0,normal,multimodal_concrete_crack_audio,train
dataset/multimodal-concrete-crack-detection-dataset/audio/negative/neg_audio_519.wav,dataset/multimodal-concrete-crack-detection-dataset/image/negative/neg_img_519.jpg,0,normal,multimodal_concrete_crack_audio,test
dataset/multimodal-concrete-crack-detection-dataset/audio/positive/pos_audio_32.wav,dataset/multimodal-concrete-crack-detection-dataset/image/positive/pos_img_32.jpg,1,acoustic_abnormal,multimodal_concrete_crack_audio,train
dataset/multimodal-concrete-crack-detection-dataset/audio/negative/neg_audio_313.wav,dataset/multimodal-concrete-crack-detection-dataset/image/negative/neg_img_313.jpg,0,normal,multimodal_concrete_crack_audio,train
dataset/multimodal-concrete-crack-detection-dataset/audio/positive/pos_audio_143.wav,dataset/multimodal-concrete-crack-detection-dataset/image/positive/pos_img_143.jpg,1,acoustic_abnormal,multimodal_concrete_crack_audio,test
dataset/multimodal-concrete-crack-detection-dataset/audio/negative/neg_audio_1023.wav,dataset/multimodal-concrete-crack-detection-dataset/image/negative/neg_img_1023.jpg,0,normal,multimodal_concrete_crack_audio,train
dataset/multimodal-concrete-crack-detection-dataset/audio/negative/neg_audio_2948.wav,dataset/multimodal-concrete-crack-detection-dataset/image/negative/neg_img_2948.jpg,0,normal,multimodal_concrete_crack_audio,train
dataset/multimodal-concrete-crack-detection-dataset/audio/negative/neg_audio_61.wav,dataset/multimodal-concrete-crack-detection-dataset/image/negative/neg_img_61.jpg,0,normal,multimodal_concrete_crack_audio,train
dataset/multimodal-concrete-crack-detection-dataset/audio/negative/neg_audio_187.wav,dataset/multimodal-concrete-crack-detection-dataset/image/negative/neg_img_187.jpg,0,normal,multimodal_concrete_crack_audio,train
dataset/multimodal-concrete-crack-detection-dataset/audio/negative/neg_audio_2326.wav,dataset/multimodal-concrete-crack-detection-dataset/image/negative/neg_img_2326.jpg,0,normal,multimodal_concrete_crack_audio,train
dataset/multimodal-concrete-crack-detection-dataset/audio/negative/neg_audio_2196.wav,dataset/multimodal-concrete-crack-detection-dataset/image/negative/neg_img_2196.jpg,0,normal,multimodal_concrete_crack_audio,test
dataset/multimodal-concrete-crack-detection-dataset/audio/negative/neg_audio_3082.wav,dataset/multimodal-concrete-crack-detection-dataset/image/negative/neg_img_3082.jpg,0,normal,multimodal_concrete_crack_audio,train
dataset/multimodal-concrete-crack-detection-dataset/audio/negative/neg_audio_3061.wav,dataset/multimodal-concrete-crack-detection-dataset/image/negative/neg_img_3061.jpg,0,normal,multimodal_concrete_crack_audio,train
dataset/multimodal-concrete-crack-detection-dataset/audio/negative/neg_audio_1691.wav,dataset/multimodal-concrete-crack-detection-dataset/image/negative/neg_img_1691.jpg,0,normal,multimodal_concrete_crack_audio,train
dataset/multimodal-concrete-crack-detection-dataset/audio/negative/neg_audio_930.wav,dataset/multimodal-concrete-crack-detection-dataset/image/negative/neg_img_930.jpg,0,normal,multimodal_concrete_crack_audio,val
dataset/multimodal-concrete-crack-detection-dataset/audio/negative/neg_audio_41.wav,dataset/multimodal-concrete-crack-detection-dataset/image/negative/neg_img_41.jpg,0,normal,multimodal_concrete_crack_audio,train
dataset/multimodal-concrete-crack-detection-dataset/audio/negative/neg_audio_2410.wav,dataset/multimodal-concrete-crack-detection-dataset/image/negative/neg_img_2410.jpg,0,normal,multimodal_concrete_crack_audio,train
dataset/multimodal-concrete-crack-detection-dataset/audio/negative/neg_audio_376.wav,dataset/multimodal-concrete-crack-detection-dataset/image/negative/neg_img_376.jpg,0,normal,multimodal_concrete_crack_audio,train
dataset/multimodal-concrete-crack-detection-dataset/audio/negative/neg_audio_950.wav,dataset/multimodal-concrete-crack-detection-dataset/image/negative/neg_img_950.jpg,0,normal,multimodal_concrete_crack_audio,train
dataset/multimodal-concrete-crack-detection-dataset/audio/negative/neg_audio_975.wav,dataset/multimodal-concrete-crack-detection-dataset/image/negative/neg_img_975.jpg,0,normal,multimodal_concrete_crack_audio,train
dataset/multimodal-concrete-crack-detection-dataset/audio/negative/neg_audio_237.wav,dataset/multimodal-concrete-crack-detection-dataset/image/negative/neg_img_237.jpg,0,normal,multimodal_concrete_crack_audio,train
dataset/multimodal-concrete-crack-detection-dataset/audio/negative/neg_audio_1788.wav,dataset/multimodal-concrete-crack-detection-dataset/image/negative/neg_img_1788.jpg,0,normal,multimodal_concrete_crack_audio,train
dataset/multimodal-concrete-crack-detection-dataset/audio/negative/neg_audio_1405.wav,dataset/multimodal-concrete-crack-detection-dataset/image/negative/neg_img_1405.jpg,0,normal,multimodal_concrete_crack_audio,train
dataset/multimodal-concrete-crack-detection-dataset/audio/positive/pos_audio_709.wav,dataset/multimodal-concrete-crack-detection-dataset/image/positive/pos_img_709.jpg,1,acoustic_abnormal,multimodal_concrete_crack_audio,train
dataset/multimodal-concrete-crack-detection-dataset/audio/negative/neg_audio_1440.wav,dataset/multimodal-concrete-crack-detection-dataset/image/negative/neg_img_1440.jpg,0,normal,multimodal_concrete_crack_audio,train
dataset/multimodal-concrete-crack-detection-dataset/audio/negative/neg_audio_1506.wav,dataset/multimodal-concrete-crack-detection-dataset/image/negative/neg_img_1506.jpg,0,normal,multimodal_concrete_crack_audio,val
dataset/multimodal-concrete-crack-detection-dataset/audio/negative/neg_audio_2521.wav,dataset/multimodal-concrete-crack-detection-dataset/image/negative/neg_img_2521.jpg,0,normal,multimodal_concrete_crack_audio,train
dataset/multimodal-concrete-crack-detection-dataset/audio/positive/pos_audio_849.wav,dataset/multimodal-concrete-crack-detection-dataset/image/positive/pos_img_849.jpg,1,acoustic_abnormal,multimodal_concrete_crack_audio,val
dataset/multimodal-concrete-crack-detection-dataset/audio/negative/neg_audio_1793.wav,dataset/multimodal-concrete-crack-detection-dataset/image/negative/neg_img_1793.jpg,0,normal,multimodal_concrete_crack_audio,train
dataset/multimodal-concrete-crack-detection-dataset/audio/negative/neg_audio_473.wav,dataset/multimodal-concrete-crack-detection-dataset/image/negative/neg_img_473.jpg,0,normal,multimodal_concrete_crack_audio,train
dataset/multimodal-concrete-crack-detection-dataset/audio/positive/pos_audio_749.wav,dataset/multimodal-concrete-crack-detection-dataset/image/positive/pos_img_749.jpg,1,acoustic_abnormal,multimodal_concrete_crack_audio,train
dataset/multimodal-concrete-crack-detection-dataset/audio/negative/neg_audio_2250.wav,dataset/multimodal-concrete-crack-detection-dataset/image/negative/neg_img_2250.jpg,0,normal,multimodal_concrete_crack_audio,train
dataset/multimodal-concrete-crack-detection-dataset/audio/negative/neg_audio_1748.wav,dataset/multimodal-concrete-crack-detection-dataset/image/negative/neg_img_1748.jpg,0,normal,multimodal_concrete_crack_audio,test
dataset/multimodal-concrete-crack-detection-dataset/audio/negative/neg_audio_2872.wav,dataset/multimodal-concrete-crack-detection-dataset/image/negative/neg_img_2872.jpg,0,normal,multimodal_concrete_crack_audio,train
dataset/multimodal-concrete-crack-detection-dataset/audio/negative/neg_audio_1760.wav,dataset/multimodal-concrete-crack-detection-dataset/image/negative/neg_img_1760.jpg,0,normal,multimodal_concrete_crack_audio,train
dataset/multimodal-concrete-crack-detection-dataset/audio/negative/neg_audio_512.wav,dataset/multimodal-concrete-crack-detection-dataset/image/negative/neg_img_512.jpg,0,normal,multimodal_concrete_crack_audio,train
dataset/multimodal-concrete-crack-detection-dataset/audio/negative/neg_audio_2848.wav,dataset/multimodal-concrete-crack-detection-dataset/image/negative/neg_img_2848.jpg,0,normal,multimodal_concrete_crack_audio,test
dataset/multimodal-concrete-crack-detection-dataset/audio/negative/neg_audio_1545.wav,dataset/multimodal-concrete-crack-detection-dataset/image/negative/neg_img_1545.jpg,0,normal,multimodal_concrete_crack_audio,train
dataset/multimodal-concrete-crack-detection-dataset/audio/negative/neg_audio_3136.wav,dataset/multimodal-concrete-crack-detection-dataset/image/negative/neg_img_3136.jpg,0,normal,multimodal_concrete_crack_audio,train
dataset/multimodal-concrete-crack-detection-dataset/audio/negative/neg_audio_1585.wav,dataset/multimodal-concrete-crack-detection-dataset/image/negative/neg_img_1585.jpg,0,normal,multimodal_concrete_crack_audio,train
dataset/multimodal-concrete-crack-detection-dataset/audio/negative/neg_audio_213.wav,dataset/multimodal-concrete-crack-detection-dataset/image/negative/neg_img_213.jpg,0,normal,multimodal_concrete_crack_audio,val
dataset/multimodal-concrete-crack-detection-dataset/audio/negative/neg_audio_1974.wav,dataset/multimodal-concrete-crack-detection-dataset/image/negative/neg_img_1974.jpg,0,normal,multimodal_concrete_crack_audio,val
dataset/multimodal-concrete-crack-detection-dataset/audio/negative/neg_audio_2263.wav,dataset/multimodal-concrete-crack-detection-dataset/image/negative/neg_img_2263.jpg,0,normal,multimodal_concrete_crack_audio,train
dataset/multimodal-concrete-crack-detection-dataset/audio/negative/neg_audio_74.wav,dataset/multimodal-concrete-crack-detection-dataset/image/negative/neg_img_74.jpg,0,normal,multimodal_concrete_crack_audio,train
dataset/multimodal-concrete-crack-detection-dataset/audio/negative/neg_audio_3022.wav,dataset/multimodal-concrete-crack-detection-dataset/image/negative/neg_img_3022.jpg,0,normal,multimodal_concrete_crack_audio,train
dataset/multimodal-concrete-crack-detection-dataset/audio/negative/neg_audio_2800.wav,dataset/multimodal-concrete-crack-detection-dataset/image/negative/neg_img_2800.jpg,0,normal,multimodal_concrete_crack_audio,train
dataset/multimodal-concrete-crack-detection-dataset/audio/negative/neg_audio_2793.wav,dataset/multimodal-concrete-crack-detection-dataset/image/negative/neg_img_2793.jpg,0,normal,multimodal_concrete_crack_audio,test
dataset/multimodal-concrete-crack-detection-dataset/audio/negative/neg_audio_1553.wav,dataset/multimodal-concrete-crack-detection-dataset/image/negative/neg_img_1553.jpg,0,normal,multimodal_concrete_crack_audio,train
dataset/multimodal-concrete-crack-detection-dataset/audio/negative/neg_audio_2490.wav,dataset/multimodal-concrete-crack-detection-dataset/image/negative/neg_img_2490.jpg,0,normal,multimodal_concrete_crack_audio,train
dataset/multimodal-concrete-crack-detection-dataset/audio/positive/pos_audio_152.wav,dataset/multimodal-concrete-crack-detection-dataset/image/positive/pos_img_152.jpg,1,acoustic_abnormal,multimodal_concrete_crack_audio,train
dataset/multimodal-concrete-crack-detection-dataset/audio/negative/neg_audio_803.wav,dataset/multimodal-concrete-crack-detection-dataset/image/negative/neg_img_803.jpg,0,normal,multimodal_concrete_crack_audio,train
dataset/multimodal-concrete-crack-detection-dataset/audio/negative/neg_audio_3202.wav,dataset/multimodal-concrete-crack-detection-dataset/image/negative/neg_img_3202.jpg,0,normal,multimodal_concrete_crack_audio,train
dataset/multimodal-concrete-crack-detection-dataset/audio/negative/neg_audio_3168.wav,dataset/multimodal-concrete-crack-detection-dataset/image/negative/neg_img_3168.jpg,0,normal,multimodal_concrete_crack_audio,val
dataset/multimodal-concrete-crack-detection-dataset/audio/negative/neg_audio_107.wav,dataset/multimodal-concrete-crack-detection-dataset/image/negative/neg_img_107.jpg,0,normal,multimodal_concrete_crack_audio,val
dataset/multimodal-concrete-crack-detection-dataset/audio/negative/neg_audio_226.wav,dataset/multimodal-concrete-crack-detection-dataset/image/negative/neg_img_226.jpg,0,normal,multimodal_concrete_crack_audio,train
dataset/multimodal-concrete-crack-detection-dataset/audio/negative/neg_audio_87.wav,dataset/multimodal-concrete-crack-detection-dataset/image/negative/neg_img_87.jpg,0,normal,multimodal_concrete_crack_audio,test
dataset/multimodal-concrete-crack-detection-dataset/audio/negative/neg_audio_932.wav,dataset/multimodal-concrete-crack-detection-dataset/image/negative/neg_img_932.jpg,0,normal,multimodal_concrete_crack_audio,train
dataset/multimodal-concrete-crack-detection-dataset/audio/negative/neg_audio_3201.wav,dataset/multimodal-concrete-crack-detection-dataset/image/negative/neg_img_3201.jpg,0,normal,multimodal_concrete_crack_audio,val
dataset/multimodal-concrete-crack-detection-dataset/audio/negative/neg_audio_1242.wav,dataset/multimodal-concrete-crack-detection-dataset/image/negative/neg_img_1242.jpg,0,normal,multimodal_concrete_crack_audio,test
dataset/multimodal-concrete-crack-detection-dataset/audio/negative/neg_audio_1956.wav,dataset/multimodal-concrete-crack-detection-dataset/image/negative/neg_img_1956.jpg,0,normal,multimodal_concrete_crack_audio,train
dataset/multimodal-concrete-crack-detection-dataset/audio/negative/neg_audio_1767.wav,dataset/multimodal-concrete-crack-detection-dataset/image/negative/neg_img_1767.jpg,0,normal,multimodal_concrete_crack_audio,train
dataset/multimodal-concrete-crack-detection-dataset/audio/positive/pos_audio_622.wav,dataset/multimodal-concrete-crack-detection-dataset/image/positive/pos_img_622.jpg,1,acoustic_abnormal,multimodal_concrete_crack_audio,val
dataset/multimodal-concrete-crack-detection-dataset/audio/negative/neg_audio_2663.wav,dataset/multimodal-concrete-crack-detection-dataset/image/negative/neg_img_2663.jpg,0,normal,multimodal_concrete_crack_audio,train
dataset/multimodal-concrete-crack-detection-dataset/audio/negative/neg_audio_922.wav,dataset/multimodal-concrete-crack-detection-dataset/image/negative/neg_img_922.jpg,0,normal,multimodal_concrete_crack_audio,val
dataset/multimodal-concrete-crack-detection-dataset/audio/negative/neg_audio_2079.wav,dataset/multimodal-concrete-crack-detection-dataset/image/negative/neg_img_2079.jpg,0,normal,multimodal_concrete_crack_audio,train
dataset/multimodal-concrete-crack-detection-dataset/audio/negative/neg_audio_2034.wav,dataset/multimodal-concrete-crack-detection-dataset/image/negative/neg_img_2034.jpg,0,normal,multimodal_concrete_crack_audio,test
dataset/multimodal-concrete-crack-detection-dataset/audio/negative/neg_audio_145.wav,dataset/multimodal-concrete-crack-detection-dataset/image/negative/neg_img_145.jpg,0,normal,multimodal_concrete_crack_audio,val
dataset/multimodal-concrete-crack-detection-dataset/audio/negative/neg_audio_426.wav,dataset/multimodal-concrete-crack-detection-dataset/image/negative/neg_img_426.jpg,0,normal,multimodal_concrete_crack_audio,val
dataset/multimodal-concrete-crack-detection-dataset/audio/negative/neg_audio_170.wav,dataset/multimodal-concrete-crack-detection-dataset/image/negative/neg_img_170.jpg,0,normal,multimodal_concrete_crack_audio,train
dataset/multimodal-concrete-crack-detection-dataset/audio/negative/neg_audio_2962.wav,dataset/multimodal-concrete-crack-detection-dataset/image/negative/neg_img_2962.jpg,0,normal,multimodal_concrete_crack_audio,val
dataset/multimodal-concrete-crack-detection-dataset/audio/positive/pos_audio_610.wav,dataset/multimodal-concrete-crack-detection-dataset/image/positive/pos_img_610.jpg,1,acoustic_abnormal,multimodal_concrete_crack_audio,train
dataset/multimodal-concrete-crack-detection-dataset/audio/positive/pos_audio_300.wav,dataset/multimodal-concrete-crack-detection-dataset/image/positive/pos_img_300.jpg,1,acoustic_abnormal,multimodal_concrete_crack_audio,train
dataset/multimodal-concrete-crack-detection-dataset/audio/negative/neg_audio_1961.wav,dataset/multimodal-concrete-crack-detection-dataset/image/negative/neg_img_1961.jpg,0,normal,multimodal_concrete_crack_audio,test
dataset/multimodal-concrete-crack-detection-dataset/audio/negative/neg_audio_2258.wav,dataset/multimodal-concrete-crack-detection-dataset/image/negative/neg_img_2258.jpg,0,normal,multimodal_concrete_crack_audio,train
dataset/multimodal-concrete-crack-detection-dataset/audio/positive/pos_audio_603.wav,dataset/multimodal-concrete-crack-detection-dataset/image/positive/pos_img_603.jpg,1,acoustic_abnormal,multimodal_concrete_crack_audio,train
dataset/multimodal-concrete-crack-detection-dataset/audio/positive/pos_audio_673.wav,dataset/multimodal-concrete-crack-detection-dataset/image/positive/pos_img_673.jpg,1,acoustic_abnormal,multimodal_concrete_crack_audio,train
dataset/multimodal-concrete-crack-detection-dataset/audio/positive/pos_audio_472.wav,dataset/multimodal-concrete-crack-detection-dataset/image/positive/pos_img_472.jpg,1,acoustic_abnormal,multimodal_concrete_crack_audio,val
dataset/multimodal-concrete-crack-detection-dataset/audio/negative/neg_audio_2450.wav,dataset/multimodal-concrete-crack-detection-dataset/image/negative/neg_img_2450.jpg,0,normal,multimodal_concrete_crack_audio,train
dataset/multimodal-concrete-crack-detection-dataset/audio/negative/neg_audio_1704.wav,dataset/multimodal-concrete-crack-detection-dataset/image/negative/neg_img_1704.jpg,0,normal,multimodal_concrete_crack_audio,train
dataset/multimodal-concrete-crack-detection-dataset/audio/negative/neg_audio_289.wav,dataset/multimodal-concrete-crack-detection-dataset/image/negative/neg_img_289.jpg,0,normal,multimodal_concrete_crack_audio,test
dataset/multimodal-concrete-crack-detection-dataset/audio/negative/neg_audio_1416.wav,dataset/multimodal-concrete-crack-detection-dataset/image/negative/neg_img_1416.jpg,0,normal,multimodal_concrete_crack_audio,train
dataset/multimodal-concrete-crack-detection-dataset/audio/negative/neg_audio_144.wav,dataset/multimodal-concrete-crack-detection-dataset/image/negative/neg_img_144.jpg,0,normal,multimodal_concrete_crack_audio,train
dataset/multimodal-concrete-crack-detection-dataset/audio/positive/pos_audio_501.wav,dataset/multimodal-concrete-crack-detection-dataset/image/positive/pos_img_501.jpg,1,acoustic_abnormal,multimodal_concrete_crack_audio,test
dataset/multimodal-concrete-crack-detection-dataset/audio/negative/neg_audio_3135.wav,dataset/multimodal-concrete-crack-detection-dataset/image/negative/neg_img_3135.jpg,0,normal,multimodal_concrete_crack_audio,train
dataset/multimodal-concrete-crack-detection-dataset/audio/negative/neg_audio_2879.wav,dataset/multimodal-concrete-crack-detection-dataset/image/negative/neg_img_2879.jpg,0,normal,multimodal_concrete_crack_audio,train
dataset/multimodal-concrete-crack-detection-dataset/audio/negative/neg_audio_2498.wav,dataset/multimodal-concrete-crack-detection-dataset/image/negative/neg_img_2498.jpg,0,normal,multimodal_concrete_crack_audio,train
dataset/multimodal-concrete-crack-detection-dataset/audio/positive/pos_audio_581.wav,dataset/multimodal-concrete-crack-detection-dataset/image/positive/pos_img_581.jpg,1,acoustic_abnormal,multimodal_concrete_crack_audio,train
dataset/multimodal-concrete-crack-detection-dataset/audio/positive/pos_audio_451.wav,dataset/multimodal-concrete-crack-detection-dataset/image/positive/pos_img_451.jpg,1,acoustic_abnormal,multimodal_concrete_crack_audio,val
dataset/multimodal-concrete-crack-detection-dataset/audio/positive/pos_audio_256.wav,dataset/multimodal-concrete-crack-detection-dataset/image/positive/pos_img_256.jpg,1,acoustic_abnormal,multimodal_concrete_crack_audio,train
dataset/multimodal-concrete-crack-detection-dataset/audio/positive/pos_audio_882.wav,dataset/multimodal-concrete-crack-detection-dataset/image/positive/pos_img_882.jpg,1,acoustic_abnormal,multimodal_concrete_crack_audio,test
dataset/multimodal-concrete-crack-detection-dataset/audio/negative/neg_audio_965.wav,dataset/multimodal-concrete-crack-detection-dataset/image/negative/neg_img_965.jpg,0,normal,multimodal_concrete_crack_audio,train
dataset/multimodal-concrete-crack-detection-dataset/audio/negative/neg_audio_255.wav,dataset/multimodal-concrete-crack-detection-dataset/image/negative/neg_img_255.jpg,0,normal,multimodal_concrete_crack_audio,train
dataset/multimodal-concrete-crack-detection-dataset/audio/positive/pos_audio_755.wav,dataset/multimodal-concrete-crack-detection-dataset/image/positive/pos_img_755.jpg,1,acoustic_abnormal,multimodal_concrete_crack_audio,train
dataset/multimodal-concrete-crack-detection-dataset/audio/negative/neg_audio_3102.wav,dataset/multimodal-concrete-crack-detection-dataset/image/negative/neg_img_3102.jpg,0,normal,multimodal_concrete_crack_audio,train
dataset/multimodal-concrete-crack-detection-dataset/audio/negative/neg_audio_1350.wav,dataset/multimodal-concrete-crack-detection-dataset/image/negative/neg_img_1350.jpg,0,normal,multimodal_concrete_crack_audio,train
dataset/multimodal-concrete-crack-detection-dataset/audio/positive/pos_audio_834.wav,dataset/multimodal-concrete-crack-detection-dataset/image/positive/pos_img_834.jpg,1,acoustic_abnormal,multimodal_concrete_crack_audio,train
dataset/multimodal-concrete-crack-detection-dataset/audio/negative/neg_audio_2240.wav,dataset/multimodal-concrete-crack-detection-dataset/image/negative/neg_img_2240.jpg,0,normal,multimodal_concrete_crack_audio,train
dataset/multimodal-concrete-crack-detection-dataset/audio/positive/pos_audio_436.wav,dataset/multimodal-concrete-crack-detection-dataset/image/positive/pos_img_436.jpg,1,acoustic_abnormal,multimodal_concrete_crack_audio,train
dataset/multimodal-concrete-crack-detection-dataset/audio/positive/pos_audio_354.wav,dataset/multimodal-concrete-crack-detection-dataset/image/positive/pos_img_354.jpg,1,acoustic_abnormal,multimodal_concrete_crack_audio,val
dataset/multimodal-concrete-crack-detection-dataset/audio/negative/neg_audio_243.wav,dataset/multimodal-concrete-crack-detection-dataset/image/negative/neg_img_243.jpg,0,normal,multimodal_concrete_crack_audio,train
dataset/multimodal-concrete-crack-detection-dataset/audio/negative/neg_audio_3132.wav,dataset/multimodal-concrete-crack-detection-dataset/image/negative/neg_img_3132.jpg,0,normal,multimodal_concrete_crack_audio,train
dataset/multimodal-concrete-crack-detection-dataset/audio/negative/neg_audio_1370.wav,dataset/multimodal-concrete-crack-detection-dataset/image/negative/neg_img_1370.jpg,0,normal,multimodal_concrete_crack_audio,val
dataset/multimodal-concrete-crack-detection-dataset/audio/negative/neg_audio_821.wav,dataset/multimodal-concrete-crack-detection-dataset/image/negative/neg_img_821.jpg,0,normal,multimodal_concrete_crack_audio,train
dataset/multimodal-concrete-crack-detection-dataset/audio/negative/neg_audio_1068.wav,dataset/multimodal-concrete-crack-detection-dataset/image/negative/neg_img_1068.jpg,0,normal,multimodal_concrete_crack_audio,train
dataset/multimodal-concrete-crack-detection-dataset/audio/negative/neg_audio_1726.wav,dataset/multimodal-concrete-crack-detection-dataset/image/negative/neg_img_1726.jpg,0,normal,multimodal_concrete_crack_audio,train
dataset/multimodal-concrete-crack-detection-dataset/audio/negative/neg_audio_1384.wav,dataset/multimodal-concrete-crack-detection-dataset/image/negative/neg_img_1384.jpg,0,normal,multimodal_concrete_crack_audio,val
dataset/multimodal-concrete-crack-detection-dataset/audio/negative/neg_audio_132.wav,dataset/multimodal-concrete-crack-detection-dataset/image/negative/neg_img_132.jpg,0,normal,multimodal_concrete_crack_audio,train
dataset/multimodal-concrete-crack-detection-dataset/audio/negative/neg_audio_122.wav,dataset/multimodal-concrete-crack-detection-dataset/image/negative/neg_img_122.jpg,0,normal,multimodal_concrete_crack_audio,train
dataset/multimodal-concrete-crack-detection-dataset/audio/negative/neg_audio_2675.wav,dataset/multimodal-concrete-crack-detection-dataset/image/negative/neg_img_2675.jpg,0,normal,multimodal_concrete_crack_audio,train
dataset/multimodal-concrete-crack-detection-dataset/audio/negative/neg_audio_1077.wav,dataset/multimodal-concrete-crack-detection-dataset/image/negative/neg_img_1077.jpg,0,normal,multimodal_concrete_crack_audio,train
dataset/multimodal-concrete-crack-detection-dataset/audio/negative/neg_audio_1929.wav,dataset/multimodal-concrete-crack-detection-dataset/image/negative/neg_img_1929.jpg,0,normal,multimodal_concrete_crack_audio,train
dataset/multimodal-concrete-crack-detection-dataset/audio/negative/neg_audio_2387.wav,dataset/multimodal-concrete-crack-detection-dataset/image/negative/neg_img_2387.jpg,0,normal,multimodal_concrete_crack_audio,test
dataset/multimodal-concrete-crack-detection-dataset/audio/positive/pos_audio_873.wav,dataset/multimodal-concrete-crack-detection-dataset/image/positive/pos_img_873.jpg,1,acoustic_abnormal,multimodal_concrete_crack_audio,train
dataset/multimodal-concrete-crack-detection-dataset/audio/positive/pos_audio_590.wav,dataset/multimodal-concrete-crack-detection-dataset/image/positive/pos_img_590.jpg,1,acoustic_abnormal,multimodal_concrete_crack_audio,train
dataset/multimodal-concrete-crack-detection-dataset/audio/negative/neg_audio_2236.wav,dataset/multimodal-concrete-crack-detection-dataset/image/negative/neg_img_2236.jpg,0,normal,multimodal_concrete_crack_audio,train
dataset/multimodal-concrete-crack-detection-dataset/audio/negative/neg_audio_232.wav,dataset/multimodal-concrete-crack-detection-dataset/image/negative/neg_img_232.jpg,0,normal,multimodal_concrete_crack_audio,train
dataset/multimodal-concrete-crack-detection-dataset/audio/positive/pos_audio_188.wav,dataset/multimodal-concrete-crack-detection-dataset/image/positive/pos_img_188.jpg,1,acoustic_abnormal,multimodal_concrete_crack_audio,train
dataset/multimodal-concrete-crack-detection-dataset/audio/negative/neg_audio_1635.wav,dataset/multimodal-concrete-crack-detection-dataset/image/negative/neg_img_1635.jpg,0,normal,multimodal_concrete_crack_audio,train
dataset/multimodal-concrete-crack-detection-dataset/audio/negative/neg_audio_1278.wav,dataset/multimodal-concrete-crack-detection-dataset/image/negative/neg_img_1278.jpg,0,normal,multimodal_concrete_crack_audio,train
dataset/multimodal-concrete-crack-detection-dataset/audio/negative/neg_audio_2048.wav,dataset/multimodal-concrete-crack-detection-dataset/image/negative/neg_img_2048.jpg,0,normal,multimodal_concrete_crack_audio,train
dataset/multimodal-concrete-crack-detection-dataset/audio/negative/neg_audio_2503.wav,dataset/multimodal-concrete-crack-detection-dataset/image/negative/neg_img_2503.jpg,0,normal,multimodal_concrete_crack_audio,train
dataset/multimodal-concrete-crack-detection-dataset/audio/negative/neg_audio_2120.wav,dataset/multimodal-concrete-crack-detection-dataset/image/negative/neg_img_2120.jpg,0,normal,multimodal_concrete_crack_audio,test
dataset/multimodal-concrete-crack-detection-dataset/audio/negative/neg_audio_988.wav,dataset/multimodal-concrete-crack-detection-dataset/image/negative/neg_img_988.jpg,0,normal,multimodal_concrete_crack_audio,test
dataset/multimodal-concrete-crack-detection-dataset/audio/positive/pos_audio_867.wav,dataset/multimodal-concrete-crack-detection-dataset/image/positive/pos_img_867.jpg,1,acoustic_abnormal,multimodal_concrete_crack_audio,val
dataset/multimodal-concrete-crack-detection-dataset/audio/negative/neg_audio_2188.wav,dataset/multimodal-concrete-crack-detection-dataset/image/negative/neg_img_2188.jpg,0,normal,multimodal_concrete_crack_audio,train
dataset/multimodal-concrete-crack-detection-dataset/audio/negative/neg_audio_306.wav,dataset/multimodal-concrete-crack-detection-dataset/image/negative/neg_img_306.jpg,0,normal,multimodal_concrete_crack_audio,train
dataset/multimodal-concrete-crack-detection-dataset/audio/positive/pos_audio_835.wav,dataset/multimodal-concrete-crack-detection-dataset/image/positive/pos_img_835.jpg,1,acoustic_abnormal,multimodal_concrete_crack_audio,val
dataset/multimodal-concrete-crack-detection-dataset/audio/negative/neg_audio_646.wav,dataset/multimodal-concrete-crack-detection-dataset/image/negative/neg_img_646.jpg,0,normal,multimodal_concrete_crack_audio,test
dataset/multimodal-concrete-crack-detection-dataset/audio/negative/neg_audio_278.wav,dataset/multimodal-concrete-crack-detection-dataset/image/negative/neg_img_278.jpg,0,normal,multimodal_concrete_crack_audio,train
dataset/multimodal-concrete-crack-detection-dataset/audio/positive/pos_audio_347.wav,dataset/multimodal-concrete-crack-detection-dataset/image/positive/pos_img_347.jpg,1,acoustic_abnormal,multimodal_concrete_crack_audio,val
dataset/multimodal-concrete-crack-detection-dataset/audio/negative/neg_audio_2880.wav,dataset/multimodal-concrete-crack-detection-dataset/image/negative/neg_img_2880.jpg,0,normal,multimodal_concrete_crack_audio,train
dataset/multimodal-concrete-crack-detection-dataset/audio/positive/pos_audio_338.wav,dataset/multimodal-concrete-crack-detection-dataset/image/positive/pos_img_338.jpg,1,acoustic_abnormal,multimodal_concrete_crack_audio,train
dataset/multimodal-concrete-crack-detection-dataset/audio/positive/pos_audio_624.wav,dataset/multimodal-concrete-crack-detection-dataset/image/positive/pos_img_624.jpg,1,acoustic_abnormal,multimodal_concrete_crack_audio,val
dataset/multimodal-concrete-crack-detection-dataset/audio/positive/pos_audio_390.wav,dataset/multimodal-concrete-crack-detection-dataset/image/positive/pos_img_390.jpg,1,acoustic_abnormal,multimodal_concrete_crack_audio,train
dataset/multimodal-concrete-crack-detection-dataset/audio/positive/pos_audio_160.wav,dataset/multimodal-concrete-crack-detection-dataset/image/positive/pos_img_160.jpg,1,acoustic_abnormal,multimodal_concrete_crack_audio,train
dataset/multimodal-concrete-crack-detection-dataset/audio/negative/neg_audio_917.wav,dataset/multimodal-concrete-crack-detection-dataset/image/negative/neg_img_917.jpg,0,normal,multimodal_concrete_crack_audio,val
dataset/multimodal-concrete-crack-detection-dataset/audio/negative/neg_audio_92.wav,dataset/multimodal-concrete-crack-detection-dataset/image/negative/neg_img_92.jpg,0,normal,multimodal_concrete_crack_audio,train
dataset/multimodal-concrete-crack-detection-dataset/audio/negative/neg_audio_1355.wav,dataset/multimodal-concrete-crack-detection-dataset/image/negative/neg_img_1355.jpg,0,normal,multimodal_concrete_crack_audio,train
dataset/multimodal-concrete-crack-detection-dataset/audio/negative/neg_audio_2214.wav,dataset/multimodal-concrete-crack-detection-dataset/image/negative/neg_img_2214.jpg,0,normal,multimodal_concrete_crack_audio,train
dataset/multimodal-concrete-crack-detection-dataset/audio/negative/neg_audio_2463.wav,dataset/multimodal-concrete-crack-detection-dataset/image/negative/neg_img_2463.jpg,0,normal,multimodal_concrete_crack_audio,test
dataset/multimodal-concrete-crack-detection-dataset/audio/negative/neg_audio_210.wav,dataset/multimodal-concrete-crack-detection-dataset/image/negative/neg_img_210.jpg,0,normal,multimodal_concrete_crack_audio,val
dataset/multimodal-concrete-crack-detection-dataset/audio/negative/neg_audio_944.wav,dataset/multimodal-concrete-crack-detection-dataset/image/negative/neg_img_944.jpg,0,normal,multimodal_concrete_crack_audio,train
dataset/multimodal-concrete-crack-detection-dataset/audio/negative/neg_audio_2042.wav,dataset/multimodal-concrete-crack-detection-dataset/image/negative/neg_img_2042.jpg,0,normal,multimodal_concrete_crack_audio,train
dataset/multimodal-concrete-crack-detection-dataset/audio/negative/neg_audio_483.wav,dataset/multimodal-concrete-crack-detection-dataset/image/negative/neg_img_483.jpg,0,normal,multimodal_concrete_crack_audio,train
dataset/multimodal-concrete-crack-detection-dataset/audio/positive/pos_audio_862.wav,dataset/multimodal-concrete-crack-detection-dataset/image/positive/pos_img_862.jpg,1,acoustic_abnormal,multimodal_concrete_crack_audio,train
dataset/multimodal-concrete-crack-detection-dataset/audio/negative/neg_audio_1221.wav,dataset/multimodal-concrete-crack-detection-dataset/image/negative/neg_img_1221.jpg,0,normal,multimodal_concrete_crack_audio,train
dataset/multimodal-concrete-crack-detection-dataset/audio/negative/neg_audio_2118.wav,dataset/multimodal-concrete-crack-detection-dataset/image/negative/neg_img_2118.jpg,0,normal,multimodal_concrete_crack_audio,train
dataset/multimodal-concrete-crack-detection-dataset/audio/positive/pos_audio_555.wav,dataset/multimodal-concrete-crack-detection-dataset/image/positive/pos_img_555.jpg,1,acoustic_abnormal,multimodal_concrete_crack_audio,train
dataset/multimodal-concrete-crack-detection-dataset/audio/negative/neg_audio_520.wav,dataset/multimodal-concrete-crack-detection-dataset/image/negative/neg_img_520.jpg,0,normal,multimodal_concrete_crack_audio,train
dataset/multimodal-concrete-crack-detection-dataset/audio/negative/neg_audio_320.wav,dataset/multimodal-concrete-crack-detection-dataset/image/negative/neg_img_320.jpg,0,normal,multimodal_concrete_crack_audio,test
dataset/multimodal-concrete-crack-detection-dataset/audio/negative/neg_audio_2331.wav,dataset/multimodal-concrete-crack-detection-dataset/image/negative/neg_img_2331.jpg,0,normal,multimodal_concrete_crack_audio,test
dataset/multimodal-concrete-crack-detection-dataset/audio/negative/neg_audio_290.wav,dataset/multimodal-concrete-crack-detection-dataset/image/negative/neg_img_290.jpg,0,normal,multimodal_concrete_crack_audio,train
dataset/multimodal-concrete-crack-detection-dataset/audio/negative/neg_audio_1540.wav,dataset/multimodal-concrete-crack-detection-dataset/image/negative/neg_img_1540.jpg,0,normal,multimodal_concrete_crack_audio,train
dataset/multimodal-concrete-crack-detection-dataset/audio/negative/neg_audio_2561.wav,dataset/multimodal-concrete-crack-detection-dataset/image/negative/neg_img_2561.jpg,0,normal,multimodal_concrete_crack_audio,val
dataset/multimodal-concrete-crack-detection-dataset/audio/positive/pos_audio_539.wav,dataset/multimodal-concrete-crack-detection-dataset/image/positive/pos_img_539.jpg,1,acoustic_abnormal,multimodal_concrete_crack_audio,train
dataset/multimodal-concrete-crack-detection-dataset/audio/negative/neg_audio_1797.wav,dataset/multimodal-concrete-crack-detection-dataset/image/negative/neg_img_1797.jpg,0,normal,multimodal_concrete_crack_audio,test
dataset/multimodal-concrete-crack-detection-dataset/audio/positive/pos_audio_445.wav,dataset/multimodal-concrete-crack-detection-dataset/image/positive/pos_img_445.jpg,1,acoustic_abnormal,multimodal_concrete_crack_audio,train
dataset/multimodal-concrete-crack-detection-dataset/audio/positive/pos_audio_79.wav,dataset/multimodal-concrete-crack-detection-dataset/image/positive/pos_img_79.jpg,1,acoustic_abnormal,multimodal_concrete_crack_audio,train
dataset/multimodal-concrete-crack-detection-dataset/audio/positive/pos_audio_623.wav,dataset/multimodal-concrete-crack-detection-dataset/image/positive/pos_img_623.jpg,1,acoustic_abnormal,multimodal_concrete_crack_audio,train
dataset/multimodal-concrete-crack-detection-dataset/audio/negative/neg_audio_2288.wav,dataset/multimodal-concrete-crack-detection-dataset/image/negative/neg_img_2288.jpg,0,normal,multimodal_concrete_crack_audio,test
dataset/multimodal-concrete-crack-detection-dataset/audio/negative/neg_audio_2533.wav,dataset/multimodal-concrete-crack-detection-dataset/image/negative/neg_img_2533.jpg,0,normal,multimodal_concrete_crack_audio,train
dataset/multimodal-concrete-crack-detection-dataset/audio/negative/neg_audio_1460.wav,dataset/multimodal-concrete-crack-detection-dataset/image/negative/neg_img_1460.jpg,0,normal,multimodal_concrete_crack_audio,val
dataset/multimodal-concrete-crack-detection-dataset/audio/positive/pos_audio_629.wav,dataset/multimodal-concrete-crack-detection-dataset/image/positive/pos_img_629.jpg,1,acoustic_abnormal,multimodal_concrete_crack_audio,train
dataset/multimodal-concrete-crack-detection-dataset/audio/negative/neg_audio_2051.wav,dataset/multimodal-concrete-crack-detection-dataset/image/negative/neg_img_2051.jpg,0,normal,multimodal_concrete_crack_audio,val
dataset/multimodal-concrete-crack-detection-dataset/audio/positive/pos_audio_434.wav,dataset/multimodal-concrete-crack-detection-dataset/image/positive/pos_img_434.jpg,1,acoustic_abnormal,multimodal_concrete_crack_audio,val
dataset/multimodal-concrete-crack-detection-dataset/audio/positive/pos_audio_185.wav,dataset/multimodal-concrete-crack-detection-dataset/image/positive/pos_img_185.jpg,1,acoustic_abnormal,multimodal_concrete_crack_audio,train
dataset/multimodal-concrete-crack-detection-dataset/audio/negative/neg_audio_2336.wav,dataset/multimodal-concrete-crack-detection-dataset/image/negative/neg_img_2336.jpg,0,normal,multimodal_concrete_crack_audio,train
dataset/multimodal-concrete-crack-detection-dataset/audio/negative/neg_audio_849.wav,dataset/multimodal-concrete-crack-detection-dataset/image/negative/neg_img_849.jpg,0,normal,multimodal_concrete_crack_audio,train
dataset/multimodal-concrete-crack-detection-dataset/audio/negative/neg_audio_778.wav,dataset/multimodal-concrete-crack-detection-dataset/image/negative/neg_img_778.jpg,0,normal,multimodal_concrete_crack_audio,val
dataset/multimodal-concrete-crack-detection-dataset/audio/negative/neg_audio_2032.wav,dataset/multimodal-concrete-crack-detection-dataset/image/negative/neg_img_2032.jpg,0,normal,multimodal_concrete_crack_audio,train
dataset/multimodal-concrete-crack-detection-dataset/audio/negative/neg_audio_2163.wav,dataset/multimodal-concrete-crack-detection-dataset/image/negative/neg_img_2163.jpg,0,normal,multimodal_concrete_crack_audio,train
dataset/multimodal-concrete-crack-detection-dataset/audio/negative/neg_audio_2630.wav,dataset/multimodal-concrete-crack-detection-dataset/image/negative/neg_img_2630.jpg,0,normal,multimodal_concrete_crack_audio,val
dataset/multimodal-concrete-crack-detection-dataset/audio/negative/neg_audio_2983.wav,dataset/multimodal-concrete-crack-detection-dataset/image/negative/neg_img_2983.jpg,0,normal,multimodal_concrete_crack_audio,train
dataset/multimodal-concrete-crack-detection-dataset/audio/negative/neg_audio_2989.wav,dataset/multimodal-concrete-crack-detection-dataset/image/negative/neg_img_2989.jpg,0,normal,multimodal_concrete_crack_audio,train
dataset/multimodal-concrete-crack-detection-dataset/audio/negative/neg_audio_2794.wav,dataset/multimodal-concrete-crack-detection-dataset/image/negative/neg_img_2794.jpg,0,normal,multimodal_concrete_crack_audio,train
dataset/multimodal-concrete-crack-detection-dataset/audio/negative/neg_audio_759.wav,dataset/multimodal-concrete-crack-detection-dataset/image/negative/neg_img_759.jpg,0,normal,multimodal_concrete_crack_audio,val
dataset/multimodal-concrete-crack-detection-dataset/audio/negative/neg_audio_1395.wav,dataset/multimodal-concrete-crack-detection-dataset/image/negative/neg_img_1395.jpg,0,normal,multimodal_concrete_crack_audio,train
dataset/multimodal-concrete-crack-detection-dataset/audio/negative/neg_audio_294.wav,dataset/multimodal-concrete-crack-detection-dataset/image/negative/neg_img_294.jpg,0,normal,multimodal_concrete_crack_audio,train
dataset/multimodal-concrete-crack-detection-dataset/audio/negative/neg_audio_2238.wav,dataset/multimodal-concrete-crack-detection-dataset/image/negative/neg_img_2238.jpg,0,normal,multimodal_concrete_crack_audio,train
dataset/multimodal-concrete-crack-detection-dataset/audio/negative/neg_audio_2327.wav,dataset/multimodal-concrete-crack-detection-dataset/image/negative/neg_img_2327.jpg,0,normal,multimodal_concrete_crack_audio,train
dataset/multimodal-concrete-crack-detection-dataset/audio/negative/neg_audio_1671.wav,dataset/multimodal-concrete-crack-detection-dataset/image/negative/neg_img_1671.jpg,0,normal,multimodal_concrete_crack_audio,train
dataset/multimodal-concrete-crack-detection-dataset/audio/negative/neg_audio_3171.wav,dataset/multimodal-concrete-crack-detection-dataset/image/negative/neg_img_3171.jpg,0,normal,multimodal_concrete_crack_audio,val
dataset/multimodal-concrete-crack-detection-dataset/audio/positive/pos_audio_713.wav,dataset/multimodal-concrete-crack-detection-dataset/image/positive/pos_img_713.jpg,1,acoustic_abnormal,multimodal_concrete_crack_audio,train
dataset/multimodal-concrete-crack-detection-dataset/audio/negative/neg_audio_21.wav,dataset/multimodal-concrete-crack-detection-dataset/image/negative/neg_img_21.jpg,0,normal,multimodal_concrete_crack_audio,test
dataset/multimodal-concrete-crack-detection-dataset/audio/positive/pos_audio_526.wav,dataset/multimodal-concrete-crack-detection-dataset/image/positive/pos_img_526.jpg,1,acoustic_abnormal,multimodal_concrete_crack_audio,train
dataset/multimodal-concrete-crack-detection-dataset/audio/positive/pos_audio_113.wav,dataset/multimodal-concrete-crack-detection-dataset/image/positive/pos_img_113.jpg,1,acoustic_abnormal,multimodal_concrete_crack_audio,train
dataset/multimodal-concrete-crack-detection-dataset/audio/negative/neg_audio_136.wav,dataset/multimodal-concrete-crack-detection-dataset/image/negative/neg_img_136.jpg,0,normal,multimodal_concrete_crack_audio,train
dataset/multimodal-concrete-crack-detection-dataset/audio/positive/pos_audio_841.wav,dataset/multimodal-concrete-crack-detection-dataset/image/positive/pos_img_841.jpg,1,acoustic_abnormal,multimodal_concrete_crack_audio,train
dataset/multimodal-concrete-crack-detection-dataset/audio/negative/neg_audio_394.wav,dataset/multimodal-concrete-crack-detection-dataset/image/negative/neg_img_394.jpg,0,normal,multimodal_concrete_crack_audio,test
dataset/multimodal-concrete-crack-detection-dataset/audio/negative/neg_audio_2738.wav,dataset/multimodal-concrete-crack-detection-dataset/image/negative/neg_img_2738.jpg,0,normal,multimodal_concrete_crack_audio,train
dataset/multimodal-concrete-crack-detection-dataset/audio/negative/neg_audio_2576.wav,dataset/multimodal-concrete-crack-detection-dataset/image/negative/neg_img_2576.jpg,0,normal,multimodal_concrete_crack_audio,test
dataset/multimodal-concrete-crack-detection-dataset/audio/negative/neg_audio_99.wav,dataset/multimodal-concrete-crack-detection-dataset/image/negative/neg_img_99.jpg,0,normal,multimodal_concrete_crack_audio,train
dataset/multimodal-concrete-crack-detection-dataset/audio/negative/neg_audio_2384.wav,dataset/multimodal-concrete-crack-detection-dataset/image/negative/neg_img_2384.jpg,0,normal,multimodal_concrete_crack_audio,val
dataset/multimodal-concrete-crack-detection-dataset/audio/positive/pos_audio_612.wav,dataset/multimodal-concrete-crack-detection-dataset/image/positive/pos_img_612.jpg,1,acoustic_abnormal,multimodal_concrete_crack_audio,train
dataset/multimodal-concrete-crack-detection-dataset/audio/negative/neg_audio_787.wav,dataset/multimodal-concrete-crack-detection-dataset/image/negative/neg_img_787.jpg,0,normal,multimodal_concrete_crack_audio,train
dataset/multimodal-concrete-crack-detection-dataset/audio/positive/pos_audio_31.wav,dataset/multimodal-concrete-crack-detection-dataset/image/positive/pos_img_31.jpg,1,acoustic_abnormal,multimodal_concrete_crack_audio,train
dataset/multimodal-concrete-crack-detection-dataset/audio/positive/pos_audio_108.wav,dataset/multimodal-concrete-crack-detection-dataset/image/positive/pos_img_108.jpg,1,acoustic_abnormal,multimodal_concrete_crack_audio,val
dataset/multimodal-concrete-crack-detection-dataset/audio/negative/neg_audio_2164.wav,dataset/multimodal-concrete-crack-detection-dataset/image/negative/neg_img_2164.jpg,0,normal,multimodal_concrete_crack_audio,train
dataset/multimodal-concrete-crack-detection-dataset/audio/positive/pos_audio_129.wav,dataset/multimodal-concrete-crack-detection-dataset/image/positive/pos_img_129.jpg,1,acoustic_abnormal,multimodal_concrete_crack_audio,train
dataset/multimodal-concrete-crack-detection-dataset/audio/negative/neg_audio_1777.wav,dataset/multimodal-concrete-crack-detection-dataset/image/negative/neg_img_1777.jpg,0,normal,multimodal_concrete_crack_audio,test
dataset/multimodal-concrete-crack-detection-dataset/audio/negative/neg_audio_663.wav,dataset/multimodal-concrete-crack-detection-dataset/image/negative/neg_img_663.jpg,0,normal,multimodal_concrete_crack_audio,train
dataset/multimodal-concrete-crack-detection-dataset/audio/negative/neg_audio_3039.wav,dataset/multimodal-concrete-crack-detection-dataset/image/negative/neg_img_3039.jpg,0,normal,multimodal_concrete_crack_audio,train
dataset/multimodal-concrete-crack-detection-dataset/audio/negative/neg_audio_824.wav,dataset/multimodal-concrete-crack-detection-dataset/image/negative/neg_img_824.jpg,0,normal,multimodal_concrete_crack_audio,train
dataset/multimodal-concrete-crack-detection-dataset/audio/negative/neg_audio_923.wav,dataset/multimodal-concrete-crack-detection-dataset/image/negative/neg_img_923.jpg,0,normal,multimodal_concrete_crack_audio,train
dataset/multimodal-concrete-crack-detection-dataset/audio/negative/neg_audio_1171.wav,dataset/multimodal-concrete-crack-detection-dataset/image/negative/neg_img_1171.jpg,0,normal,multimodal_concrete_crack_audio,train
dataset/multimodal-concrete-crack-detection-dataset/audio/positive/pos_audio_579.wav,dataset/multimodal-concrete-crack-detection-dataset/image/positive/pos_img_579.jpg,1,acoustic_abnormal,multimodal_concrete_crack_audio,train
dataset/multimodal-concrete-crack-detection-dataset/audio/negative/neg_audio_1792.wav,dataset/multimodal-concrete-crack-detection-dataset/image/negative/neg_img_1792.jpg,0,normal,multimodal_concrete_crack_audio,train
dataset/multimodal-concrete-crack-detection-dataset/audio/negative/neg_audio_2011.wav,dataset/multimodal-concrete-crack-detection-dataset/image/negative/neg_img_2011.jpg,0,normal,multimodal_concrete_crack_audio,train
dataset/multimodal-concrete-crack-detection-dataset/audio/negative/neg_audio_1034.wav,dataset/multimodal-concrete-crack-detection-dataset/image/negative/neg_img_1034.jpg,0,normal,multimodal_concrete_crack_audio,val
dataset/multimodal-concrete-crack-detection-dataset/audio/negative/neg_audio_801.wav,dataset/multimodal-concrete-crack-detection-dataset/image/negative/neg_img_801.jpg,0,normal,multimodal_concrete_crack_audio,train
dataset/multimodal-concrete-crack-detection-dataset/audio/negative/neg_audio_818.wav,dataset/multimodal-concrete-crack-detection-dataset/image/negative/neg_img_818.jpg,0,normal,multimodal_concrete_crack_audio,train
dataset/multimodal-concrete-crack-detection-dataset/audio/negative/neg_audio_2279.wav,dataset/multimodal-concrete-crack-detection-dataset/image/negative/neg_img_2279.jpg,0,normal,multimodal_concrete_crack_audio,train
dataset/multimodal-concrete-crack-detection-dataset/audio/negative/neg_audio_2350.wav,dataset/multimodal-concrete-crack-detection-dataset/image/negative/neg_img_2350.jpg,0,normal,multimodal_concrete_crack_audio,train
dataset/multimodal-concrete-crack-detection-dataset/audio/negative/neg_audio_2610.wav,dataset/multimodal-concrete-crack-detection-dataset/image/negative/neg_img_2610.jpg,0,normal,multimodal_concrete_crack_audio,val
dataset/multimodal-concrete-crack-detection-dataset/audio/negative/neg_audio_545.wav,dataset/multimodal-concrete-crack-detection-dataset/image/negative/neg_img_545.jpg,0,normal,multimodal_concrete_crack_audio,val
dataset/multimodal-concrete-crack-detection-dataset/audio/negative/neg_audio_1546.wav,dataset/multimodal-concrete-crack-detection-dataset/image/negative/neg_img_1546.jpg,0,normal,multimodal_concrete_crack_audio,train
dataset/multimodal-concrete-crack-detection-dataset/audio/negative/neg_audio_1841.wav,dataset/multimodal-concrete-crack-detection-dataset/image/negative/neg_img_1841.jpg,0,normal,multimodal_concrete_crack_audio,train
dataset/multimodal-concrete-crack-detection-dataset/audio/negative/neg_audio_2861.wav,dataset/multimodal-concrete-crack-detection-dataset/image/negative/neg_img_2861.jpg,0,normal,multimodal_concrete_crack_audio,val
dataset/multimodal-concrete-crack-detection-dataset/audio/negative/neg_audio_440.wav,dataset/multimodal-concrete-crack-detection-dataset/image/negative/neg_img_440.jpg,0,normal,multimodal_concrete_crack_audio,test
dataset/multimodal-concrete-crack-detection-dataset/audio/negative/neg_audio_1315.wav,dataset/multimodal-concrete-crack-detection-dataset/image/negative/neg_img_1315.jpg,0,normal,multimodal_concrete_crack_audio,train
dataset/multimodal-concrete-crack-detection-dataset/audio/positive/pos_audio_419.wav,dataset/multimodal-concrete-crack-detection-dataset/image/positive/pos_img_419.jpg,1,acoustic_abnormal,multimodal_concrete_crack_audio,train
dataset/multimodal-concrete-crack-detection-dataset/audio/positive/pos_audio_823.wav,dataset/multimodal-concrete-crack-detection-dataset/image/positive/pos_img_823.jpg,1,acoustic_abnormal,multimodal_concrete_crack_audio,train
dataset/multimodal-concrete-crack-detection-dataset/audio/positive/pos_audio_239.wav,dataset/multimodal-concrete-crack-detection-dataset/image/positive/pos_img_239.jpg,1,acoustic_abnormal,multimodal_concrete_crack_audio,train
dataset/multimodal-concrete-crack-detection-dataset/audio/negative/neg_audio_2585.wav,dataset/multimodal-concrete-crack-detection-dataset/image/negative/neg_img_2585.jpg,0,normal,multimodal_concrete_crack_audio,train
dataset/multimodal-concrete-crack-detection-dataset/audio/negative/neg_audio_2484.wav,dataset/multimodal-concrete-crack-detection-dataset/image/negative/neg_img_2484.jpg,0,normal,multimodal_concrete_crack_audio,val
dataset/multimodal-concrete-crack-detection-dataset/audio/negative/neg_audio_1533.wav,dataset/multimodal-concrete-crack-detection-dataset/image/negative/neg_img_1533.jpg,0,normal,multimodal_concrete_crack_audio,train
dataset/multimodal-concrete-crack-detection-dataset/audio/negative/neg_audio_3126.wav,dataset/multimodal-concrete-crack-detection-dataset/image/negative/neg_img_3126.jpg,0,normal,multimodal_concrete_crack_audio,test
dataset/multimodal-concrete-crack-detection-dataset/audio/negative/neg_audio_1808.wav,dataset/multimodal-concrete-crack-detection-dataset/image/negative/neg_img_1808.jpg,0,normal,multimodal_concrete_crack_audio,train
dataset/multimodal-concrete-crack-detection-dataset/audio/negative/neg_audio_298.wav,dataset/multimodal-concrete-crack-detection-dataset/image/negative/neg_img_298.jpg,0,normal,multimodal_concrete_crack_audio,train
dataset/multimodal-concrete-crack-detection-dataset/audio/negative/neg_audio_3071.wav,dataset/multimodal-concrete-crack-detection-dataset/image/negative/neg_img_3071.jpg,0,normal,multimodal_concrete_crack_audio,train
dataset/multimodal-concrete-crack-detection-dataset/audio/negative/neg_audio_153.wav,dataset/multimodal-concrete-crack-detection-dataset/image/negative/neg_img_153.jpg,0,normal,multimodal_concrete_crack_audio,train
dataset/multimodal-concrete-crack-detection-dataset/audio/negative/neg_audio_468.wav,dataset/multimodal-concrete-crack-detection-dataset/image/negative/neg_img_468.jpg,0,normal,multimodal_concrete_crack_audio,train
dataset/multimodal-concrete-crack-detection-dataset/audio/negative/neg_audio_1025.wav,dataset/multimodal-concrete-crack-detection-dataset/image/negative/neg_img_1025.jpg,0,normal,multimodal_concrete_crack_audio,train
dataset/multimodal-concrete-crack-detection-dataset/audio/negative/neg_audio_2506.wav,dataset/multimodal-concrete-crack-detection-dataset/image/negative/neg_img_2506.jpg,0,normal,multimodal_concrete_crack_audio,train
dataset/multimodal-concrete-crack-detection-dataset/audio/negative/neg_audio_253.wav,dataset/multimodal-concrete-crack-detection-dataset/image/negative/neg_img_253.jpg,0,normal,multimodal_concrete_crack_audio,train
dataset/multimodal-concrete-crack-detection-dataset/audio/negative/neg_audio_263.wav,dataset/multimodal-concrete-crack-detection-dataset/image/negative/neg_img_263.jpg,0,normal,multimodal_concrete_crack_audio,val
dataset/multimodal-concrete-crack-detection-dataset/audio/negative/neg_audio_1720.wav,dataset/multimodal-concrete-crack-detection-dataset/image/negative/neg_img_1720.jpg,0,normal,multimodal_concrete_crack_audio,train
dataset/multimodal-concrete-crack-detection-dataset/audio/positive/pos_audio_527.wav,dataset/multimodal-concrete-crack-detection-dataset/image/positive/pos_img_527.jpg,1,acoustic_abnormal,multimodal_concrete_crack_audio,train
dataset/multimodal-concrete-crack-detection-dataset/audio/negative/neg_audio_1573.wav,dataset/multimodal-concrete-crack-detection-dataset/image/negative/neg_img_1573.jpg,0,normal,multimodal_concrete_crack_audio,train
dataset/multimodal-concrete-crack-detection-dataset/audio/positive/pos_audio_730.wav,dataset/multimodal-concrete-crack-detection-dataset/image/positive/pos_img_730.jpg,1,acoustic_abnormal,multimodal_concrete_crack_audio,train
dataset/multimodal-concrete-crack-detection-dataset/audio/negative/neg_audio_712.wav,dataset/multimodal-concrete-crack-detection-dataset/image/negative/neg_img_712.jpg,0,normal,multimodal_concrete_crack_audio,train
dataset/multimodal-concrete-crack-detection-dataset/audio/negative/neg_audio_431.wav,dataset/multimodal-concrete-crack-detection-dataset/image/negative/neg_img_431.jpg,0,normal,multimodal_concrete_crack_audio,train
dataset/multimodal-concrete-crack-detection-dataset/audio/negative/neg_audio_969.wav,dataset/multimodal-concrete-crack-detection-dataset/image/negative/neg_img_969.jpg,0,normal,multimodal_concrete_crack_audio,train
dataset/multimodal-concrete-crack-detection-dataset/audio/positive/pos_audio_54.wav,dataset/multimodal-concrete-crack-detection-dataset/image/positive/pos_img_54.jpg,1,acoustic_abnormal,multimodal_concrete_crack_audio,train
dataset/multimodal-concrete-crack-detection-dataset/audio/negative/neg_audio_3000.wav,dataset/multimodal-concrete-crack-detection-dataset/image/negative/neg_img_3000.jpg,0,normal,multimodal_concrete_crack_audio,train
dataset/multimodal-concrete-crack-detection-dataset/audio/positive/pos_audio_107.wav,dataset/multimodal-concrete-crack-detection-dataset/image/positive/pos_img_107.jpg,1,acoustic_abnormal,multimodal_concrete_crack_audio,val
dataset/multimodal-concrete-crack-detection-dataset/audio/negative/neg_audio_3161.wav,dataset/multimodal-concrete-crack-detection-dataset/image/negative/neg_img_3161.jpg,0,normal,multimodal_concrete_crack_audio,test
dataset/multimodal-concrete-crack-detection-dataset/audio/negative/neg_audio_948.wav,dataset/multimodal-concrete-crack-detection-dataset/image/negative/neg_img_948.jpg,0,normal,multimodal_concrete_crack_audio,train
dataset/multimodal-concrete-crack-detection-dataset/audio/negative/neg_audio_3112.wav,dataset/multimodal-concrete-crack-detection-dataset/image/negative/neg_img_3112.jpg,0,normal,multimodal_concrete_crack_audio,train
dataset/multimodal-concrete-crack-detection-dataset/audio/negative/neg_audio_1325.wav,dataset/multimodal-concrete-crack-detection-dataset/image/negative/neg_img_1325.jpg,0,normal,multimodal_concrete_crack_audio,test
dataset/multimodal-concrete-crack-detection-dataset/audio/negative/neg_audio_1951.wav,dataset/multimodal-concrete-crack-detection-dataset/image/negative/neg_img_1951.jpg,0,normal,multimodal_concrete_crack_audio,train
dataset/multimodal-concrete-crack-detection-dataset/audio/positive/pos_audio_796.wav,dataset/multimodal-concrete-crack-detection-dataset/image/positive/pos_img_796.jpg,1,acoustic_abnormal,multimodal_concrete_crack_audio,train
dataset/multimodal-concrete-crack-detection-dataset/audio/negative/neg_audio_2045.wav,dataset/multimodal-concrete-crack-detection-dataset/image/negative/neg_img_2045.jpg,0,normal,multimodal_concrete_crack_audio,val
dataset/multimodal-concrete-crack-detection-dataset/audio/negative/neg_audio_435.wav,dataset/multimodal-concrete-crack-detection-dataset/image/negative/neg_img_435.jpg,0,normal,multimodal_concrete_crack_audio,train
dataset/multimodal-concrete-crack-detection-dataset/audio/negative/neg_audio_2724.wav,dataset/multimodal-concrete-crack-detection-dataset/image/negative/neg_img_2724.jpg,0,normal,multimodal_concrete_crack_audio,train
dataset/multimodal-concrete-crack-detection-dataset/audio/negative/neg_audio_395.wav,dataset/multimodal-concrete-crack-detection-dataset/image/negative/neg_img_395.jpg,0,normal,multimodal_concrete_crack_audio,val
dataset/multimodal-concrete-crack-detection-dataset/audio/negative/neg_audio_949.wav,dataset/multimodal-concrete-crack-detection-dataset/image/negative/neg_img_949.jpg,0,normal,multimodal_concrete_crack_audio,train
dataset/multimodal-concrete-crack-detection-dataset/audio/negative/neg_audio_651.wav,dataset/multimodal-concrete-crack-detection-dataset/image/negative/neg_img_651.jpg,0,normal,multimodal_concrete_crack_audio,train
dataset/multimodal-concrete-crack-detection-dataset/audio/negative/neg_audio_3001.wav,dataset/multimodal-concrete-crack-detection-dataset/image/negative/neg_img_3001.jpg,0,normal,multimodal_concrete_crack_audio,train
dataset/multimodal-concrete-crack-detection-dataset/audio/positive/pos_audio_285.wav,dataset/multimodal-concrete-crack-detection-dataset/image/positive/pos_img_285.jpg,1,acoustic_abnormal,multimodal_concrete_crack_audio,test
dataset/multimodal-concrete-crack-detection-dataset/audio/negative/neg_audio_120.wav,dataset/multimodal-concrete-crack-detection-dataset/image/negative/neg_img_120.jpg,0,normal,multimodal_concrete_crack_audio,train
dataset/multimodal-concrete-crack-detection-dataset/audio/negative/neg_audio_184.wav,dataset/multimodal-concrete-crack-detection-dataset/image/negative/neg_img_184.jpg,0,normal,multimodal_concrete_crack_audio,test
dataset/multimodal-concrete-crack-detection-dataset/audio/negative/neg_audio_276.wav,dataset/multimodal-concrete-crack-detection-dataset/image/negative/neg_img_276.jpg,0,normal,multimodal_concrete_crack_audio,train
dataset/multimodal-concrete-crack-detection-dataset/audio/negative/neg_audio_1653.wav,dataset/multimodal-concrete-crack-detection-dataset/image/negative/neg_img_1653.jpg,0,normal,multimodal_concrete_crack_audio,val
dataset/multimodal-concrete-crack-detection-dataset/audio/positive/pos_audio_738.wav,dataset/multimodal-concrete-crack-detection-dataset/image/positive/pos_img_738.jpg,1,acoustic_abnormal,multimodal_concrete_crack_audio,train
dataset/multimodal-concrete-crack-detection-dataset/audio/negative/neg_audio_2529.wav,dataset/multimodal-concrete-crack-detection-dataset/image/negative/neg_img_2529.jpg,0,normal,multimodal_concrete_crack_audio,val
dataset/multimodal-concrete-crack-detection-dataset/audio/positive/pos_audio_475.wav,dataset/multimodal-concrete-crack-detection-dataset/image/positive/pos_img_475.jpg,1,acoustic_abnormal,multimodal_concrete_crack_audio,test
dataset/multimodal-concrete-crack-detection-dataset/audio/negative/neg_audio_1425.wav,dataset/multimodal-concrete-crack-detection-dataset/image/negative/neg_img_1425.jpg,0,normal,multimodal_concrete_crack_audio,val
dataset/multimodal-concrete-crack-detection-dataset/audio/negative/neg_audio_2378.wav,dataset/multimodal-concrete-crack-detection-dataset/image/negative/neg_img_2378.jpg,0,normal,multimodal_concrete_crack_audio,train
dataset/multimodal-concrete-crack-detection-dataset/audio/positive/pos_audio_386.wav,dataset/multimodal-concrete-crack-detection-dataset/image/positive/pos_img_386.jpg,1,acoustic_abnormal,multimodal_concrete_crack_audio,val
dataset/multimodal-concrete-crack-detection-dataset/audio/negative/neg_audio_1327.wav,dataset/multimodal-concrete-crack-detection-dataset/image/negative/neg_img_1327.jpg,0,normal,multimodal_concrete_crack_audio,train
dataset/multimodal-concrete-crack-detection-dataset/audio/negative/neg_audio_2858.wav,dataset/multimodal-concrete-crack-detection-dataset/image/negative/neg_img_2858.jpg,0,normal,multimodal_concrete_crack_audio,val
dataset/multimodal-concrete-crack-detection-dataset/audio/negative/neg_audio_530.wav,dataset/multimodal-concrete-crack-detection-dataset/image/negative/neg_img_530.jpg,0,normal,multimodal_concrete_crack_audio,train
dataset/multimodal-concrete-crack-detection-dataset/audio/negative/neg_audio_1061.wav,dataset/multimodal-concrete-crack-detection-dataset/image/negative/neg_img_1061.jpg,0,normal,multimodal_concrete_crack_audio,train
dataset/multimodal-concrete-crack-detection-dataset/audio/negative/neg_audio_2152.wav,dataset/multimodal-concrete-crack-detection-dataset/image/negative/neg_img_2152.jpg,0,normal,multimodal_concrete_crack_audio,test
dataset/multimodal-concrete-crack-detection-dataset/audio/negative/neg_audio_2698.wav,dataset/multimodal-concrete-crack-detection-dataset/image/negative/neg_img_2698.jpg,0,normal,multimodal_concrete_crack_audio,val
dataset/multimodal-concrete-crack-detection-dataset/audio/negative/neg_audio_3176.wav,dataset/multimodal-concrete-crack-detection-dataset/image/negative/neg_img_3176.jpg,0,normal,multimodal_concrete_crack_audio,train
dataset/multimodal-concrete-crack-detection-dataset/audio/negative/neg_audio_2076.wav,dataset/multimodal-concrete-crack-detection-dataset/image/negative/neg_img_2076.jpg,0,normal,multimodal_concrete_crack_audio,train
dataset/multimodal-concrete-crack-detection-dataset/audio/negative/neg_audio_2902.wav,dataset/multimodal-concrete-crack-detection-dataset/image/negative/neg_img_2902.jpg,0,normal,multimodal_concrete_crack_audio,train
dataset/multimodal-concrete-crack-detection-dataset/audio/negative/neg_audio_2359.wav,dataset/multimodal-concrete-crack-detection-dataset/image/negative/neg_img_2359.jpg,0,normal,multimodal_concrete_crack_audio,train
dataset/multimodal-concrete-crack-detection-dataset/audio/negative/neg_audio_738.wav,dataset/multimodal-concrete-crack-detection-dataset/image/negative/neg_img_738.jpg,0,normal,multimodal_concrete_crack_audio,test
dataset/multimodal-concrete-crack-detection-dataset/audio/negative/neg_audio_2699.wav,dataset/multimodal-concrete-crack-detection-dataset/image/negative/neg_img_2699.jpg,0,normal,multimodal_concrete_crack_audio,train
dataset/multimodal-concrete-crack-detection-dataset/audio/negative/neg_audio_2481.wav,dataset/multimodal-concrete-crack-detection-dataset/image/negative/neg_img_2481.jpg,0,normal,multimodal_concrete_crack_audio,train
dataset/multimodal-concrete-crack-detection-dataset/audio/negative/neg_audio_1932.wav,dataset/multimodal-concrete-crack-detection-dataset/image/negative/neg_img_1932.jpg,0,normal,multimodal_concrete_crack_audio,train
dataset/multimodal-concrete-crack-detection-dataset/audio/negative/neg_audio_1542.wav,dataset/multimodal-concrete-crack-detection-dataset/image/negative/neg_img_1542.jpg,0,normal,multimodal_concrete_crack_audio,train
dataset/multimodal-concrete-crack-detection-dataset/audio/positive/pos_audio_424.wav,dataset/multimodal-concrete-crack-detection-dataset/image/positive/pos_img_424.jpg,1,acoustic_abnormal,multimodal_concrete_crack_audio,test
dataset/multimodal-concrete-crack-detection-dataset/audio/positive/pos_audio_361.wav,dataset/multimodal-concrete-crack-detection-dataset/image/positive/pos_img_361.jpg,1,acoustic_abnormal,multimodal_concrete_crack_audio,train
dataset/multimodal-concrete-crack-detection-dataset/audio/positive/pos_audio_496.wav,dataset/multimodal-concrete-crack-detection-dataset/image/positive/pos_img_496.jpg,1,acoustic_abnormal,multimodal_concrete_crack_audio,train
dataset/multimodal-concrete-crack-detection-dataset/audio/negative/neg_audio_279.wav,dataset/multimodal-concrete-crack-detection-dataset/image/negative/neg_img_279.jpg,0,normal,multimodal_concrete_crack_audio,train
dataset/multimodal-concrete-crack-detection-dataset/audio/negative/neg_audio_1613.wav,dataset/multimodal-concrete-crack-detection-dataset/image/negative/neg_img_1613.jpg,0,normal,multimodal_concrete_crack_audio,val
dataset/multimodal-concrete-crack-detection-dataset/audio/positive/pos_audio_363.wav,dataset/multimodal-concrete-crack-detection-dataset/image/positive/pos_img_363.jpg,1,acoustic_abnormal,multimodal_concrete_crack_audio,train
dataset/multimodal-concrete-crack-detection-dataset/audio/negative/neg_audio_2696.wav,dataset/multimodal-concrete-crack-detection-dataset/image/negative/neg_img_2696.jpg,0,normal,multimodal_concrete_crack_audio,train
dataset/multimodal-concrete-crack-detection-dataset/audio/negative/neg_audio_3123.wav,dataset/multimodal-concrete-crack-detection-dataset/image/negative/neg_img_3123.jpg,0,normal,multimodal_concrete_crack_audio,val
dataset/multimodal-concrete-crack-detection-dataset/audio/positive/pos_audio_11.wav,dataset/multimodal-concrete-crack-detection-dataset/image/positive/pos_img_11.jpg,1,acoustic_abnormal,multimodal_concrete_crack_audio,train
dataset/multimodal-concrete-crack-detection-dataset/audio/negative/neg_audio_1140.wav,dataset/multimodal-concrete-crack-detection-dataset/image/negative/neg_img_1140.jpg,0,normal,multimodal_concrete_crack_audio,train
dataset/multimodal-concrete-crack-detection-dataset/audio/negative/neg_audio_573.wav,dataset/multimodal-concrete-crack-detection-dataset/image/negative/neg_img_573.jpg,0,normal,multimodal_concrete_crack_audio,train
dataset/multimodal-concrete-crack-detection-dataset/audio/positive/pos_audio_522.wav,dataset/multimodal-concrete-crack-detection-dataset/image/positive/pos_img_522.jpg,1,acoustic_abnormal,multimodal_concrete_crack_audio,train
dataset/multimodal-concrete-crack-detection-dataset/audio/positive/pos_audio_313.wav,dataset/multimodal-concrete-crack-detection-dataset/image/positive/pos_img_313.jpg,1,acoustic_abnormal,multimodal_concrete_crack_audio,test
dataset/multimodal-concrete-crack-detection-dataset/audio/negative/neg_audio_2929.wav,dataset/multimodal-concrete-crack-detection-dataset/image/negative/neg_img_2929.jpg,0,normal,multimodal_concrete_crack_audio,val
dataset/multimodal-concrete-crack-detection-dataset/audio/negative/neg_audio_1882.wav,dataset/multimodal-concrete-crack-detection-dataset/image/negative/neg_img_1882.jpg,0,normal,multimodal_concrete_crack_audio,train
dataset/multimodal-concrete-crack-detection-dataset/audio/negative/neg_audio_1389.wav,dataset/multimodal-concrete-crack-detection-dataset/image/negative/neg_img_1389.jpg,0,normal,multimodal_concrete_crack_audio,train
dataset/multimodal-concrete-crack-detection-dataset/audio/negative/neg_audio_2306.wav,dataset/multimodal-concrete-crack-detection-dataset/image/negative/neg_img_2306.jpg,0,normal,multimodal_concrete_crack_audio,train
dataset/multimodal-concrete-crack-detection-dataset/audio/positive/pos_audio_588.wav,dataset/multimodal-concrete-crack-detection-dataset/image/positive/pos_img_588.jpg,1,acoustic_abnormal,multimodal_concrete_crack_audio,val
dataset/multimodal-concrete-crack-detection-dataset/audio/positive/pos_audio_334.wav,dataset/multimodal-concrete-crack-detection-dataset/image/positive/pos_img_334.jpg,1,acoustic_abnormal,multimodal_concrete_crack_audio,train
dataset/multimodal-concrete-crack-detection-dataset/audio/negative/neg_audio_1441.wav,dataset/multimodal-concrete-crack-detection-dataset/image/negative/neg_img_1441.jpg,0,normal,multimodal_concrete_crack_audio,train
dataset/multimodal-concrete-crack-detection-dataset/audio/negative/neg_audio_620.wav,dataset/multimodal-concrete-crack-detection-dataset/image/negative/neg_img_620.jpg,0,normal,multimodal_concrete_crack_audio,test
dataset/multimodal-concrete-crack-detection-dataset/audio/negative/neg_audio_2686.wav,dataset/multimodal-concrete-crack-detection-dataset/image/negative/neg_img_2686.jpg,0,normal,multimodal_concrete_crack_audio,train
dataset/multimodal-concrete-crack-detection-dataset/audio/negative/neg_audio_714.wav,dataset/multimodal-concrete-crack-detection-dataset/image/negative/neg_img_714.jpg,0,normal,multimodal_concrete_crack_audio,val
dataset/multimodal-concrete-crack-detection-dataset/audio/negative/neg_audio_257.wav,dataset/multimodal-concrete-crack-detection-dataset/image/negative/neg_img_257.jpg,0,normal,multimodal_concrete_crack_audio,train
dataset/multimodal-concrete-crack-detection-dataset/audio/negative/neg_audio_2101.wav,dataset/multimodal-concrete-crack-detection-dataset/image/negative/neg_img_2101.jpg,0,normal,multimodal_concrete_crack_audio,train
dataset/multimodal-concrete-crack-detection-dataset/audio/negative/neg_audio_1599.wav,dataset/multimodal-concrete-crack-detection-dataset/image/negative/neg_img_1599.jpg,0,normal,multimodal_concrete_crack_audio,test
dataset/multimodal-concrete-crack-detection-dataset/audio/negative/neg_audio_2150.wav,dataset/multimodal-concrete-crack-detection-dataset/image/negative/neg_img_2150.jpg,0,normal,multimodal_concrete_crack_audio,train
dataset/multimodal-concrete-crack-detection-dataset/audio/negative/neg_audio_2892.wav,dataset/multimodal-concrete-crack-detection-dataset/image/negative/neg_img_2892.jpg,0,normal,multimodal_concrete_crack_audio,train
dataset/multimodal-concrete-crack-detection-dataset/audio/positive/pos_audio_689.wav,dataset/multimodal-concrete-crack-detection-dataset/image/positive/pos_img_689.jpg,1,acoustic_abnormal,multimodal_concrete_crack_audio,train
dataset/multimodal-concrete-crack-detection-dataset/audio/negative/neg_audio_863.wav,dataset/multimodal-concrete-crack-detection-dataset/image/negative/neg_img_863.jpg,0,normal,multimodal_concrete_crack_audio,train
dataset/multimodal-concrete-crack-detection-dataset/audio/positive/pos_audio_830.wav,dataset/multimodal-concrete-crack-detection-dataset/image/positive/pos_img_830.jpg,1,acoustic_abnormal,multimodal_concrete_crack_audio,train
dataset/multimodal-concrete-crack-detection-dataset/audio/positive/pos_audio_322.wav,dataset/multimodal-concrete-crack-detection-dataset/image/positive/pos_img_322.jpg,1,acoustic_abnormal,multimodal_concrete_crack_audio,train
dataset/multimodal-concrete-crack-detection-dataset/audio/positive/pos_audio_301.wav,dataset/multimodal-concrete-crack-detection-dataset/image/positive/pos_img_301.jpg,1,acoustic_abnormal,multimodal_concrete_crack_audio,train
dataset/multimodal-concrete-crack-detection-dataset/audio/negative/neg_audio_2050.wav,dataset/multimodal-concrete-crack-detection-dataset/image/negative/neg_img_2050.jpg,0,normal,multimodal_concrete_crack_audio,val
dataset/multimodal-concrete-crack-detection-dataset/audio/negative/neg_audio_1465.wav,dataset/multimodal-concrete-crack-detection-dataset/image/negative/neg_img_1465.jpg,0,normal,multimodal_concrete_crack_audio,train
dataset/multimodal-concrete-crack-detection-dataset/audio/negative/neg_audio_648.wav,dataset/multimodal-concrete-crack-detection-dataset/image/negative/neg_img_648.jpg,0,normal,multimodal_concrete_crack_audio,train
dataset/multimodal-concrete-crack-detection-dataset/audio/negative/neg_audio_37.wav,dataset/multimodal-concrete-crack-detection-dataset/image/negative/neg_img_37.jpg,0,normal,multimodal_concrete_crack_audio,train
dataset/multimodal-concrete-crack-detection-dataset/audio/negative/neg_audio_1134.wav,dataset/multimodal-concrete-crack-detection-dataset/image/negative/neg_img_1134.jpg,0,normal,multimodal_concrete_crack_audio,train
dataset/multimodal-concrete-crack-detection-dataset/audio/negative/neg_audio_1877.wav,dataset/multimodal-concrete-crack-detection-dataset/image/negative/neg_img_1877.jpg,0,normal,multimodal_concrete_crack_audio,train
dataset/multimodal-concrete-crack-detection-dataset/audio/negative/neg_audio_2961.wav,dataset/multimodal-concrete-crack-detection-dataset/image/negative/neg_img_2961.jpg,0,normal,multimodal_concrete_crack_audio,train
dataset/multimodal-concrete-crack-detection-dataset/audio/negative/neg_audio_1916.wav,dataset/multimodal-concrete-crack-detection-dataset/image/negative/neg_img_1916.jpg,0,normal,multimodal_concrete_crack_audio,train
dataset/multimodal-concrete-crack-detection-dataset/audio/positive/pos_audio_574.wav,dataset/multimodal-concrete-crack-detection-dataset/image/positive/pos_img_574.jpg,1,acoustic_abnormal,multimodal_concrete_crack_audio,test
dataset/multimodal-concrete-crack-detection-dataset/audio/positive/pos_audio_598.wav,dataset/multimodal-concrete-crack-detection-dataset/image/positive/pos_img_598.jpg,1,acoustic_abnormal,multimodal_concrete_crack_audio,train
dataset/multimodal-concrete-crack-detection-dataset/audio/negative/neg_audio_174.wav,dataset/multimodal-concrete-crack-detection-dataset/image/negative/neg_img_174.jpg,0,normal,multimodal_concrete_crack_audio,train
dataset/multimodal-concrete-crack-detection-dataset/audio/negative/neg_audio_1820.wav,dataset/multimodal-concrete-crack-detection-dataset/image/negative/neg_img_1820.jpg,0,normal,multimodal_concrete_crack_audio,train
dataset/multimodal-concrete-crack-detection-dataset/audio/negative/neg_audio_2539.wav,dataset/multimodal-concrete-crack-detection-dataset/image/negative/neg_img_2539.jpg,0,normal,multimodal_concrete_crack_audio,train
dataset/multimodal-concrete-crack-detection-dataset/audio/negative/neg_audio_2691.wav,dataset/multimodal-concrete-crack-detection-dataset/image/negative/neg_img_2691.jpg,0,normal,multimodal_concrete_crack_audio,train
dataset/multimodal-concrete-crack-detection-dataset/audio/negative/neg_audio_2664.wav,dataset/multimodal-concrete-crack-detection-dataset/image/negative/neg_img_2664.jpg,0,normal,multimodal_concrete_crack_audio,train
dataset/multimodal-concrete-crack-detection-dataset/audio/negative/neg_audio_2642.wav,dataset/multimodal-concrete-crack-detection-dataset/image/negative/neg_img_2642.jpg,0,normal,multimodal_concrete_crack_audio,train
dataset/multimodal-concrete-crack-detection-dataset/audio/negative/neg_audio_139.wav,dataset/multimodal-concrete-crack-detection-dataset/image/negative/neg_img_139.jpg,0,normal,multimodal_concrete_crack_audio,train
dataset/multimodal-concrete-crack-detection-dataset/audio/negative/neg_audio_1240.wav,dataset/multimodal-concrete-crack-detection-dataset/image/negative/neg_img_1240.jpg,0,normal,multimodal_concrete_crack_audio,train
dataset/multimodal-concrete-crack-detection-dataset/audio/positive/pos_audio_520.wav,dataset/multimodal-concrete-crack-detection-dataset/image/positive/pos_img_520.jpg,1,acoustic_abnormal,multimodal_concrete_crack_audio,train
dataset/multimodal-concrete-crack-detection-dataset/audio/negative/neg_audio_45.wav,dataset/multimodal-concrete-crack-detection-dataset/image/negative/neg_img_45.jpg,0,normal,multimodal_concrete_crack_audio,train
dataset/multimodal-concrete-crack-detection-dataset/audio/negative/neg_audio_1595.wav,dataset/multimodal-concrete-crack-detection-dataset/image/negative/neg_img_1595.jpg,0,normal,multimodal_concrete_crack_audio,test
dataset/multimodal-concrete-crack-detection-dataset/audio/negative/neg_audio_2311.wav,dataset/multimodal-concrete-crack-detection-dataset/image/negative/neg_img_2311.jpg,0,normal,multimodal_concrete_crack_audio,val
dataset/multimodal-concrete-crack-detection-dataset/audio/negative/neg_audio_492.wav,dataset/multimodal-concrete-crack-detection-dataset/image/negative/neg_img_492.jpg,0,normal,multimodal_concrete_crack_audio,train
dataset/multimodal-concrete-crack-detection-dataset/audio/negative/neg_audio_1872.wav,dataset/multimodal-concrete-crack-detection-dataset/image/negative/neg_img_1872.jpg,0,normal,multimodal_concrete_crack_audio,train
dataset/multimodal-concrete-crack-detection-dataset/audio/positive/pos_audio_620.wav,dataset/multimodal-concrete-crack-detection-dataset/image/positive/pos_img_620.jpg,1,acoustic_abnormal,multimodal_concrete_crack_audio,train
dataset/multimodal-concrete-crack-detection-dataset/audio/negative/neg_audio_114.wav,dataset/multimodal-concrete-crack-detection-dataset/image/negative/neg_img_114.jpg,0,normal,multimodal_concrete_crack_audio,val
dataset/multimodal-concrete-crack-detection-dataset/audio/negative/neg_audio_606.wav,dataset/multimodal-concrete-crack-detection-dataset/image/negative/neg_img_606.jpg,0,normal,multimodal_concrete_crack_audio,train
dataset/multimodal-concrete-crack-detection-dataset/audio/negative/neg_audio_1740.wav,dataset/multimodal-concrete-crack-detection-dataset/image/negative/neg_img_1740.jpg,0,normal,multimodal_concrete_crack_audio,train
dataset/multimodal-concrete-crack-detection-dataset/audio/positive/pos_audio_128.wav,dataset/multimodal-concrete-crack-detection-dataset/image/positive/pos_img_128.jpg,1,acoustic_abnormal,multimodal_concrete_crack_audio,test
dataset/multimodal-concrete-crack-detection-dataset/audio/negative/neg_audio_1707.wav,dataset/multimodal-concrete-crack-detection-dataset/image/negative/neg_img_1707.jpg,0,normal,multimodal_concrete_crack_audio,test
dataset/multimodal-concrete-crack-detection-dataset/audio/negative/neg_audio_1900.wav,dataset/multimodal-concrete-crack-detection-dataset/image/negative/neg_img_1900.jpg,0,normal,multimodal_concrete_crack_audio,train
dataset/multimodal-concrete-crack-detection-dataset/audio/negative/neg_audio_439.wav,dataset/multimodal-concrete-crack-detection-dataset/image/negative/neg_img_439.jpg,0,normal,multimodal_concrete_crack_audio,val
dataset/multimodal-concrete-crack-detection-dataset/audio/positive/pos_audio_72.wav,dataset/multimodal-concrete-crack-detection-dataset/image/positive/pos_img_72.jpg,1,acoustic_abnormal,multimodal_concrete_crack_audio,train
dataset/multimodal-concrete-crack-detection-dataset/audio/negative/neg_audio_2857.wav,dataset/multimodal-concrete-crack-detection-dataset/image/negative/neg_img_2857.jpg,0,normal,multimodal_concrete_crack_audio,train
dataset/multimodal-concrete-crack-detection-dataset/audio/negative/neg_audio_1580.wav,dataset/multimodal-concrete-crack-detection-dataset/image/negative/neg_img_1580.jpg,0,normal,multimodal_concrete_crack_audio,train
dataset/multimodal-concrete-crack-detection-dataset/audio/negative/neg_audio_1602.wav,dataset/multimodal-concrete-crack-detection-dataset/image/negative/neg_img_1602.jpg,0,normal,multimodal_concrete_crack_audio,train
dataset/multimodal-concrete-crack-detection-dataset/audio/negative/neg_audio_1127.wav,dataset/multimodal-concrete-crack-detection-dataset/image/negative/neg_img_1127.jpg,0,normal,multimodal_concrete_crack_audio,val
dataset/multimodal-concrete-crack-detection-dataset/audio/positive/pos_audio_702.wav,dataset/multimodal-concrete-crack-detection-dataset/image/positive/pos_img_702.jpg,1,acoustic_abnormal,multimodal_concrete_crack_audio,test
dataset/multimodal-concrete-crack-detection-dataset/audio/negative/neg_audio_1504.wav,dataset/multimodal-concrete-crack-detection-dataset/image/negative/neg_img_1504.jpg,0,normal,multimodal_concrete_crack_audio,val
dataset/multimodal-concrete-crack-detection-dataset/audio/negative/neg_audio_2019.wav,dataset/multimodal-concrete-crack-detection-dataset/image/negative/neg_img_2019.jpg,0,normal,multimodal_concrete_crack_audio,train
dataset/multimodal-concrete-crack-detection-dataset/audio/negative/neg_audio_2411.wav,dataset/multimodal-concrete-crack-detection-dataset/image/negative/neg_img_2411.jpg,0,normal,multimodal_concrete_crack_audio,train
dataset/multimodal-concrete-crack-detection-dataset/audio/positive/pos_audio_766.wav,dataset/multimodal-concrete-crack-detection-dataset/image/positive/pos_img_766.jpg,1,acoustic_abnormal,multimodal_concrete_crack_audio,train
dataset/multimodal-concrete-crack-detection-dataset/audio/negative/neg_audio_2734.wav,dataset/multimodal-concrete-crack-detection-dataset/image/negative/neg_img_2734.jpg,0,normal,multimodal_concrete_crack_audio,val
dataset/multimodal-concrete-crack-detection-dataset/audio/negative/neg_audio_1185.wav,dataset/multimodal-concrete-crack-detection-dataset/image/negative/neg_img_1185.jpg,0,normal,multimodal_concrete_crack_audio,train
dataset/multimodal-concrete-crack-detection-dataset/audio/negative/neg_audio_1187.wav,dataset/multimodal-concrete-crack-detection-dataset/image/negative/neg_img_1187.jpg,0,normal,multimodal_concrete_crack_audio,train
dataset/multimodal-concrete-crack-detection-dataset/audio/negative/neg_audio_1967.wav,dataset/multimodal-concrete-crack-detection-dataset/image/negative/neg_img_1967.jpg,0,normal,multimodal_concrete_crack_audio,val
dataset/multimodal-concrete-crack-detection-dataset/audio/negative/neg_audio_1950.wav,dataset/multimodal-concrete-crack-detection-dataset/image/negative/neg_img_1950.jpg,0,normal,multimodal_concrete_crack_audio,train
dataset/multimodal-concrete-crack-detection-dataset/audio/negative/neg_audio_820.wav,dataset/multimodal-concrete-crack-detection-dataset/image/negative/neg_img_820.jpg,0,normal,multimodal_concrete_crack_audio,train
dataset/multimodal-concrete-crack-detection-dataset/audio/positive/pos_audio_418.wav,dataset/multimodal-concrete-crack-detection-dataset/image/positive/pos_img_418.jpg,1,acoustic_abnormal,multimodal_concrete_crack_audio,train
dataset/multimodal-concrete-crack-detection-dataset/audio/positive/pos_audio_857.wav,dataset/multimodal-concrete-crack-detection-dataset/image/positive/pos_img_857.jpg,1,acoustic_abnormal,multimodal_concrete_crack_audio,train
dataset/multimodal-concrete-crack-detection-dataset/audio/negative/neg_audio_3037.wav,dataset/multimodal-concrete-crack-detection-dataset/image/negative/neg_img_3037.jpg,0,normal,multimodal_concrete_crack_audio,train
dataset/multimodal-concrete-crack-detection-dataset/audio/negative/neg_audio_2095.wav,dataset/multimodal-concrete-crack-detection-dataset/image/negative/neg_img_2095.jpg,0,normal,multimodal_concrete_crack_audio,val
dataset/multimodal-concrete-crack-detection-dataset/audio/positive/pos_audio_797.wav,dataset/multimodal-concrete-crack-detection-dataset/image/positive/pos_img_797.jpg,1,acoustic_abnormal,multimodal_concrete_crack_audio,train
dataset/multimodal-concrete-crack-detection-dataset/audio/negative/neg_audio_985.wav,dataset/multimodal-concrete-crack-detection-dataset/image/negative/neg_img_985.jpg,0,normal,multimodal_concrete_crack_audio,train
dataset/multimodal-concrete-crack-detection-dataset/audio/negative/neg_audio_2692.wav,dataset/multimodal-concrete-crack-detection-dataset/image/negative/neg_img_2692.jpg,0,normal,multimodal_concrete_crack_audio,val
dataset/multimodal-concrete-crack-detection-dataset/audio/negative/neg_audio_3049.wav,dataset/multimodal-concrete-crack-detection-dataset/image/negative/neg_img_3049.jpg,0,normal,multimodal_concrete_crack_audio,train
dataset/multimodal-concrete-crack-detection-dataset/audio/positive/pos_audio_148.wav,dataset/multimodal-concrete-crack-detection-dataset/image/positive/pos_img_148.jpg,1,acoustic_abnormal,multimodal_concrete_crack_audio,train
dataset/multimodal-concrete-crack-detection-dataset/audio/positive/pos_audio_722.wav,dataset/multimodal-concrete-crack-detection-dataset/image/positive/pos_img_722.jpg,1,acoustic_abnormal,multimodal_concrete_crack_audio,train
dataset/multimodal-concrete-crack-detection-dataset/audio/negative/neg_audio_756.wav,dataset/multimodal-concrete-crack-detection-dataset/image/negative/neg_img_756.jpg,0,normal,multimodal_concrete_crack_audio,train
dataset/multimodal-concrete-crack-detection-dataset/audio/negative/neg_audio_88.wav,dataset/multimodal-concrete-crack-detection-dataset/image/negative/neg_img_88.jpg,0,normal,multimodal_concrete_crack_audio,train
dataset/multimodal-concrete-crack-detection-dataset/audio/negative/neg_audio_2605.wav,dataset/multimodal-concrete-crack-detection-dataset/image/negative/neg_img_2605.jpg,0,normal,multimodal_concrete_crack_audio,val
dataset/multimodal-concrete-crack-detection-dataset/audio/negative/neg_audio_599.wav,dataset/multimodal-concrete-crack-detection-dataset/image/negative/neg_img_599.jpg,0,normal,multimodal_concrete_crack_audio,train
dataset/multimodal-concrete-crack-detection-dataset/audio/negative/neg_audio_1770.wav,dataset/multimodal-concrete-crack-detection-dataset/image/negative/neg_img_1770.jpg,0,normal,multimodal_concrete_crack_audio,train
dataset/multimodal-concrete-crack-detection-dataset/audio/negative/neg_audio_504.wav,dataset/multimodal-concrete-crack-detection-dataset/image/negative/neg_img_504.jpg,0,normal,multimodal_concrete_crack_audio,test
dataset/multimodal-concrete-crack-detection-dataset/audio/negative/neg_audio_2527.wav,dataset/multimodal-concrete-crack-detection-dataset/image/negative/neg_img_2527.jpg,0,normal,multimodal_concrete_crack_audio,train
dataset/multimodal-concrete-crack-detection-dataset/audio/negative/neg_audio_2695.wav,dataset/multimodal-concrete-crack-detection-dataset/image/negative/neg_img_2695.jpg,0,normal,multimodal_concrete_crack_audio,train
dataset/multimodal-concrete-crack-detection-dataset/audio/positive/pos_audio_315.wav,dataset/multimodal-concrete-crack-detection-dataset/image/positive/pos_img_315.jpg,1,acoustic_abnormal,multimodal_concrete_crack_audio,train
dataset/multimodal-concrete-crack-detection-dataset/audio/negative/neg_audio_1798.wav,dataset/multimodal-concrete-crack-detection-dataset/image/negative/neg_img_1798.jpg,0,normal,multimodal_concrete_crack_audio,train
dataset/multimodal-concrete-crack-detection-dataset/audio/positive/pos_audio_878.wav,dataset/multimodal-concrete-crack-detection-dataset/image/positive/pos_img_878.jpg,1,acoustic_abnormal,multimodal_concrete_crack_audio,train
dataset/multimodal-concrete-crack-detection-dataset/audio/negative/neg_audio_2509.wav,dataset/multimodal-concrete-crack-detection-dataset/image/negative/neg_img_2509.jpg,0,normal,multimodal_concrete_crack_audio,train
dataset/multimodal-concrete-crack-detection-dataset/audio/positive/pos_audio_161.wav,dataset/multimodal-concrete-crack-detection-dataset/image/positive/pos_img_161.jpg,1,acoustic_abnormal,multimodal_concrete_crack_audio,val
dataset/multimodal-concrete-crack-detection-dataset/audio/negative/neg_audio_1066.wav,dataset/multimodal-concrete-crack-detection-dataset/image/negative/neg_img_1066.jpg,0,normal,multimodal_concrete_crack_audio,train
dataset/multimodal-concrete-crack-detection-dataset/audio/negative/neg_audio_2239.wav,dataset/multimodal-concrete-crack-detection-dataset/image/negative/neg_img_2239.jpg,0,normal,multimodal_concrete_crack_audio,train
dataset/multimodal-concrete-crack-detection-dataset/audio/positive/pos_audio_268.wav,dataset/multimodal-concrete-crack-detection-dataset/image/positive/pos_img_268.jpg,1,acoustic_abnormal,multimodal_concrete_crack_audio,val
dataset/multimodal-concrete-crack-detection-dataset/audio/positive/pos_audio_243.wav,dataset/multimodal-concrete-crack-detection-dataset/image/positive/pos_img_243.jpg,1,acoustic_abnormal,multimodal_concrete_crack_audio,test
dataset/multimodal-concrete-crack-detection-dataset/audio/negative/neg_audio_962.wav,dataset/multimodal-concrete-crack-detection-dataset/image/negative/neg_img_962.jpg,0,normal,multimodal_concrete_crack_audio,train
dataset/multimodal-concrete-crack-detection-dataset/audio/positive/pos_audio_155.wav,dataset/multimodal-concrete-crack-detection-dataset/image/positive/pos_img_155.jpg,1,acoustic_abnormal,multimodal_concrete_crack_audio,train
dataset/multimodal-concrete-crack-detection-dataset/audio/negative/neg_audio_753.wav,dataset/multimodal-concrete-crack-detection-dataset/image/negative/neg_img_753.jpg,0,normal,multimodal_concrete_crack_audio,train
dataset/multimodal-concrete-crack-detection-dataset/audio/negative/neg_audio_1981.wav,dataset/multimodal-concrete-crack-detection-dataset/image/negative/neg_img_1981.jpg,0,normal,multimodal_concrete_crack_audio,train
dataset/multimodal-concrete-crack-detection-dataset/audio/positive/pos_audio_855.wav,dataset/multimodal-concrete-crack-detection-dataset/image/positive/pos_img_855.jpg,1,acoustic_abnormal,multimodal_concrete_crack_audio,train
dataset/multimodal-concrete-crack-detection-dataset/audio/negative/neg_audio_1228.wav,dataset/multimodal-concrete-crack-detection-dataset/image/negative/neg_img_1228.jpg,0,normal,multimodal_concrete_crack_audio,val
dataset/multimodal-concrete-crack-detection-dataset/audio/negative/neg_audio_498.wav,dataset/multimodal-concrete-crack-detection-dataset/image/negative/neg_img_498.jpg,0,normal,multimodal_concrete_crack_audio,train
dataset/multimodal-concrete-crack-detection-dataset/audio/negative/neg_audio_227.wav,dataset/multimodal-concrete-crack-detection-dataset/image/negative/neg_img_227.jpg,0,normal,multimodal_concrete_crack_audio,train
dataset/multimodal-concrete-crack-detection-dataset/audio/negative/neg_audio_1600.wav,dataset/multimodal-concrete-crack-detection-dataset/image/negative/neg_img_1600.jpg,0,normal,multimodal_concrete_crack_audio,train
dataset/multimodal-concrete-crack-detection-dataset/audio/negative/neg_audio_1817.wav,dataset/multimodal-concrete-crack-detection-dataset/image/negative/neg_img_1817.jpg,0,normal,multimodal_concrete_crack_audio,train
dataset/multimodal-concrete-crack-detection-dataset/audio/negative/neg_audio_2071.wav,dataset/multimodal-concrete-crack-detection-dataset/image/negative/neg_img_2071.jpg,0,normal,multimodal_concrete_crack_audio,train
dataset/multimodal-concrete-crack-detection-dataset/audio/positive/pos_audio_206.wav,dataset/multimodal-concrete-crack-detection-dataset/image/positive/pos_img_206.jpg,1,acoustic_abnormal,multimodal_concrete_crack_audio,test
dataset/multimodal-concrete-crack-detection-dataset/audio/negative/neg_audio_100.wav,dataset/multimodal-concrete-crack-detection-dataset/image/negative/neg_img_100.jpg,0,normal,multimodal_concrete_crack_audio,val
dataset/multimodal-concrete-crack-detection-dataset/audio/positive/pos_audio_789.wav,dataset/multimodal-concrete-crack-detection-dataset/image/positive/pos_img_789.jpg,1,acoustic_abnormal,multimodal_concrete_crack_audio,train
dataset/multimodal-concrete-crack-detection-dataset/audio/negative/neg_audio_424.wav,dataset/multimodal-concrete-crack-detection-dataset/image/negative/neg_img_424.jpg,0,normal,multimodal_concrete_crack_audio,train
dataset/multimodal-concrete-crack-detection-dataset/audio/negative/neg_audio_836.wav,dataset/multimodal-concrete-crack-detection-dataset/image/negative/neg_img_836.jpg,0,normal,multimodal_concrete_crack_audio,val
dataset/multimodal-concrete-crack-detection-dataset/audio/negative/neg_audio_1012.wav,dataset/multimodal-concrete-crack-detection-dataset/image/negative/neg_img_1012.jpg,0,normal,multimodal_concrete_crack_audio,train
dataset/multimodal-concrete-crack-detection-dataset/audio/negative/neg_audio_396.wav,dataset/multimodal-concrete-crack-detection-dataset/image/negative/neg_img_396.jpg,0,normal,multimodal_concrete_crack_audio,test
dataset/multimodal-concrete-crack-detection-dataset/audio/negative/neg_audio_2129.wav,dataset/multimodal-concrete-crack-detection-dataset/image/negative/neg_img_2129.jpg,0,normal,multimodal_concrete_crack_audio,val
dataset/multimodal-concrete-crack-detection-dataset/audio/negative/neg_audio_495.wav,dataset/multimodal-concrete-crack-detection-dataset/image/negative/neg_img_495.jpg,0,normal,multimodal_concrete_crack_audio,train
dataset/multimodal-concrete-crack-detection-dataset/audio/positive/pos_audio_400.wav,dataset/multimodal-concrete-crack-detection-dataset/image/positive/pos_img_400.jpg,1,acoustic_abnormal,multimodal_concrete_crack_audio,val
dataset/multimodal-concrete-crack-detection-dataset/audio/negative/neg_audio_2473.wav,dataset/multimodal-concrete-crack-detection-dataset/image/negative/neg_img_2473.jpg,0,normal,multimodal_concrete_crack_audio,train
dataset/multimodal-concrete-crack-detection-dataset/audio/negative/neg_audio_626.wav,dataset/multimodal-concrete-crack-detection-dataset/image/negative/neg_img_626.jpg,0,normal,multimodal_concrete_crack_audio,test
dataset/multimodal-concrete-crack-detection-dataset/audio/negative/neg_audio_0.wav,dataset/multimodal-concrete-crack-detection-dataset/image/negative/neg_img_0.jpg,0,normal,multimodal_concrete_crack_audio,train
dataset/multimodal-concrete-crack-detection-dataset/audio/negative/neg_audio_275.wav,dataset/multimodal-concrete-crack-detection-dataset/image/negative/neg_img_275.jpg,0,normal,multimodal_concrete_crack_audio,test
dataset/multimodal-concrete-crack-detection-dataset/audio/negative/neg_audio_469.wav,dataset/multimodal-concrete-crack-detection-dataset/image/negative/neg_img_469.jpg,0,normal,multimodal_concrete_crack_audio,train
dataset/multimodal-concrete-crack-detection-dataset/audio/negative/neg_audio_822.wav,dataset/multimodal-concrete-crack-detection-dataset/image/negative/neg_img_822.jpg,0,normal,multimodal_concrete_crack_audio,test
dataset/multimodal-concrete-crack-detection-dataset/audio/positive/pos_audio_821.wav,dataset/multimodal-concrete-crack-detection-dataset/image/positive/pos_img_821.jpg,1,acoustic_abnormal,multimodal_concrete_crack_audio,train
dataset/multimodal-concrete-crack-detection-dataset/audio/negative/neg_audio_2554.wav,dataset/multimodal-concrete-crack-detection-dataset/image/negative/neg_img_2554.jpg,0,normal,multimodal_concrete_crack_audio,train
dataset/multimodal-concrete-crack-detection-dataset/audio/negative/neg_audio_1986.wav,dataset/multimodal-concrete-crack-detection-dataset/image/negative/neg_img_1986.jpg,0,normal,multimodal_concrete_crack_audio,test
dataset/multimodal-concrete-crack-detection-dataset/audio/positive/pos_audio_95.wav,dataset/multimodal-concrete-crack-detection-dataset/image/positive/pos_img_95.jpg,1,acoustic_abnormal,multimodal_concrete_crack_audio,train
dataset/multimodal-concrete-crack-detection-dataset/audio/negative/neg_audio_26.wav,dataset/multimodal-concrete-crack-detection-dataset/image/negative/neg_img_26.jpg,0,normal,multimodal_concrete_crack_audio,train
dataset/multimodal-concrete-crack-detection-dataset/audio/negative/neg_audio_2945.wav,dataset/multimodal-concrete-crack-detection-dataset/image/negative/neg_img_2945.jpg,0,normal,multimodal_concrete_crack_audio,train
dataset/multimodal-concrete-crack-detection-dataset/audio/negative/neg_audio_1273.wav,dataset/multimodal-concrete-crack-detection-dataset/image/negative/neg_img_1273.jpg,0,normal,multimodal_concrete_crack_audio,test
dataset/multimodal-concrete-crack-detection-dataset/audio/positive/pos_audio_560.wav,dataset/multimodal-concrete-crack-detection-dataset/image/positive/pos_img_560.jpg,1,acoustic_abnormal,multimodal_concrete_crack_audio,val
dataset/multimodal-concrete-crack-detection-dataset/audio/negative/neg_audio_1232.wav,dataset/multimodal-concrete-crack-detection-dataset/image/negative/neg_img_1232.jpg,0,normal,multimodal_concrete_crack_audio,test
dataset/multimodal-concrete-crack-detection-dataset/audio/negative/neg_audio_633.wav,dataset/multimodal-concrete-crack-detection-dataset/image/negative/neg_img_633.jpg,0,normal,multimodal_concrete_crack_audio,val
dataset/multimodal-concrete-crack-detection-dataset/audio/positive/pos_audio_286.wav,dataset/multimodal-concrete-crack-detection-dataset/image/positive/pos_img_286.jpg,1,acoustic_abnormal,multimodal_concrete_crack_audio,train
dataset/multimodal-concrete-crack-detection-dataset/audio/positive/pos_audio_729.wav,dataset/multimodal-concrete-crack-detection-dataset/image/positive/pos_img_729.jpg,1,acoustic_abnormal,multimodal_concrete_crack_audio,train
dataset/multimodal-concrete-crack-detection-dataset/audio/negative/neg_audio_2767.wav,dataset/multimodal-concrete-crack-detection-dataset/image/negative/neg_img_2767.jpg,0,normal,multimodal_concrete_crack_audio,train
dataset/multimodal-concrete-crack-detection-dataset/audio/negative/neg_audio_915.wav,dataset/multimodal-concrete-crack-detection-dataset/image/negative/neg_img_915.jpg,0,normal,multimodal_concrete_crack_audio,train
dataset/multimodal-concrete-crack-detection-dataset/audio/negative/neg_audio_558.wav,dataset/multimodal-concrete-crack-detection-dataset/image/negative/neg_img_558.jpg,0,normal,multimodal_concrete_crack_audio,train
dataset/multimodal-concrete-crack-detection-dataset/audio/positive/pos_audio_845.wav,dataset/multimodal-concrete-crack-detection-dataset/image/positive/pos_img_845.jpg,1,acoustic_abnormal,multimodal_concrete_crack_audio,val
dataset/multimodal-concrete-crack-detection-dataset/audio/positive/pos_audio_476.wav,dataset/multimodal-concrete-crack-detection-dataset/image/positive/pos_img_476.jpg,1,acoustic_abnormal,multimodal_concrete_crack_audio,train
dataset/multimodal-concrete-crack-detection-dataset/audio/negative/neg_audio_2302.wav,dataset/multimodal-concrete-crack-detection-dataset/image/negative/neg_img_2302.jpg,0,normal,multimodal_concrete_crack_audio,train
dataset/multimodal-concrete-crack-detection-dataset/audio/negative/neg_audio_590.wav,dataset/multimodal-concrete-crack-detection-dataset/image/negative/neg_img_590.jpg,0,normal,multimodal_concrete_crack_audio,train
dataset/multimodal-concrete-crack-detection-dataset/audio/negative/neg_audio_2114.wav,dataset/multimodal-concrete-crack-detection-dataset/image/negative/neg_img_2114.jpg,0,normal,multimodal_concrete_crack_audio,train
dataset/multimodal-concrete-crack-detection-dataset/audio/negative/neg_audio_839.wav,dataset/multimodal-concrete-crack-detection-dataset/image/negative/neg_img_839.jpg,0,normal,multimodal_concrete_crack_audio,val
dataset/multimodal-concrete-crack-detection-dataset/audio/negative/neg_audio_2873.wav,dataset/multimodal-concrete-crack-detection-dataset/image/negative/neg_img_2873.jpg,0,normal,multimodal_concrete_crack_audio,val
dataset/multimodal-concrete-crack-detection-dataset/audio/positive/pos_audio_634.wav,dataset/multimodal-concrete-crack-detection-dataset/image/positive/pos_img_634.jpg,1,acoustic_abnormal,multimodal_concrete_crack_audio,train
dataset/multimodal-concrete-crack-detection-dataset/audio/negative/neg_audio_2936.wav,dataset/multimodal-concrete-crack-detection-dataset/image/negative/neg_img_2936.jpg,0,normal,multimodal_concrete_crack_audio,train
dataset/multimodal-concrete-crack-detection-dataset/audio/negative/neg_audio_3028.wav,dataset/multimodal-concrete-crack-detection-dataset/image/negative/neg_img_3028.jpg,0,normal,multimodal_concrete_crack_audio,train
dataset/multimodal-concrete-crack-detection-dataset/audio/negative/neg_audio_2092.wav,dataset/multimodal-concrete-crack-detection-dataset/image/negative/neg_img_2092.jpg,0,normal,multimodal_concrete_crack_audio,train
dataset/multimodal-concrete-crack-detection-dataset/audio/negative/neg_audio_2762.wav,dataset/multimodal-concrete-crack-detection-dataset/image/negative/neg_img_2762.jpg,0,normal,multimodal_concrete_crack_audio,test
dataset/multimodal-concrete-crack-detection-dataset/audio/negative/neg_audio_2394.wav,dataset/multimodal-concrete-crack-detection-dataset/image/negative/neg_img_2394.jpg,0,normal,multimodal_concrete_crack_audio,val
dataset/multimodal-concrete-crack-detection-dataset/audio/negative/neg_audio_3032.wav,dataset/multimodal-concrete-crack-detection-dataset/image/negative/neg_img_3032.jpg,0,normal,multimodal_concrete_crack_audio,train
dataset/multimodal-concrete-crack-detection-dataset/audio/negative/neg_audio_497.wav,dataset/multimodal-concrete-crack-detection-dataset/image/negative/neg_img_497.jpg,0,normal,multimodal_concrete_crack_audio,test
dataset/multimodal-concrete-crack-detection-dataset/audio/negative/neg_audio_249.wav,dataset/multimodal-concrete-crack-detection-dataset/image/negative/neg_img_249.jpg,0,normal,multimodal_concrete_crack_audio,train
dataset/multimodal-concrete-crack-detection-dataset/audio/positive/pos_audio_336.wav,dataset/multimodal-concrete-crack-detection-dataset/image/positive/pos_img_336.jpg,1,acoustic_abnormal,multimodal_concrete_crack_audio,train
dataset/multimodal-concrete-crack-detection-dataset/audio/negative/neg_audio_1357.wav,dataset/multimodal-concrete-crack-detection-dataset/image/negative/neg_img_1357.jpg,0,normal,multimodal_concrete_crack_audio,train
dataset/multimodal-concrete-crack-detection-dataset/audio/negative/neg_audio_2828.wav,dataset/multimodal-concrete-crack-detection-dataset/image/negative/neg_img_2828.jpg,0,normal,multimodal_concrete_crack_audio,train
dataset/multimodal-concrete-crack-detection-dataset/audio/negative/neg_audio_1972.wav,dataset/multimodal-concrete-crack-detection-dataset/image/negative/neg_img_1972.jpg,0,normal,multimodal_concrete_crack_audio,train
dataset/multimodal-concrete-crack-detection-dataset/audio/positive/pos_audio_513.wav,dataset/multimodal-concrete-crack-detection-dataset/image/positive/pos_img_513.jpg,1,acoustic_abnormal,multimodal_concrete_crack_audio,train
dataset/multimodal-concrete-crack-detection-dataset/audio/positive/pos_audio_776.wav,dataset/multimodal-concrete-crack-detection-dataset/image/positive/pos_img_776.jpg,1,acoustic_abnormal,multimodal_concrete_crack_audio,train
dataset/multimodal-concrete-crack-detection-dataset/audio/positive/pos_audio_162.wav,dataset/multimodal-concrete-crack-detection-dataset/image/positive/pos_img_162.jpg,1,acoustic_abnormal,multimodal_concrete_crack_audio,train
dataset/multimodal-concrete-crack-detection-dataset/audio/negative/neg_audio_398.wav,dataset/multimodal-concrete-crack-detection-dataset/image/negative/neg_img_398.jpg,0,normal,multimodal_concrete_crack_audio,test
dataset/multimodal-concrete-crack-detection-dataset/audio/negative/neg_audio_2434.wav,dataset/multimodal-concrete-crack-detection-dataset/image/negative/neg_img_2434.jpg,0,normal,multimodal_concrete_crack_audio,val
dataset/multimodal-concrete-crack-detection-dataset/audio/negative/neg_audio_1365.wav,dataset/multimodal-concrete-crack-detection-dataset/image/negative/neg_img_1365.jpg,0,normal,multimodal_concrete_crack_audio,train
dataset/multimodal-concrete-crack-detection-dataset/audio/negative/neg_audio_438.wav,dataset/multimodal-concrete-crack-detection-dataset/image/negative/neg_img_438.jpg,0,normal,multimodal_concrete_crack_audio,train
dataset/multimodal-concrete-crack-detection-dataset/audio/negative/neg_audio_2661.wav,dataset/multimodal-concrete-crack-detection-dataset/image/negative/neg_img_2661.jpg,0,normal,multimodal_concrete_crack_audio,train
dataset/multimodal-concrete-crack-detection-dataset/audio/positive/pos_audio_195.wav,dataset/multimodal-concrete-crack-detection-dataset/image/positive/pos_img_195.jpg,1,acoustic_abnormal,multimodal_concrete_crack_audio,train
dataset/multimodal-concrete-crack-detection-dataset/audio/negative/neg_audio_1106.wav,dataset/multimodal-concrete-crack-detection-dataset/image/negative/neg_img_1106.jpg,0,normal,multimodal_concrete_crack_audio,train
dataset/multimodal-concrete-crack-detection-dataset/audio/negative/neg_audio_224.wav,dataset/multimodal-concrete-crack-detection-dataset/image/negative/neg_img_224.jpg,0,normal,multimodal_concrete_crack_audio,test
dataset/multimodal-concrete-crack-detection-dataset/audio/negative/neg_audio_346.wav,dataset/multimodal-concrete-crack-detection-dataset/image/negative/neg_img_346.jpg,0,normal,multimodal_concrete_crack_audio,train
dataset/multimodal-concrete-crack-detection-dataset/audio/negative/neg_audio_222.wav,dataset/multimodal-concrete-crack-detection-dataset/image/negative/neg_img_222.jpg,0,normal,multimodal_concrete_crack_audio,val
dataset/multimodal-concrete-crack-detection-dataset/audio/positive/pos_audio_233.wav,dataset/multimodal-concrete-crack-detection-dataset/image/positive/pos_img_233.jpg,1,acoustic_abnormal,multimodal_concrete_crack_audio,val
dataset/multimodal-concrete-crack-detection-dataset/audio/negative/neg_audio_1885.wav,dataset/multimodal-concrete-crack-detection-dataset/image/negative/neg_img_1885.jpg,0,normal,multimodal_concrete_crack_audio,val
dataset/multimodal-concrete-crack-detection-dataset/audio/positive/pos_audio_743.wav,dataset/multimodal-concrete-crack-detection-dataset/image/positive/pos_img_743.jpg,1,acoustic_abnormal,multimodal_concrete_crack_audio,train
dataset/multimodal-concrete-crack-detection-dataset/audio/positive/pos_audio_379.wav,dataset/multimodal-concrete-crack-detection-dataset/image/positive/pos_img_379.jpg,1,acoustic_abnormal,multimodal_concrete_crack_audio,val
dataset/multimodal-concrete-crack-detection-dataset/audio/negative/neg_audio_3125.wav,dataset/multimodal-concrete-crack-detection-dataset/image/negative/neg_img_3125.jpg,0,normal,multimodal_concrete_crack_audio,train
dataset/multimodal-concrete-crack-detection-dataset/audio/positive/pos_audio_103.wav,dataset/multimodal-concrete-crack-detection-dataset/image/positive/pos_img_103.jpg,1,acoustic_abnormal,multimodal_concrete_crack_audio,train
dataset/multimodal-concrete-crack-detection-dataset/audio/negative/neg_audio_1895.wav,dataset/multimodal-concrete-crack-detection-dataset/image/negative/neg_img_1895.jpg,0,normal,multimodal_concrete_crack_audio,test
dataset/multimodal-concrete-crack-detection-dataset/audio/negative/neg_audio_24.wav,dataset/multimodal-concrete-crack-detection-dataset/image/negative/neg_img_24.jpg,0,normal,multimodal_concrete_crack_audio,train
dataset/multimodal-concrete-crack-detection-dataset/audio/negative/neg_audio_2744.wav,dataset/multimodal-concrete-crack-detection-dataset/image/negative/neg_img_2744.jpg,0,normal,multimodal_concrete_crack_audio,train
dataset/multimodal-concrete-crack-detection-dataset/audio/negative/neg_audio_1650.wav,dataset/multimodal-concrete-crack-detection-dataset/image/negative/neg_img_1650.jpg,0,normal,multimodal_concrete_crack_audio,val
dataset/multimodal-concrete-crack-detection-dataset/audio/negative/neg_audio_515.wav,dataset/multimodal-concrete-crack-detection-dataset/image/negative/neg_img_515.jpg,0,normal,multimodal_concrete_crack_audio,train
dataset/multimodal-concrete-crack-detection-dataset/audio/negative/neg_audio_1608.wav,dataset/multimodal-concrete-crack-detection-dataset/image/negative/neg_img_1608.jpg,0,normal,multimodal_concrete_crack_audio,train
dataset/multimodal-concrete-crack-detection-dataset/audio/positive/pos_audio_257.wav,dataset/multimodal-concrete-crack-detection-dataset/image/positive/pos_img_257.jpg,1,acoustic_abnormal,multimodal_concrete_crack_audio,train
dataset/multimodal-concrete-crack-detection-dataset/audio/negative/neg_audio_3093.wav,dataset/multimodal-concrete-crack-detection-dataset/image/negative/neg_img_3093.jpg,0,normal,multimodal_concrete_crack_audio,train
dataset/multimodal-concrete-crack-detection-dataset/audio/negative/neg_audio_219.wav,dataset/multimodal-concrete-crack-detection-dataset/image/negative/neg_img_219.jpg,0,normal,multimodal_concrete_crack_audio,train
dataset/multimodal-concrete-crack-detection-dataset/audio/negative/neg_audio_1201.wav,dataset/multimodal-concrete-crack-detection-dataset/image/negative/neg_img_1201.jpg,0,normal,multimodal_concrete_crack_audio,train
dataset/multimodal-concrete-crack-detection-dataset/audio/positive/pos_audio_391.wav,dataset/multimodal-concrete-crack-detection-dataset/image/positive/pos_img_391.jpg,1,acoustic_abnormal,multimodal_concrete_crack_audio,train
dataset/multimodal-concrete-crack-detection-dataset/audio/negative/neg_audio_2316.wav,dataset/multimodal-concrete-crack-detection-dataset/image/negative/neg_img_2316.jpg,0,normal,multimodal_concrete_crack_audio,train
dataset/multimodal-concrete-crack-detection-dataset/audio/positive/pos_audio_482.wav,dataset/multimodal-concrete-crack-detection-dataset/image/positive/pos_img_482.jpg,1,acoustic_abnormal,multimodal_concrete_crack_audio,train
dataset/multimodal-concrete-crack-detection-dataset/audio/negative/neg_audio_2225.wav,dataset/multimodal-concrete-crack-detection-dataset/image/negative/neg_img_2225.jpg,0,normal,multimodal_concrete_crack_audio,train
dataset/multimodal-concrete-crack-detection-dataset/audio/negative/neg_audio_2543.wav,dataset/multimodal-concrete-crack-detection-dataset/image/negative/neg_img_2543.jpg,0,normal,multimodal_concrete_crack_audio,train
dataset/multimodal-concrete-crack-detection-dataset/audio/negative/neg_audio_521.wav,dataset/multimodal-concrete-crack-detection-dataset/image/negative/neg_img_521.jpg,0,normal,multimodal_concrete_crack_audio,test
dataset/multimodal-concrete-crack-detection-dataset/audio/negative/neg_audio_1528.wav,dataset/multimodal-concrete-crack-detection-dataset/image/negative/neg_img_1528.jpg,0,normal,multimodal_concrete_crack_audio,train
dataset/multimodal-concrete-crack-detection-dataset/audio/negative/neg_audio_2097.wav,dataset/multimodal-concrete-crack-detection-dataset/image/negative/neg_img_2097.jpg,0,normal,multimodal_concrete_crack_audio,val
dataset/multimodal-concrete-crack-detection-dataset/audio/negative/neg_audio_2377.wav,dataset/multimodal-concrete-crack-detection-dataset/image/negative/neg_img_2377.jpg,0,normal,multimodal_concrete_crack_audio,train
dataset/multimodal-concrete-crack-detection-dataset/audio/negative/neg_audio_993.wav,dataset/multimodal-concrete-crack-detection-dataset/image/negative/neg_img_993.jpg,0,normal,multimodal_concrete_crack_audio,val
dataset/multimodal-concrete-crack-detection-dataset/audio/positive/pos_audio_18.wav,dataset/multimodal-concrete-crack-detection-dataset/image/positive/pos_img_18.jpg,1,acoustic_abnormal,multimodal_concrete_crack_audio,test
dataset/multimodal-concrete-crack-detection-dataset/audio/negative/neg_audio_1238.wav,dataset/multimodal-concrete-crack-detection-dataset/image/negative/neg_img_1238.jpg,0,normal,multimodal_concrete_crack_audio,train
dataset/multimodal-concrete-crack-detection-dataset/audio/positive/pos_audio_510.wav,dataset/multimodal-concrete-crack-detection-dataset/image/positive/pos_img_510.jpg,1,acoustic_abnormal,multimodal_concrete_crack_audio,train
dataset/multimodal-concrete-crack-detection-dataset/audio/negative/neg_audio_2519.wav,dataset/multimodal-concrete-crack-detection-dataset/image/negative/neg_img_2519.jpg,0,normal,multimodal_concrete_crack_audio,train
dataset/multimodal-concrete-crack-detection-dataset/audio/negative/neg_audio_575.wav,dataset/multimodal-concrete-crack-detection-dataset/image/negative/neg_img_575.jpg,0,normal,multimodal_concrete_crack_audio,train
dataset/multimodal-concrete-crack-detection-dataset/audio/negative/neg_audio_3095.wav,dataset/multimodal-concrete-crack-detection-dataset/image/negative/neg_img_3095.jpg,0,normal,multimodal_concrete_crack_audio,test
dataset/multimodal-concrete-crack-detection-dataset/audio/negative/neg_audio_362.wav,dataset/multimodal-concrete-crack-detection-dataset/image/negative/neg_img_362.jpg,0,normal,multimodal_concrete_crack_audio,train
dataset/multimodal-concrete-crack-detection-dataset/audio/negative/neg_audio_1724.wav,dataset/multimodal-concrete-crack-detection-dataset/image/negative/neg_img_1724.jpg,0,normal,multimodal_concrete_crack_audio,train
dataset/multimodal-concrete-crack-detection-dataset/audio/negative/neg_audio_3140.wav,dataset/multimodal-concrete-crack-detection-dataset/image/negative/neg_img_3140.jpg,0,normal,multimodal_concrete_crack_audio,val
dataset/multimodal-concrete-crack-detection-dataset/audio/negative/neg_audio_108.wav,dataset/multimodal-concrete-crack-detection-dataset/image/negative/neg_img_108.jpg,0,normal,multimodal_concrete_crack_audio,train
dataset/multimodal-concrete-crack-detection-dataset/audio/negative/neg_audio_2289.wav,dataset/multimodal-concrete-crack-detection-dataset/image/negative/neg_img_2289.jpg,0,normal,multimodal_concrete_crack_audio,train
dataset/multimodal-concrete-crack-detection-dataset/audio/positive/pos_audio_697.wav,dataset/multimodal-concrete-crack-detection-dataset/image/positive/pos_img_697.jpg,1,acoustic_abnormal,multimodal_concrete_crack_audio,train
dataset/multimodal-concrete-crack-detection-dataset/audio/negative/neg_audio_113.wav,dataset/multimodal-concrete-crack-detection-dataset/image/negative/neg_img_113.jpg,0,normal,multimodal_concrete_crack_audio,val
dataset/multimodal-concrete-crack-detection-dataset/audio/negative/neg_audio_1889.wav,dataset/multimodal-concrete-crack-detection-dataset/image/negative/neg_img_1889.jpg,0,normal,multimodal_concrete_crack_audio,train
dataset/multimodal-concrete-crack-detection-dataset/audio/positive/pos_audio_726.wav,dataset/multimodal-concrete-crack-detection-dataset/image/positive/pos_img_726.jpg,1,acoustic_abnormal,multimodal_concrete_crack_audio,train
dataset/multimodal-concrete-crack-detection-dataset/audio/negative/neg_audio_1722.wav,dataset/multimodal-concrete-crack-detection-dataset/image/negative/neg_img_1722.jpg,0,normal,multimodal_concrete_crack_audio,train
dataset/multimodal-concrete-crack-detection-dataset/audio/positive/pos_audio_657.wav,dataset/multimodal-concrete-crack-detection-dataset/image/positive/pos_img_657.jpg,1,acoustic_abnormal,multimodal_concrete_crack_audio,train
dataset/multimodal-concrete-crack-detection-dataset/audio/negative/neg_audio_1751.wav,dataset/multimodal-concrete-crack-detection-dataset/image/negative/neg_img_1751.jpg,0,normal,multimodal_concrete_crack_audio,train
dataset/multimodal-concrete-crack-detection-dataset/audio/negative/neg_audio_1450.wav,dataset/multimodal-concrete-crack-detection-dataset/image/negative/neg_img_1450.jpg,0,normal,multimodal_concrete_crack_audio,train
dataset/multimodal-concrete-crack-detection-dataset/audio/negative/neg_audio_1918.wav,dataset/multimodal-concrete-crack-detection-dataset/image/negative/neg_img_1918.jpg,0,normal,multimodal_concrete_crack_audio,train
dataset/multimodal-concrete-crack-detection-dataset/audio/negative/neg_audio_1464.wav,dataset/multimodal-concrete-crack-detection-dataset/image/negative/neg_img_1464.jpg,0,normal,multimodal_concrete_crack_audio,val
dataset/multimodal-concrete-crack-detection-dataset/audio/negative/neg_audio_2918.wav,dataset/multimodal-concrete-crack-detection-dataset/image/negative/neg_img_2918.jpg,0,normal,multimodal_concrete_crack_audio,test
dataset/multimodal-concrete-crack-detection-dataset/audio/negative/neg_audio_2806.wav,dataset/multimodal-concrete-crack-detection-dataset/image/negative/neg_img_2806.jpg,0,normal,multimodal_concrete_crack_audio,train
dataset/multimodal-concrete-crack-detection-dataset/audio/negative/neg_audio_2063.wav,dataset/multimodal-concrete-crack-detection-dataset/image/negative/neg_img_2063.jpg,0,normal,multimodal_concrete_crack_audio,train
dataset/multimodal-concrete-crack-detection-dataset/audio/negative/neg_audio_1283.wav,dataset/multimodal-concrete-crack-detection-dataset/image/negative/neg_img_1283.jpg,0,normal,multimodal_concrete_crack_audio,train
dataset/multimodal-concrete-crack-detection-dataset/audio/negative/neg_audio_2843.wav,dataset/multimodal-concrete-crack-detection-dataset/image/negative/neg_img_2843.jpg,0,normal,multimodal_concrete_crack_audio,train
dataset/multimodal-concrete-crack-detection-dataset/audio/negative/neg_audio_1810.wav,dataset/multimodal-concrete-crack-detection-dataset/image/negative/neg_img_1810.jpg,0,normal,multimodal_concrete_crack_audio,test
dataset/multimodal-concrete-crack-detection-dataset/audio/negative/neg_audio_2156.wav,dataset/multimodal-concrete-crack-detection-dataset/image/negative/neg_img_2156.jpg,0,normal,multimodal_concrete_crack_audio,train
dataset/multimodal-concrete-crack-detection-dataset/audio/negative/neg_audio_567.wav,dataset/multimodal-concrete-crack-detection-dataset/image/negative/neg_img_567.jpg,0,normal,multimodal_concrete_crack_audio,test
dataset/multimodal-concrete-crack-detection-dataset/audio/negative/neg_audio_393.wav,dataset/multimodal-concrete-crack-detection-dataset/image/negative/neg_img_393.jpg,0,normal,multimodal_concrete_crack_audio,test
dataset/multimodal-concrete-crack-detection-dataset/audio/negative/neg_audio_1789.wav,dataset/multimodal-concrete-crack-detection-dataset/image/negative/neg_img_1789.jpg,0,normal,multimodal_concrete_crack_audio,test
dataset/multimodal-concrete-crack-detection-dataset/audio/positive/pos_audio_211.wav,dataset/multimodal-concrete-crack-detection-dataset/image/positive/pos_img_211.jpg,1,acoustic_abnormal,multimodal_concrete_crack_audio,train
dataset/multimodal-concrete-crack-detection-dataset/audio/positive/pos_audio_578.wav,dataset/multimodal-concrete-crack-detection-dataset/image/positive/pos_img_578.jpg,1,acoustic_abnormal,multimodal_concrete_crack_audio,val
dataset/multimodal-concrete-crack-detection-dataset/audio/positive/pos_audio_0.wav,dataset/multimodal-concrete-crack-detection-dataset/image/positive/pos_img_0.jpg,1,acoustic_abnormal,multimodal_concrete_crack_audio,train
dataset/multimodal-concrete-crack-detection-dataset/audio/negative/neg_audio_1539.wav,dataset/multimodal-concrete-crack-detection-dataset/image/negative/neg_img_1539.jpg,0,normal,multimodal_concrete_crack_audio,train
dataset/multimodal-concrete-crack-detection-dataset/audio/negative/neg_audio_751.wav,dataset/multimodal-concrete-crack-detection-dataset/image/negative/neg_img_751.jpg,0,normal,multimodal_concrete_crack_audio,test
dataset/multimodal-concrete-crack-detection-dataset/audio/positive/pos_audio_757.wav,dataset/multimodal-concrete-crack-detection-dataset/image/positive/pos_img_757.jpg,1,acoustic_abnormal,multimodal_concrete_crack_audio,train
dataset/multimodal-concrete-crack-detection-dataset/audio/negative/neg_audio_1888.wav,dataset/multimodal-concrete-crack-detection-dataset/image/negative/neg_img_1888.jpg,0,normal,multimodal_concrete_crack_audio,train
dataset/multimodal-concrete-crack-detection-dataset/audio/negative/neg_audio_2573.wav,dataset/multimodal-concrete-crack-detection-dataset/image/negative/neg_img_2573.jpg,0,normal,multimodal_concrete_crack_audio,train
dataset/multimodal-concrete-crack-detection-dataset/audio/positive/pos_audio_668.wav,dataset/multimodal-concrete-crack-detection-dataset/image/positive/pos_img_668.jpg,1,acoustic_abnormal,multimodal_concrete_crack_audio,train
dataset/multimodal-concrete-crack-detection-dataset/audio/negative/neg_audio_1217.wav,dataset/multimodal-concrete-crack-detection-dataset/image/negative/neg_img_1217.jpg,0,normal,multimodal_concrete_crack_audio,val
dataset/multimodal-concrete-crack-detection-dataset/audio/negative/neg_audio_350.wav,dataset/multimodal-concrete-crack-detection-dataset/image/negative/neg_img_350.jpg,0,normal,multimodal_concrete_crack_audio,train
dataset/multimodal-concrete-crack-detection-dataset/audio/negative/neg_audio_1249.wav,dataset/multimodal-concrete-crack-detection-dataset/image/negative/neg_img_1249.jpg,0,normal,multimodal_concrete_crack_audio,train
dataset/multimodal-concrete-crack-detection-dataset/audio/positive/pos_audio_747.wav,dataset/multimodal-concrete-crack-detection-dataset/image/positive/pos_img_747.jpg,1,acoustic_abnormal,multimodal_concrete_crack_audio,train
dataset/multimodal-concrete-crack-detection-dataset/audio/positive/pos_audio_571.wav,dataset/multimodal-concrete-crack-detection-dataset/image/positive/pos_img_571.jpg,1,acoustic_abnormal,multimodal_concrete_crack_audio,train
dataset/multimodal-concrete-crack-detection-dataset/audio/negative/neg_audio_2270.wav,dataset/multimodal-concrete-crack-detection-dataset/image/negative/neg_img_2270.jpg,0,normal,multimodal_concrete_crack_audio,train
dataset/multimodal-concrete-crack-detection-dataset/audio/negative/neg_audio_1705.wav,dataset/multimodal-concrete-crack-detection-dataset/image/negative/neg_img_1705.jpg,0,normal,multimodal_concrete_crack_audio,train
dataset/multimodal-concrete-crack-detection-dataset/audio/negative/neg_audio_555.wav,dataset/multimodal-concrete-crack-detection-dataset/image/negative/neg_img_555.jpg,0,normal,multimodal_concrete_crack_audio,train
dataset/multimodal-concrete-crack-detection-dataset/audio/negative/neg_audio_1024.wav,dataset/multimodal-concrete-crack-detection-dataset/image/negative/neg_img_1024.jpg,0,normal,multimodal_concrete_crack_audio,train
dataset/multimodal-concrete-crack-detection-dataset/audio/negative/neg_audio_817.wav,dataset/multimodal-concrete-crack-detection-dataset/image/negative/neg_img_817.jpg,0,normal,multimodal_concrete_crack_audio,train
dataset/multimodal-concrete-crack-detection-dataset/audio/negative/neg_audio_3144.wav,dataset/multimodal-concrete-crack-detection-dataset/image/negative/neg_img_3144.jpg,0,normal,multimodal_concrete_crack_audio,val
dataset/multimodal-concrete-crack-detection-dataset/audio/negative/neg_audio_2798.wav,dataset/multimodal-concrete-crack-detection-dataset/image/negative/neg_img_2798.jpg,0,normal,multimodal_concrete_crack_audio,test
dataset/multimodal-concrete-crack-detection-dataset/audio/negative/neg_audio_570.wav,dataset/multimodal-concrete-crack-detection-dataset/image/negative/neg_img_570.jpg,0,normal,multimodal_concrete_crack_audio,train
dataset/multimodal-concrete-crack-detection-dataset/audio/negative/neg_audio_2368.wav,dataset/multimodal-concrete-crack-detection-dataset/image/negative/neg_img_2368.jpg,0,normal,multimodal_concrete_crack_audio,val
dataset/multimodal-concrete-crack-detection-dataset/audio/positive/pos_audio_90.wav,dataset/multimodal-concrete-crack-detection-dataset/image/positive/pos_img_90.jpg,1,acoustic_abnormal,multimodal_concrete_crack_audio,train
dataset/multimodal-concrete-crack-detection-dataset/audio/negative/neg_audio_1320.wav,dataset/multimodal-concrete-crack-detection-dataset/image/negative/neg_img_1320.jpg,0,normal,multimodal_concrete_crack_audio,train
dataset/multimodal-concrete-crack-detection-dataset/audio/positive/pos_audio_383.wav,dataset/multimodal-concrete-crack-detection-dataset/image/positive/pos_img_383.jpg,1,acoustic_abnormal,multimodal_concrete_crack_audio,train
dataset/multimodal-concrete-crack-detection-dataset/audio/positive/pos_audio_700.wav,dataset/multimodal-concrete-crack-detection-dataset/image/positive/pos_img_700.jpg,1,acoustic_abnormal,multimodal_concrete_crack_audio,train
dataset/multimodal-concrete-crack-detection-dataset/audio/negative/neg_audio_1785.wav,dataset/multimodal-concrete-crack-detection-dataset/image/negative/neg_img_1785.jpg,0,normal,multimodal_concrete_crack_audio,val
dataset/multimodal-concrete-crack-detection-dataset/audio/negative/neg_audio_2309.wav,dataset/multimodal-concrete-crack-detection-dataset/image/negative/neg_img_2309.jpg,0,normal,multimodal_concrete_crack_audio,train
dataset/multimodal-concrete-crack-detection-dataset/audio/negative/neg_audio_709.wav,dataset/multimodal-concrete-crack-detection-dataset/image/negative/neg_img_709.jpg,0,normal,multimodal_concrete_crack_audio,train
dataset/multimodal-concrete-crack-detection-dataset/audio/negative/neg_audio_1272.wav,dataset/multimodal-concrete-crack-detection-dataset/image/negative/neg_img_1272.jpg,0,normal,multimodal_concrete_crack_audio,train
dataset/multimodal-concrete-crack-detection-dataset/audio/negative/neg_audio_2445.wav,dataset/multimodal-concrete-crack-detection-dataset/image/negative/neg_img_2445.jpg,0,normal,multimodal_concrete_crack_audio,train
dataset/multimodal-concrete-crack-detection-dataset/audio/negative/neg_audio_1237.wav,dataset/multimodal-concrete-crack-detection-dataset/image/negative/neg_img_1237.jpg,0,normal,multimodal_concrete_crack_audio,test
dataset/multimodal-concrete-crack-detection-dataset/audio/positive/pos_audio_565.wav,dataset/multimodal-concrete-crack-detection-dataset/image/positive/pos_img_565.jpg,1,acoustic_abnormal,multimodal_concrete_crack_audio,train
dataset/multimodal-concrete-crack-detection-dataset/audio/negative/neg_audio_1070.wav,dataset/multimodal-concrete-crack-detection-dataset/image/negative/neg_img_1070.jpg,0,normal,multimodal_concrete_crack_audio,train
dataset/multimodal-concrete-crack-detection-dataset/audio/positive/pos_audio_453.wav,dataset/multimodal-concrete-crack-detection-dataset/image/positive/pos_img_453.jpg,1,acoustic_abnormal,multimodal_concrete_crack_audio,train
dataset/multimodal-concrete-crack-detection-dataset/audio/negative/neg_audio_401.wav,dataset/multimodal-concrete-crack-detection-dataset/image/negative/neg_img_401.jpg,0,normal,multimodal_concrete_crack_audio,train
dataset/multimodal-concrete-crack-detection-dataset/audio/positive/pos_audio_499.wav,dataset/multimodal-concrete-crack-detection-dataset/image/positive/pos_img_499.jpg,1,acoustic_abnormal,multimodal_concrete_crack_audio,val
dataset/multimodal-concrete-crack-detection-dataset/audio/negative/neg_audio_1634.wav,dataset/multimodal-concrete-crack-detection-dataset/image/negative/neg_img_1634.jpg,0,normal,multimodal_concrete_crack_audio,train
dataset/multimodal-concrete-crack-detection-dataset/audio/negative/neg_audio_1730.wav,dataset/multimodal-concrete-crack-detection-dataset/image/negative/neg_img_1730.jpg,0,normal,multimodal_concrete_crack_audio,val
dataset/multimodal-concrete-crack-detection-dataset/audio/negative/neg_audio_1582.wav,dataset/multimodal-concrete-crack-detection-dataset/image/negative/neg_img_1582.jpg,0,normal,multimodal_concrete_crack_audio,val
dataset/multimodal-concrete-crack-detection-dataset/audio/negative/neg_audio_2609.wav,dataset/multimodal-concrete-crack-detection-dataset/image/negative/neg_img_2609.jpg,0,normal,multimodal_concrete_crack_audio,val
dataset/multimodal-concrete-crack-detection-dataset/audio/negative/neg_audio_2779.wav,dataset/multimodal-concrete-crack-detection-dataset/image/negative/neg_img_2779.jpg,0,normal,multimodal_concrete_crack_audio,train
dataset/multimodal-concrete-crack-detection-dataset/audio/positive/pos_audio_120.wav,dataset/multimodal-concrete-crack-detection-dataset/image/positive/pos_img_120.jpg,1,acoustic_abnormal,multimodal_concrete_crack_audio,train
dataset/multimodal-concrete-crack-detection-dataset/audio/negative/neg_audio_1018.wav,dataset/multimodal-concrete-crack-detection-dataset/image/negative/neg_img_1018.jpg,0,normal,multimodal_concrete_crack_audio,train
dataset/multimodal-concrete-crack-detection-dataset/audio/negative/neg_audio_1452.wav,dataset/multimodal-concrete-crack-detection-dataset/image/negative/neg_img_1452.jpg,0,normal,multimodal_concrete_crack_audio,train
dataset/multimodal-concrete-crack-detection-dataset/audio/negative/neg_audio_1938.wav,dataset/multimodal-concrete-crack-detection-dataset/image/negative/neg_img_1938.jpg,0,normal,multimodal_concrete_crack_audio,test
dataset/multimodal-concrete-crack-detection-dataset/audio/negative/neg_audio_131.wav,dataset/multimodal-concrete-crack-detection-dataset/image/negative/neg_img_131.jpg,0,normal,multimodal_concrete_crack_audio,train
dataset/multimodal-concrete-crack-detection-dataset/audio/negative/neg_audio_896.wav,dataset/multimodal-concrete-crack-detection-dataset/image/negative/neg_img_896.jpg,0,normal,multimodal_concrete_crack_audio,train
dataset/multimodal-concrete-crack-detection-dataset/audio/negative/neg_audio_1191.wav,dataset/multimodal-concrete-crack-detection-dataset/image/negative/neg_img_1191.jpg,0,normal,multimodal_concrete_crack_audio,train
dataset/multimodal-concrete-crack-detection-dataset/audio/negative/neg_audio_330.wav,dataset/multimodal-concrete-crack-detection-dataset/image/negative/neg_img_330.jpg,0,normal,multimodal_concrete_crack_audio,train
dataset/multimodal-concrete-crack-detection-dataset/audio/positive/pos_audio_557.wav,dataset/multimodal-concrete-crack-detection-dataset/image/positive/pos_img_557.jpg,1,acoustic_abnormal,multimodal_concrete_crack_audio,val
dataset/multimodal-concrete-crack-detection-dataset/audio/negative/neg_audio_2397.wav,dataset/multimodal-concrete-crack-detection-dataset/image/negative/neg_img_2397.jpg,0,normal,multimodal_concrete_crack_audio,train
dataset/multimodal-concrete-crack-detection-dataset/audio/negative/neg_audio_1769.wav,dataset/multimodal-concrete-crack-detection-dataset/image/negative/neg_img_1769.jpg,0,normal,multimodal_concrete_crack_audio,val
dataset/multimodal-concrete-crack-detection-dataset/audio/negative/neg_audio_805.wav,dataset/multimodal-concrete-crack-detection-dataset/image/negative/neg_img_805.jpg,0,normal,multimodal_concrete_crack_audio,val
dataset/multimodal-concrete-crack-detection-dataset/audio/negative/neg_audio_3002.wav,dataset/multimodal-concrete-crack-detection-dataset/image/negative/neg_img_3002.jpg,0,normal,multimodal_concrete_crack_audio,train
dataset/multimodal-concrete-crack-detection-dataset/audio/negative/neg_audio_584.wav,dataset/multimodal-concrete-crack-detection-dataset/image/negative/neg_img_584.jpg,0,normal,multimodal_concrete_crack_audio,train
dataset/multimodal-concrete-crack-detection-dataset/audio/negative/neg_audio_1108.wav,dataset/multimodal-concrete-crack-detection-dataset/image/negative/neg_img_1108.jpg,0,normal,multimodal_concrete_crack_audio,train
dataset/multimodal-concrete-crack-detection-dataset/audio/negative/neg_audio_2921.wav,dataset/multimodal-concrete-crack-detection-dataset/image/negative/neg_img_2921.jpg,0,normal,multimodal_concrete_crack_audio,train
dataset/multimodal-concrete-crack-detection-dataset/audio/negative/neg_audio_352.wav,dataset/multimodal-concrete-crack-detection-dataset/image/negative/neg_img_352.jpg,0,normal,multimodal_concrete_crack_audio,val
dataset/multimodal-concrete-crack-detection-dataset/audio/negative/neg_audio_635.wav,dataset/multimodal-concrete-crack-detection-dataset/image/negative/neg_img_635.jpg,0,normal,multimodal_concrete_crack_audio,val
dataset/multimodal-concrete-crack-detection-dataset/audio/negative/neg_audio_2296.wav,dataset/multimodal-concrete-crack-detection-dataset/image/negative/neg_img_2296.jpg,0,normal,multimodal_concrete_crack_audio,train
dataset/multimodal-concrete-crack-detection-dataset/audio/negative/neg_audio_3149.wav,dataset/multimodal-concrete-crack-detection-dataset/image/negative/neg_img_3149.jpg,0,normal,multimodal_concrete_crack_audio,test
dataset/multimodal-concrete-crack-detection-dataset/audio/negative/neg_audio_2725.wav,dataset/multimodal-concrete-crack-detection-dataset/image/negative/neg_img_2725.jpg,0,normal,multimodal_concrete_crack_audio,train
dataset/multimodal-concrete-crack-detection-dataset/audio/negative/neg_audio_2056.wav,dataset/multimodal-concrete-crack-detection-dataset/image/negative/neg_img_2056.jpg,0,normal,multimodal_concrete_crack_audio,train
dataset/multimodal-concrete-crack-detection-dataset/audio/positive/pos_audio_314.wav,dataset/multimodal-concrete-crack-detection-dataset/image/positive/pos_img_314.jpg,1,acoustic_abnormal,multimodal_concrete_crack_audio,train
dataset/multimodal-concrete-crack-detection-dataset/audio/positive/pos_audio_12.wav,dataset/multimodal-concrete-crack-detection-dataset/image/positive/pos_img_12.jpg,1,acoustic_abnormal,multimodal_concrete_crack_audio,train
dataset/multimodal-concrete-crack-detection-dataset/audio/negative/neg_audio_1160.wav,dataset/multimodal-concrete-crack-detection-dataset/image/negative/neg_img_1160.jpg,0,normal,multimodal_concrete_crack_audio,train
dataset/multimodal-concrete-crack-detection-dataset/audio/positive/pos_audio_395.wav,dataset/multimodal-concrete-crack-detection-dataset/image/positive/pos_img_395.jpg,1,acoustic_abnormal,multimodal_concrete_crack_audio,train
dataset/multimodal-concrete-crack-detection-dataset/audio/negative/neg_audio_1434.wav,dataset/multimodal-concrete-crack-detection-dataset/image/negative/neg_img_1434.jpg,0,normal,multimodal_concrete_crack_audio,train
dataset/multimodal-concrete-crack-detection-dataset/audio/negative/neg_audio_564.wav,dataset/multimodal-concrete-crack-detection-dataset/image/negative/neg_img_564.jpg,0,normal,multimodal_concrete_crack_audio,train
dataset/multimodal-concrete-crack-detection-dataset/audio/negative/neg_audio_1029.wav,dataset/multimodal-concrete-crack-detection-dataset/image/negative/neg_img_1029.jpg,0,normal,multimodal_concrete_crack_audio,val
dataset/multimodal-concrete-crack-detection-dataset/audio/positive/pos_audio_877.wav,dataset/multimodal-concrete-crack-detection-dataset/image/positive/pos_img_877.jpg,1,acoustic_abnormal,multimodal_concrete_crack_audio,train
dataset/multimodal-concrete-crack-detection-dataset/audio/negative/neg_audio_2.wav,dataset/multimodal-concrete-crack-detection-dataset/image/negative/neg_img_2.jpg,0,normal,multimodal_concrete_crack_audio,test
dataset/multimodal-concrete-crack-detection-dataset/audio/positive/pos_audio_674.wav,dataset/multimodal-concrete-crack-detection-dataset/image/positive/pos_img_674.jpg,1,acoustic_abnormal,multimodal_concrete_crack_audio,train
dataset/multimodal-concrete-crack-detection-dataset/audio/negative/neg_audio_2704.wav,dataset/multimodal-concrete-crack-detection-dataset/image/negative/neg_img_2704.jpg,0,normal,multimodal_concrete_crack_audio,train
dataset/multimodal-concrete-crack-detection-dataset/audio/positive/pos_audio_791.wav,dataset/multimodal-concrete-crack-detection-dataset/image/positive/pos_img_791.jpg,1,acoustic_abnormal,multimodal_concrete_crack_audio,test
dataset/multimodal-concrete-crack-detection-dataset/audio/negative/neg_audio_1762.wav,dataset/multimodal-concrete-crack-detection-dataset/image/negative/neg_img_1762.jpg,0,normal,multimodal_concrete_crack_audio,test
dataset/multimodal-concrete-crack-detection-dataset/audio/negative/neg_audio_20.wav,dataset/multimodal-concrete-crack-detection-dataset/image/negative/neg_img_20.jpg,0,normal,multimodal_concrete_crack_audio,val
dataset/multimodal-concrete-crack-detection-dataset/audio/negative/neg_audio_1252.wav,dataset/multimodal-concrete-crack-detection-dataset/image/negative/neg_img_1252.jpg,0,normal,multimodal_concrete_crack_audio,test
dataset/multimodal-concrete-crack-detection-dataset/audio/positive/pos_audio_786.wav,dataset/multimodal-concrete-crack-detection-dataset/image/positive/pos_img_786.jpg,1,acoustic_abnormal,multimodal_concrete_crack_audio,train
dataset/multimodal-concrete-crack-detection-dataset/audio/positive/pos_audio_870.wav,dataset/multimodal-concrete-crack-detection-dataset/image/positive/pos_img_870.jpg,1,acoustic_abnormal,multimodal_concrete_crack_audio,train
dataset/multimodal-concrete-crack-detection-dataset/audio/negative/neg_audio_505.wav,dataset/multimodal-concrete-crack-detection-dataset/image/negative/neg_img_505.jpg,0,normal,multimodal_concrete_crack_audio,val
dataset/multimodal-concrete-crack-detection-dataset/audio/negative/neg_audio_2429.wav,dataset/multimodal-concrete-crack-detection-dataset/image/negative/neg_img_2429.jpg,0,normal,multimodal_concrete_crack_audio,val
dataset/multimodal-concrete-crack-detection-dataset/audio/positive/pos_audio_177.wav,dataset/multimodal-concrete-crack-detection-dataset/image/positive/pos_img_177.jpg,1,acoustic_abnormal,multimodal_concrete_crack_audio,val
dataset/multimodal-concrete-crack-detection-dataset/audio/negative/neg_audio_1159.wav,dataset/multimodal-concrete-crack-detection-dataset/image/negative/neg_img_1159.jpg,0,normal,multimodal_concrete_crack_audio,test
dataset/multimodal-concrete-crack-detection-dataset/audio/negative/neg_audio_890.wav,dataset/multimodal-concrete-crack-detection-dataset/image/negative/neg_img_890.jpg,0,normal,multimodal_concrete_crack_audio,train
dataset/multimodal-concrete-crack-detection-dataset/audio/negative/neg_audio_167.wav,dataset/multimodal-concrete-crack-detection-dataset/image/negative/neg_img_167.jpg,0,normal,multimodal_concrete_crack_audio,train
dataset/multimodal-concrete-crack-detection-dataset/audio/negative/neg_audio_1859.wav,dataset/multimodal-concrete-crack-detection-dataset/image/negative/neg_img_1859.jpg,0,normal,multimodal_concrete_crack_audio,train
dataset/multimodal-concrete-crack-detection-dataset/audio/negative/neg_audio_63.wav,dataset/multimodal-concrete-crack-detection-dataset/image/negative/neg_img_63.jpg,0,normal,multimodal_concrete_crack_audio,train
dataset/multimodal-concrete-crack-detection-dataset/audio/negative/neg_audio_1207.wav,dataset/multimodal-concrete-crack-detection-dataset/image/negative/neg_img_1207.jpg,0,normal,multimodal_concrete_crack_audio,test
dataset/multimodal-concrete-crack-detection-dataset/audio/positive/pos_audio_71.wav,dataset/multimodal-concrete-crack-detection-dataset/image/positive/pos_img_71.jpg,1,acoustic_abnormal,multimodal_concrete_crack_audio,test
dataset/multimodal-concrete-crack-detection-dataset/audio/negative/neg_audio_264.wav,dataset/multimodal-concrete-crack-detection-dataset/image/negative/neg_img_264.jpg,0,normal,multimodal_concrete_crack_audio,test
dataset/multimodal-concrete-crack-detection-dataset/audio/negative/neg_audio_1180.wav,dataset/multimodal-concrete-crack-detection-dataset/image/negative/neg_img_1180.jpg,0,normal,multimodal_concrete_crack_audio,train
dataset/multimodal-concrete-crack-detection-dataset/audio/negative/neg_audio_1994.wav,dataset/multimodal-concrete-crack-detection-dataset/image/negative/neg_img_1994.jpg,0,normal,multimodal_concrete_crack_audio,val
dataset/multimodal-concrete-crack-detection-dataset/audio/negative/neg_audio_1243.wav,dataset/multimodal-concrete-crack-detection-dataset/image/negative/neg_img_1243.jpg,0,normal,multimodal_concrete_crack_audio,train
dataset/multimodal-concrete-crack-detection-dataset/audio/negative/neg_audio_666.wav,dataset/multimodal-concrete-crack-detection-dataset/image/negative/neg_img_666.jpg,0,normal,multimodal_concrete_crack_audio,train
dataset/multimodal-concrete-crack-detection-dataset/audio/negative/neg_audio_2721.wav,dataset/multimodal-concrete-crack-detection-dataset/image/negative/neg_img_2721.jpg,0,normal,multimodal_concrete_crack_audio,train
dataset/multimodal-concrete-crack-detection-dataset/audio/negative/neg_audio_2286.wav,dataset/multimodal-concrete-crack-detection-dataset/image/negative/neg_img_2286.jpg,0,normal,multimodal_concrete_crack_audio,test
dataset/multimodal-concrete-crack-detection-dataset/audio/negative/neg_audio_2555.wav,dataset/multimodal-concrete-crack-detection-dataset/image/negative/neg_img_2555.jpg,0,normal,multimodal_concrete_crack_audio,test
dataset/multimodal-concrete-crack-detection-dataset/audio/negative/neg_audio_1186.wav,dataset/multimodal-concrete-crack-detection-dataset/image/negative/neg_img_1186.jpg,0,normal,multimodal_concrete_crack_audio,train
dataset/multimodal-concrete-crack-detection-dataset/audio/negative/neg_audio_2142.wav,dataset/multimodal-concrete-crack-detection-dataset/image/negative/neg_img_2142.jpg,0,normal,multimodal_concrete_crack_audio,val
dataset/multimodal-concrete-crack-detection-dataset/audio/negative/neg_audio_615.wav,dataset/multimodal-concrete-crack-detection-dataset/image/negative/neg_img_615.jpg,0,normal,multimodal_concrete_crack_audio,train
dataset/multimodal-concrete-crack-detection-dataset/audio/negative/neg_audio_2789.wav,dataset/multimodal-concrete-crack-detection-dataset/image/negative/neg_img_2789.jpg,0,normal,multimodal_concrete_crack_audio,train
dataset/multimodal-concrete-crack-detection-dataset/audio/negative/neg_audio_1910.wav,dataset/multimodal-concrete-crack-detection-dataset/image/negative/neg_img_1910.jpg,0,normal,multimodal_concrete_crack_audio,test
dataset/multimodal-concrete-crack-detection-dataset/audio/negative/neg_audio_602.wav,dataset/multimodal-concrete-crack-detection-dataset/image/negative/neg_img_602.jpg,0,normal,multimodal_concrete_crack_audio,val
dataset/multimodal-concrete-crack-detection-dataset/audio/negative/neg_audio_2807.wav,dataset/multimodal-concrete-crack-detection-dataset/image/negative/neg_img_2807.jpg,0,normal,multimodal_concrete_crack_audio,train
dataset/multimodal-concrete-crack-detection-dataset/audio/positive/pos_audio_593.wav,dataset/multimodal-concrete-crack-detection-dataset/image/positive/pos_img_593.jpg,1,acoustic_abnormal,multimodal_concrete_crack_audio,train
dataset/multimodal-concrete-crack-detection-dataset/audio/negative/neg_audio_2043.wav,dataset/multimodal-concrete-crack-detection-dataset/image/negative/neg_img_2043.jpg,0,normal,multimodal_concrete_crack_audio,train
dataset/multimodal-concrete-crack-detection-dataset/audio/negative/neg_audio_34.wav,dataset/multimodal-concrete-crack-detection-dataset/image/negative/neg_img_34.jpg,0,normal,multimodal_concrete_crack_audio,val
dataset/multimodal-concrete-crack-detection-dataset/audio/negative/neg_audio_451.wav,dataset/multimodal-concrete-crack-detection-dataset/image/negative/neg_img_451.jpg,0,normal,multimodal_concrete_crack_audio,train
dataset/multimodal-concrete-crack-detection-dataset/audio/negative/neg_audio_1181.wav,dataset/multimodal-concrete-crack-detection-dataset/image/negative/neg_img_1181.jpg,0,normal,multimodal_concrete_crack_audio,train
dataset/multimodal-concrete-crack-detection-dataset/audio/negative/neg_audio_1421.wav,dataset/multimodal-concrete-crack-detection-dataset/image/negative/neg_img_1421.jpg,0,normal,multimodal_concrete_crack_audio,train
dataset/multimodal-concrete-crack-detection-dataset/audio/positive/pos_audio_41.wav,dataset/multimodal-concrete-crack-detection-dataset/image/positive/pos_img_41.jpg,1,acoustic_abnormal,multimodal_concrete_crack_audio,train
dataset/multimodal-concrete-crack-detection-dataset/audio/positive/pos_audio_42.wav,dataset/multimodal-concrete-crack-detection-dataset/image/positive/pos_img_42.jpg,1,acoustic_abnormal,multimodal_concrete_crack_audio,train
dataset/multimodal-concrete-crack-detection-dataset/audio/negative/neg_audio_2321.wav,dataset/multimodal-concrete-crack-detection-dataset/image/negative/neg_img_2321.jpg,0,normal,multimodal_concrete_crack_audio,train
dataset/multimodal-concrete-crack-detection-dataset/audio/negative/neg_audio_1863.wav,dataset/multimodal-concrete-crack-detection-dataset/image/negative/neg_img_1863.jpg,0,normal,multimodal_concrete_crack_audio,test
dataset/multimodal-concrete-crack-detection-dataset/audio/positive/pos_audio_53.wav,dataset/multimodal-concrete-crack-detection-dataset/image/positive/pos_img_53.jpg,1,acoustic_abnormal,multimodal_concrete_crack_audio,val
dataset/multimodal-concrete-crack-detection-dataset/audio/positive/pos_audio_880.wav,dataset/multimodal-concrete-crack-detection-dataset/image/positive/pos_img_880.jpg,1,acoustic_abnormal,multimodal_concrete_crack_audio,train
dataset/multimodal-concrete-crack-detection-dataset/audio/negative/neg_audio_503.wav,dataset/multimodal-concrete-crack-detection-dataset/image/negative/neg_img_503.jpg,0,normal,multimodal_concrete_crack_audio,train
dataset/multimodal-concrete-crack-detection-dataset/audio/negative/neg_audio_2508.wav,dataset/multimodal-concrete-crack-detection-dataset/image/negative/neg_img_2508.jpg,0,normal,multimodal_concrete_crack_audio,train
dataset/multimodal-concrete-crack-detection-dataset/audio/positive/pos_audio_212.wav,dataset/multimodal-concrete-crack-detection-dataset/image/positive/pos_img_212.jpg,1,acoustic_abnormal,multimodal_concrete_crack_audio,train
dataset/multimodal-concrete-crack-detection-dataset/audio/negative/neg_audio_1406.wav,dataset/multimodal-concrete-crack-detection-dataset/image/negative/neg_img_1406.jpg,0,normal,multimodal_concrete_crack_audio,train
dataset/multimodal-concrete-crack-detection-dataset/audio/negative/neg_audio_2874.wav,dataset/multimodal-concrete-crack-detection-dataset/image/negative/neg_img_2874.jpg,0,normal,multimodal_concrete_crack_audio,val
dataset/multimodal-concrete-crack-detection-dataset/audio/negative/neg_audio_2130.wav,dataset/multimodal-concrete-crack-detection-dataset/image/negative/neg_img_2130.jpg,0,normal,multimodal_concrete_crack_audio,train
dataset/multimodal-concrete-crack-detection-dataset/audio/negative/neg_audio_2373.wav,dataset/multimodal-concrete-crack-detection-dataset/image/negative/neg_img_2373.jpg,0,normal,multimodal_concrete_crack_audio,train
dataset/multimodal-concrete-crack-detection-dataset/audio/negative/neg_audio_168.wav,dataset/multimodal-concrete-crack-detection-dataset/image/negative/neg_img_168.jpg,0,normal,multimodal_concrete_crack_audio,train
dataset/multimodal-concrete-crack-detection-dataset/audio/negative/neg_audio_780.wav,dataset/multimodal-concrete-crack-detection-dataset/image/negative/neg_img_780.jpg,0,normal,multimodal_concrete_crack_audio,val
dataset/multimodal-concrete-crack-detection-dataset/audio/negative/neg_audio_1266.wav,dataset/multimodal-concrete-crack-detection-dataset/image/negative/neg_img_1266.jpg,0,normal,multimodal_concrete_crack_audio,test
dataset/multimodal-concrete-crack-detection-dataset/audio/negative/neg_audio_1131.wav,dataset/multimodal-concrete-crack-detection-dataset/image/negative/neg_img_1131.jpg,0,normal,multimodal_concrete_crack_audio,train
dataset/multimodal-concrete-crack-detection-dataset/audio/positive/pos_audio_667.wav,dataset/multimodal-concrete-crack-detection-dataset/image/positive/pos_img_667.jpg,1,acoustic_abnormal,multimodal_concrete_crack_audio,train
dataset/multimodal-concrete-crack-detection-dataset/audio/negative/neg_audio_1709.wav,dataset/multimodal-concrete-crack-detection-dataset/image/negative/neg_img_1709.jpg,0,normal,multimodal_concrete_crack_audio,train
dataset/multimodal-concrete-crack-detection-dataset/audio/negative/neg_audio_2413.wav,dataset/multimodal-concrete-crack-detection-dataset/image/negative/neg_img_2413.jpg,0,normal,multimodal_concrete_crack_audio,train
dataset/multimodal-concrete-crack-detection-dataset/audio/negative/neg_audio_1601.wav,dataset/multimodal-concrete-crack-detection-dataset/image/negative/neg_img_1601.jpg,0,normal,multimodal_concrete_crack_audio,train
dataset/multimodal-concrete-crack-detection-dataset/audio/negative/neg_audio_1356.wav,dataset/multimodal-concrete-crack-detection-dataset/image/negative/neg_img_1356.jpg,0,normal,multimodal_concrete_crack_audio,test
dataset/multimodal-concrete-crack-detection-dataset/audio/positive/pos_audio_433.wav,dataset/multimodal-concrete-crack-detection-dataset/image/positive/pos_img_433.jpg,1,acoustic_abnormal,multimodal_concrete_crack_audio,test
dataset/multimodal-concrete-crack-detection-dataset/audio/negative/neg_audio_1428.wav,dataset/multimodal-concrete-crack-detection-dataset/image/negative/neg_img_1428.jpg,0,normal,multimodal_concrete_crack_audio,test
dataset/multimodal-concrete-crack-detection-dataset/audio/negative/neg_audio_2781.wav,dataset/multimodal-concrete-crack-detection-dataset/image/negative/neg_img_2781.jpg,0,normal,multimodal_concrete_crack_audio,train
dataset/multimodal-concrete-crack-detection-dataset/audio/positive/pos_audio_524.wav,dataset/multimodal-concrete-crack-detection-dataset/image/positive/pos_img_524.jpg,1,acoustic_abnormal,multimodal_concrete_crack_audio,train
dataset/multimodal-concrete-crack-detection-dataset/audio/negative/neg_audio_1086.wav,dataset/multimodal-concrete-crack-detection-dataset/image/negative/neg_img_1086.jpg,0,normal,multimodal_concrete_crack_audio,train
dataset/multimodal-concrete-crack-detection-dataset/audio/negative/neg_audio_716.wav,dataset/multimodal-concrete-crack-detection-dataset/image/negative/neg_img_716.jpg,0,normal,multimodal_concrete_crack_audio,train
dataset/multimodal-concrete-crack-detection-dataset/audio/negative/neg_audio_2158.wav,dataset/multimodal-concrete-crack-detection-dataset/image/negative/neg_img_2158.jpg,0,normal,multimodal_concrete_crack_audio,train
dataset/multimodal-concrete-crack-detection-dataset/audio/positive/pos_audio_384.wav,dataset/multimodal-concrete-crack-detection-dataset/image/positive/pos_img_384.jpg,1,acoustic_abnormal,multimodal_concrete_crack_audio,train
dataset/multimodal-concrete-crack-detection-dataset/audio/negative/neg_audio_1840.wav,dataset/multimodal-concrete-crack-detection-dataset/image/negative/neg_img_1840.jpg,0,normal,multimodal_concrete_crack_audio,test
dataset/multimodal-concrete-crack-detection-dataset/audio/positive/pos_audio_533.wav,dataset/multimodal-concrete-crack-detection-dataset/image/positive/pos_img_533.jpg,1,acoustic_abnormal,multimodal_concrete_crack_audio,val
dataset/multimodal-concrete-crack-detection-dataset/audio/positive/pos_audio_479.wav,dataset/multimodal-concrete-crack-detection-dataset/image/positive/pos_img_479.jpg,1,acoustic_abnormal,multimodal_concrete_crack_audio,val
dataset/multimodal-concrete-crack-detection-dataset/audio/negative/neg_audio_2231.wav,dataset/multimodal-concrete-crack-detection-dataset/image/negative/neg_img_2231.jpg,0,normal,multimodal_concrete_crack_audio,train
dataset/multimodal-concrete-crack-detection-dataset/audio/negative/neg_audio_2780.wav,dataset/multimodal-concrete-crack-detection-dataset/image/negative/neg_img_2780.jpg,0,normal,multimodal_concrete_crack_audio,train
dataset/multimodal-concrete-crack-detection-dataset/audio/negative/neg_audio_2567.wav,dataset/multimodal-concrete-crack-detection-dataset/image/negative/neg_img_2567.jpg,0,normal,multimodal_concrete_crack_audio,test
dataset/multimodal-concrete-crack-detection-dataset/audio/positive/pos_audio_388.wav,dataset/multimodal-concrete-crack-detection-dataset/image/positive/pos_img_388.jpg,1,acoustic_abnormal,multimodal_concrete_crack_audio,train
dataset/multimodal-concrete-crack-detection-dataset/audio/negative/neg_audio_1121.wav,dataset/multimodal-concrete-crack-detection-dataset/image/negative/neg_img_1121.jpg,0,normal,multimodal_concrete_crack_audio,train
dataset/multimodal-concrete-crack-detection-dataset/audio/negative/neg_audio_442.wav,dataset/multimodal-concrete-crack-detection-dataset/image/negative/neg_img_442.jpg,0,normal,multimodal_concrete_crack_audio,val
dataset/multimodal-concrete-crack-detection-dataset/audio/negative/neg_audio_2616.wav,dataset/multimodal-concrete-crack-detection-dataset/image/negative/neg_img_2616.jpg,0,normal,multimodal_concrete_crack_audio,train
dataset/multimodal-concrete-crack-detection-dataset/audio/negative/neg_audio_1547.wav,dataset/multimodal-concrete-crack-detection-dataset/image/negative/neg_img_1547.jpg,0,normal,multimodal_concrete_crack_audio,train
dataset/multimodal-concrete-crack-detection-dataset/audio/positive/pos_audio_706.wav,dataset/multimodal-concrete-crack-detection-dataset/image/positive/pos_img_706.jpg,1,acoustic_abnormal,multimodal_concrete_crack_audio,test
dataset/multimodal-concrete-crack-detection-dataset/audio/positive/pos_audio_566.wav,dataset/multimodal-concrete-crack-detection-dataset/image/positive/pos_img_566.jpg,1,acoustic_abnormal,multimodal_concrete_crack_audio,train
dataset/multimodal-concrete-crack-detection-dataset/audio/negative/neg_audio_793.wav,dataset/multimodal-concrete-crack-detection-dataset/image/negative/neg_img_793.jpg,0,normal,multimodal_concrete_crack_audio,train
dataset/multimodal-concrete-crack-detection-dataset/audio/negative/neg_audio_365.wav,dataset/multimodal-concrete-crack-detection-dataset/image/negative/neg_img_365.jpg,0,normal,multimodal_concrete_crack_audio,val
dataset/multimodal-concrete-crack-detection-dataset/audio/negative/neg_audio_3048.wav,dataset/multimodal-concrete-crack-detection-dataset/image/negative/neg_img_3048.jpg,0,normal,multimodal_concrete_crack_audio,train
dataset/multimodal-concrete-crack-detection-dataset/audio/negative/neg_audio_845.wav,dataset/multimodal-concrete-crack-detection-dataset/image/negative/neg_img_845.jpg,0,normal,multimodal_concrete_crack_audio,train
dataset/multimodal-concrete-crack-detection-dataset/audio/negative/neg_audio_1472.wav,dataset/multimodal-concrete-crack-detection-dataset/image/negative/neg_img_1472.jpg,0,normal,multimodal_concrete_crack_audio,train
dataset/multimodal-concrete-crack-detection-dataset/audio/negative/neg_audio_1764.wav,dataset/multimodal-concrete-crack-detection-dataset/image/negative/neg_img_1764.jpg,0,normal,multimodal_concrete_crack_audio,train
dataset/multimodal-concrete-crack-detection-dataset/audio/negative/neg_audio_2850.wav,dataset/multimodal-concrete-crack-detection-dataset/image/negative/neg_img_2850.jpg,0,normal,multimodal_concrete_crack_audio,val
dataset/multimodal-concrete-crack-detection-dataset/audio/negative/neg_audio_3035.wav,dataset/multimodal-concrete-crack-detection-dataset/image/negative/neg_img_3035.jpg,0,normal,multimodal_concrete_crack_audio,train
dataset/multimodal-concrete-crack-detection-dataset/audio/negative/neg_audio_2365.wav,dataset/multimodal-concrete-crack-detection-dataset/image/negative/neg_img_2365.jpg,0,normal,multimodal_concrete_crack_audio,test
dataset/multimodal-concrete-crack-detection-dataset/audio/negative/neg_audio_1000.wav,dataset/multimodal-concrete-crack-detection-dataset/image/negative/neg_img_1000.jpg,0,normal,multimodal_concrete_crack_audio,train
dataset/multimodal-concrete-crack-detection-dataset/audio/negative/neg_audio_126.wav,dataset/multimodal-concrete-crack-detection-dataset/image/negative/neg_img_126.jpg,0,normal,multimodal_concrete_crack_audio,val
dataset/multimodal-concrete-crack-detection-dataset/audio/negative/neg_audio_2039.wav,dataset/multimodal-concrete-crack-detection-dataset/image/negative/neg_img_2039.jpg,0,normal,multimodal_concrete_crack_audio,train
dataset/multimodal-concrete-crack-detection-dataset/audio/negative/neg_audio_1463.wav,dataset/multimodal-concrete-crack-detection-dataset/image/negative/neg_img_1463.jpg,0,normal,multimodal_concrete_crack_audio,train
dataset/multimodal-concrete-crack-detection-dataset/audio/positive/pos_audio_810.wav,dataset/multimodal-concrete-crack-detection-dataset/image/positive/pos_img_810.jpg,1,acoustic_abnormal,multimodal_concrete_crack_audio,train
dataset/multimodal-concrete-crack-detection-dataset/audio/negative/neg_audio_2700.wav,dataset/multimodal-concrete-crack-detection-dataset/image/negative/neg_img_2700.jpg,0,normal,multimodal_concrete_crack_audio,test
dataset/multimodal-concrete-crack-detection-dataset/audio/negative/neg_audio_902.wav,dataset/multimodal-concrete-crack-detection-dataset/image/negative/neg_img_902.jpg,0,normal,multimodal_concrete_crack_audio,train
dataset/multimodal-concrete-crack-detection-dataset/audio/positive/pos_audio_303.wav,dataset/multimodal-concrete-crack-detection-dataset/image/positive/pos_img_303.jpg,1,acoustic_abnormal,multimodal_concrete_crack_audio,train
dataset/multimodal-concrete-crack-detection-dataset/audio/negative/neg_audio_1680.wav,dataset/multimodal-concrete-crack-detection-dataset/image/negative/neg_img_1680.jpg,0,normal,multimodal_concrete_crack_audio,train
dataset/multimodal-concrete-crack-detection-dataset/audio/negative/neg_audio_605.wav,dataset/multimodal-concrete-crack-detection-dataset/image/negative/neg_img_605.jpg,0,normal,multimodal_concrete_crack_audio,test
dataset/multimodal-concrete-crack-detection-dataset/audio/negative/neg_audio_84.wav,dataset/multimodal-concrete-crack-detection-dataset/image/negative/neg_img_84.jpg,0,normal,multimodal_concrete_crack_audio,train
dataset/multimodal-concrete-crack-detection-dataset/audio/negative/neg_audio_2620.wav,dataset/multimodal-concrete-crack-detection-dataset/image/negative/neg_img_2620.jpg,0,normal,multimodal_concrete_crack_audio,train
dataset/multimodal-concrete-crack-detection-dataset/audio/negative/neg_audio_2982.wav,dataset/multimodal-concrete-crack-detection-dataset/image/negative/neg_img_2982.jpg,0,normal,multimodal_concrete_crack_audio,train
dataset/multimodal-concrete-crack-detection-dataset/audio/negative/neg_audio_2127.wav,dataset/multimodal-concrete-crack-detection-dataset/image/negative/neg_img_2127.jpg,0,normal,multimodal_concrete_crack_audio,train
dataset/multimodal-concrete-crack-detection-dataset/audio/negative/neg_audio_2808.wav,dataset/multimodal-concrete-crack-detection-dataset/image/negative/neg_img_2808.jpg,0,normal,multimodal_concrete_crack_audio,train
dataset/multimodal-concrete-crack-detection-dataset/audio/negative/neg_audio_1105.wav,dataset/multimodal-concrete-crack-detection-dataset/image/negative/neg_img_1105.jpg,0,normal,multimodal_concrete_crack_audio,train
dataset/multimodal-concrete-crack-detection-dataset/audio/negative/neg_audio_461.wav,dataset/multimodal-concrete-crack-detection-dataset/image/negative/neg_img_461.jpg,0,normal,multimodal_concrete_crack_audio,train
dataset/multimodal-concrete-crack-detection-dataset/audio/negative/neg_audio_1983.wav,dataset/multimodal-concrete-crack-detection-dataset/image/negative/neg_img_1983.jpg,0,normal,multimodal_concrete_crack_audio,test
dataset/multimodal-concrete-crack-detection-dataset/audio/negative/neg_audio_2440.wav,dataset/multimodal-concrete-crack-detection-dataset/image/negative/neg_img_2440.jpg,0,normal,multimodal_concrete_crack_audio,train
dataset/multimodal-concrete-crack-detection-dataset/audio/positive/pos_audio_251.wav,dataset/multimodal-concrete-crack-detection-dataset/image/positive/pos_img_251.jpg,1,acoustic_abnormal,multimodal_concrete_crack_audio,train
dataset/multimodal-concrete-crack-detection-dataset/audio/positive/pos_audio_491.wav,dataset/multimodal-concrete-crack-detection-dataset/image/positive/pos_img_491.jpg,1,acoustic_abnormal,multimodal_concrete_crack_audio,train
dataset/multimodal-concrete-crack-detection-dataset/audio/positive/pos_audio_339.wav,dataset/multimodal-concrete-crack-detection-dataset/image/positive/pos_img_339.jpg,1,acoustic_abnormal,multimodal_concrete_crack_audio,train
dataset/multimodal-concrete-crack-detection-dataset/audio/positive/pos_audio_306.wav,dataset/multimodal-concrete-crack-detection-dataset/image/positive/pos_img_306.jpg,1,acoustic_abnormal,multimodal_concrete_crack_audio,test
dataset/multimodal-concrete-crack-detection-dataset/audio/negative/neg_audio_2719.wav,dataset/multimodal-concrete-crack-detection-dataset/image/negative/neg_img_2719.jpg,0,normal,multimodal_concrete_crack_audio,val
dataset/multimodal-concrete-crack-detection-dataset/audio/negative/neg_audio_3172.wav,dataset/multimodal-concrete-crack-detection-dataset/image/negative/neg_img_3172.jpg,0,normal,multimodal_concrete_crack_audio,train
dataset/multimodal-concrete-crack-detection-dataset/audio/negative/neg_audio_2121.wav,dataset/multimodal-concrete-crack-detection-dataset/image/negative/neg_img_2121.jpg,0,normal,multimodal_concrete_crack_audio,test
dataset/multimodal-concrete-crack-detection-dataset/audio/positive/pos_audio_447.wav,dataset/multimodal-concrete-crack-detection-dataset/image/positive/pos_img_447.jpg,1,acoustic_abnormal,multimodal_concrete_crack_audio,test
dataset/multimodal-concrete-crack-detection-dataset/audio/negative/neg_audio_1366.wav,dataset/multimodal-concrete-crack-detection-dataset/image/negative/neg_img_1366.jpg,0,normal,multimodal_concrete_crack_audio,train
dataset/multimodal-concrete-crack-detection-dataset/audio/negative/neg_audio_2908.wav,dataset/multimodal-concrete-crack-detection-dataset/image/negative/neg_img_2908.jpg,0,normal,multimodal_concrete_crack_audio,train
dataset/multimodal-concrete-crack-detection-dataset/audio/negative/neg_audio_1233.wav,dataset/multimodal-concrete-crack-detection-dataset/image/negative/neg_img_1233.jpg,0,normal,multimodal_concrete_crack_audio,train
dataset/multimodal-concrete-crack-detection-dataset/audio/negative/neg_audio_1444.wav,dataset/multimodal-concrete-crack-detection-dataset/image/negative/neg_img_1444.jpg,0,normal,multimodal_concrete_crack_audio,test
dataset/multimodal-concrete-crack-detection-dataset/audio/positive/pos_audio_186.wav,dataset/multimodal-concrete-crack-detection-dataset/image/positive/pos_img_186.jpg,1,acoustic_abnormal,multimodal_concrete_crack_audio,val
dataset/multimodal-concrete-crack-detection-dataset/audio/negative/neg_audio_55.wav,dataset/multimodal-concrete-crack-detection-dataset/image/negative/neg_img_55.jpg,0,normal,multimodal_concrete_crack_audio,test
dataset/multimodal-concrete-crack-detection-dataset/audio/negative/neg_audio_1879.wav,dataset/multimodal-concrete-crack-detection-dataset/image/negative/neg_img_1879.jpg,0,normal,multimodal_concrete_crack_audio,train
dataset/multimodal-concrete-crack-detection-dataset/audio/negative/neg_audio_1492.wav,dataset/multimodal-concrete-crack-detection-dataset/image/negative/neg_img_1492.jpg,0,normal,multimodal_concrete_crack_audio,train
dataset/multimodal-concrete-crack-detection-dataset/audio/negative/neg_audio_1038.wav,dataset/multimodal-concrete-crack-detection-dataset/image/negative/neg_img_1038.jpg,0,normal,multimodal_concrete_crack_audio,train
dataset/multimodal-concrete-crack-detection-dataset/audio/negative/neg_audio_1992.wav,dataset/multimodal-concrete-crack-detection-dataset/image/negative/neg_img_1992.jpg,0,normal,multimodal_concrete_crack_audio,test
dataset/multimodal-concrete-crack-detection-dataset/audio/negative/neg_audio_2717.wav,dataset/multimodal-concrete-crack-detection-dataset/image/negative/neg_img_2717.jpg,0,normal,multimodal_concrete_crack_audio,train
dataset/multimodal-concrete-crack-detection-dataset/audio/negative/neg_audio_1054.wav,dataset/multimodal-concrete-crack-detection-dataset/image/negative/neg_img_1054.jpg,0,normal,multimodal_concrete_crack_audio,train
dataset/multimodal-concrete-crack-detection-dataset/audio/negative/neg_audio_2235.wav,dataset/multimodal-concrete-crack-detection-dataset/image/negative/neg_img_2235.jpg,0,normal,multimodal_concrete_crack_audio,train
dataset/multimodal-concrete-crack-detection-dataset/audio/negative/neg_audio_1436.wav,dataset/multimodal-concrete-crack-detection-dataset/image/negative/neg_img_1436.jpg,0,normal,multimodal_concrete_crack_audio,train
dataset/multimodal-concrete-crack-detection-dataset/audio/negative/neg_audio_3009.wav,dataset/multimodal-concrete-crack-detection-dataset/image/negative/neg_img_3009.jpg,0,normal,multimodal_concrete_crack_audio,train
dataset/multimodal-concrete-crack-detection-dataset/audio/negative/neg_audio_2009.wav,dataset/multimodal-concrete-crack-detection-dataset/image/negative/neg_img_2009.jpg,0,normal,multimodal_concrete_crack_audio,val
dataset/multimodal-concrete-crack-detection-dataset/audio/negative/neg_audio_1853.wav,dataset/multimodal-concrete-crack-detection-dataset/image/negative/neg_img_1853.jpg,0,normal,multimodal_concrete_crack_audio,train
dataset/multimodal-concrete-crack-detection-dataset/audio/negative/neg_audio_1374.wav,dataset/multimodal-concrete-crack-detection-dataset/image/negative/neg_img_1374.jpg,0,normal,multimodal_concrete_crack_audio,val
dataset/multimodal-concrete-crack-detection-dataset/audio/negative/neg_audio_3015.wav,dataset/multimodal-concrete-crack-detection-dataset/image/negative/neg_img_3015.jpg,0,normal,multimodal_concrete_crack_audio,train
dataset/multimodal-concrete-crack-detection-dataset/audio/positive/pos_audio_88.wav,dataset/multimodal-concrete-crack-detection-dataset/image/positive/pos_img_88.jpg,1,acoustic_abnormal,multimodal_concrete_crack_audio,train
dataset/multimodal-concrete-crack-detection-dataset/audio/negative/neg_audio_1247.wav,dataset/multimodal-concrete-crack-detection-dataset/image/negative/neg_img_1247.jpg,0,normal,multimodal_concrete_crack_audio,train
dataset/multimodal-concrete-crack-detection-dataset/audio/negative/neg_audio_409.wav,dataset/multimodal-concrete-crack-detection-dataset/image/negative/neg_img_409.jpg,0,normal,multimodal_concrete_crack_audio,train
dataset/multimodal-concrete-crack-detection-dataset/audio/negative/neg_audio_384.wav,dataset/multimodal-concrete-crack-detection-dataset/image/negative/neg_img_384.jpg,0,normal,multimodal_concrete_crack_audio,train
dataset/multimodal-concrete-crack-detection-dataset/audio/negative/neg_audio_3175.wav,dataset/multimodal-concrete-crack-detection-dataset/image/negative/neg_img_3175.jpg,0,normal,multimodal_concrete_crack_audio,val
dataset/multimodal-concrete-crack-detection-dataset/audio/negative/neg_audio_600.wav,dataset/multimodal-concrete-crack-detection-dataset/image/negative/neg_img_600.jpg,0,normal,multimodal_concrete_crack_audio,train
dataset/multimodal-concrete-crack-detection-dataset/audio/negative/neg_audio_3092.wav,dataset/multimodal-concrete-crack-detection-dataset/image/negative/neg_img_3092.jpg,0,normal,multimodal_concrete_crack_audio,train
dataset/multimodal-concrete-crack-detection-dataset/audio/negative/neg_audio_685.wav,dataset/multimodal-concrete-crack-detection-dataset/image/negative/neg_img_685.jpg,0,normal,multimodal_concrete_crack_audio,train
dataset/multimodal-concrete-crack-detection-dataset/audio/negative/neg_audio_2060.wav,dataset/multimodal-concrete-crack-detection-dataset/image/negative/neg_img_2060.jpg,0,normal,multimodal_concrete_crack_audio,train
dataset/multimodal-concrete-crack-detection-dataset/audio/negative/neg_audio_2151.wav,dataset/multimodal-concrete-crack-detection-dataset/image/negative/neg_img_2151.jpg,0,normal,multimodal_concrete_crack_audio,train
dataset/multimodal-concrete-crack-detection-dataset/audio/negative/neg_audio_935.wav,dataset/multimodal-concrete-crack-detection-dataset/image/negative/neg_img_935.jpg,0,normal,multimodal_concrete_crack_audio,train
dataset/multimodal-concrete-crack-detection-dataset/audio/positive/pos_audio_217.wav,dataset/multimodal-concrete-crack-detection-dataset/image/positive/pos_img_217.jpg,1,acoustic_abnormal,multimodal_concrete_crack_audio,train
dataset/multimodal-concrete-crack-detection-dataset/audio/negative/neg_audio_1190.wav,dataset/multimodal-concrete-crack-detection-dataset/image/negative/neg_img_1190.jpg,0,normal,multimodal_concrete_crack_audio,train
dataset/multimodal-concrete-crack-detection-dataset/audio/negative/neg_audio_2785.wav,dataset/multimodal-concrete-crack-detection-dataset/image/negative/neg_img_2785.jpg,0,normal,multimodal_concrete_crack_audio,train
dataset/multimodal-concrete-crack-detection-dataset/audio/negative/neg_audio_2323.wav,dataset/multimodal-concrete-crack-detection-dataset/image/negative/neg_img_2323.jpg,0,normal,multimodal_concrete_crack_audio,train
dataset/multimodal-concrete-crack-detection-dataset/audio/negative/neg_audio_71.wav,dataset/multimodal-concrete-crack-detection-dataset/image/negative/neg_img_71.jpg,0,normal,multimodal_concrete_crack_audio,train
dataset/multimodal-concrete-crack-detection-dataset/audio/positive/pos_audio_150.wav,dataset/multimodal-concrete-crack-detection-dataset/image/positive/pos_img_150.jpg,1,acoustic_abnormal,multimodal_concrete_crack_audio,train
dataset/multimodal-concrete-crack-detection-dataset/audio/negative/neg_audio_185.wav,dataset/multimodal-concrete-crack-detection-dataset/image/negative/neg_img_185.jpg,0,normal,multimodal_concrete_crack_audio,train
dataset/multimodal-concrete-crack-detection-dataset/audio/negative/neg_audio_448.wav,dataset/multimodal-concrete-crack-detection-dataset/image/negative/neg_img_448.jpg,0,normal,multimodal_concrete_crack_audio,val
dataset/multimodal-concrete-crack-detection-dataset/audio/negative/neg_audio_1935.wav,dataset/multimodal-concrete-crack-detection-dataset/image/negative/neg_img_1935.jpg,0,normal,multimodal_concrete_crack_audio,test
dataset/multimodal-concrete-crack-detection-dataset/audio/negative/neg_audio_1013.wav,dataset/multimodal-concrete-crack-detection-dataset/image/negative/neg_img_1013.jpg,0,normal,multimodal_concrete_crack_audio,val
dataset/multimodal-concrete-crack-detection-dataset/audio/positive/pos_audio_372.wav,dataset/multimodal-concrete-crack-detection-dataset/image/positive/pos_img_372.jpg,1,acoustic_abnormal,multimodal_concrete_crack_audio,train
dataset/multimodal-concrete-crack-detection-dataset/audio/negative/neg_audio_2000.wav,dataset/multimodal-concrete-crack-detection-dataset/image/negative/neg_img_2000.jpg,0,normal,multimodal_concrete_crack_audio,train
dataset/multimodal-concrete-crack-detection-dataset/audio/negative/neg_audio_4.wav,dataset/multimodal-concrete-crack-detection-dataset/image/negative/neg_img_4.jpg,0,normal,multimodal_concrete_crack_audio,train
dataset/multimodal-concrete-crack-detection-dataset/audio/negative/neg_audio_2388.wav,dataset/multimodal-concrete-crack-detection-dataset/image/negative/neg_img_2388.jpg,0,normal,multimodal_concrete_crack_audio,train
dataset/multimodal-concrete-crack-detection-dataset/audio/negative/neg_audio_1940.wav,dataset/multimodal-concrete-crack-detection-dataset/image/negative/neg_img_1940.jpg,0,normal,multimodal_concrete_crack_audio,train
dataset/multimodal-concrete-crack-detection-dataset/audio/positive/pos_audio_767.wav,dataset/multimodal-concrete-crack-detection-dataset/image/positive/pos_img_767.jpg,1,acoustic_abnormal,multimodal_concrete_crack_audio,train
dataset/multimodal-concrete-crack-detection-dataset/audio/negative/neg_audio_1442.wav,dataset/multimodal-concrete-crack-detection-dataset/image/negative/neg_img_1442.jpg,0,normal,multimodal_concrete_crack_audio,test
dataset/multimodal-concrete-crack-detection-dataset/audio/positive/pos_audio_886.wav,dataset/multimodal-concrete-crack-detection-dataset/image/positive/pos_img_886.jpg,1,acoustic_abnormal,multimodal_concrete_crack_audio,train
dataset/multimodal-concrete-crack-detection-dataset/audio/negative/neg_audio_39.wav,dataset/multimodal-concrete-crack-detection-dataset/image/negative/neg_img_39.jpg,0,normal,multimodal_concrete_crack_audio,train
dataset/multimodal-concrete-crack-detection-dataset/audio/positive/pos_audio_290.wav,dataset/multimodal-concrete-crack-detection-dataset/image/positive/pos_img_290.jpg,1,acoustic_abnormal,multimodal_concrete_crack_audio,train
dataset/multimodal-concrete-crack-detection-dataset/audio/negative/neg_audio_3114.wav,dataset/multimodal-concrete-crack-detection-dataset/image/negative/neg_img_3114.jpg,0,normal,multimodal_concrete_crack_audio,train
dataset/multimodal-concrete-crack-detection-dataset/audio/negative/neg_audio_2782.wav,dataset/multimodal-concrete-crack-detection-dataset/image/negative/neg_img_2782.jpg,0,normal,multimodal_concrete_crack_audio,train
dataset/multimodal-concrete-crack-detection-dataset/audio/negative/neg_audio_699.wav,dataset/multimodal-concrete-crack-detection-dataset/image/negative/neg_img_699.jpg,0,normal,multimodal_concrete_crack_audio,train
dataset/multimodal-concrete-crack-detection-dataset/audio/negative/neg_audio_315.wav,dataset/multimodal-concrete-crack-detection-dataset/image/negative/neg_img_315.jpg,0,normal,multimodal_concrete_crack_audio,train
dataset/multimodal-concrete-crack-detection-dataset/audio/positive/pos_audio_405.wav,dataset/multimodal-concrete-crack-detection-dataset/image/positive/pos_img_405.jpg,1,acoustic_abnormal,multimodal_concrete_crack_audio,test
dataset/multimodal-concrete-crack-detection-dataset/audio/negative/neg_audio_1080.wav,dataset/multimodal-concrete-crack-detection-dataset/image/negative/neg_img_1080.jpg,0,normal,multimodal_concrete_crack_audio,train
dataset/multimodal-concrete-crack-detection-dataset/audio/positive/pos_audio_787.wav,dataset/multimodal-concrete-crack-detection-dataset/image/positive/pos_img_787.jpg,1,acoustic_abnormal,multimodal_concrete_crack_audio,train
dataset/multimodal-concrete-crack-detection-dataset/audio/negative/neg_audio_727.wav,dataset/multimodal-concrete-crack-detection-dataset/image/negative/neg_img_727.jpg,0,normal,multimodal_concrete_crack_audio,train
dataset/multimodal-concrete-crack-detection-dataset/audio/negative/neg_audio_85.wav,dataset/multimodal-concrete-crack-detection-dataset/image/negative/neg_img_85.jpg,0,normal,multimodal_concrete_crack_audio,test
dataset/multimodal-concrete-crack-detection-dataset/audio/negative/neg_audio_1368.wav,dataset/multimodal-concrete-crack-detection-dataset/image/negative/neg_img_1368.jpg,0,normal,multimodal_concrete_crack_audio,test
dataset/multimodal-concrete-crack-detection-dataset/audio/negative/neg_audio_1752.wav,dataset/multimodal-concrete-crack-detection-dataset/image/negative/neg_img_1752.jpg,0,normal,multimodal_concrete_crack_audio,test
dataset/multimodal-concrete-crack-detection-dataset/audio/negative/neg_audio_1943.wav,dataset/multimodal-concrete-crack-detection-dataset/image/negative/neg_img_1943.jpg,0,normal,multimodal_concrete_crack_audio,val
dataset/multimodal-concrete-crack-detection-dataset/audio/negative/neg_audio_2728.wav,dataset/multimodal-concrete-crack-detection-dataset/image/negative/neg_img_2728.jpg,0,normal,multimodal_concrete_crack_audio,train
dataset/multimodal-concrete-crack-detection-dataset/audio/negative/neg_audio_52.wav,dataset/multimodal-concrete-crack-detection-dataset/image/negative/neg_img_52.jpg,0,normal,multimodal_concrete_crack_audio,train
dataset/multimodal-concrete-crack-detection-dataset/audio/positive/pos_audio_737.wav,dataset/multimodal-concrete-crack-detection-dataset/image/positive/pos_img_737.jpg,1,acoustic_abnormal,multimodal_concrete_crack_audio,train
dataset/multimodal-concrete-crack-detection-dataset/audio/negative/neg_audio_580.wav,dataset/multimodal-concrete-crack-detection-dataset/image/negative/neg_img_580.jpg,0,normal,multimodal_concrete_crack_audio,train
dataset/multimodal-concrete-crack-detection-dataset/audio/negative/neg_audio_1864.wav,dataset/multimodal-concrete-crack-detection-dataset/image/negative/neg_img_1864.jpg,0,normal,multimodal_concrete_crack_audio,train
dataset/multimodal-concrete-crack-detection-dataset/audio/positive/pos_audio_481.wav,dataset/multimodal-concrete-crack-detection-dataset/image/positive/pos_img_481.jpg,1,acoustic_abnormal,multimodal_concrete_crack_audio,val
dataset/multimodal-concrete-crack-detection-dataset/audio/negative/neg_audio_1360.wav,dataset/multimodal-concrete-crack-detection-dataset/image/negative/neg_img_1360.jpg,0,normal,multimodal_concrete_crack_audio,train
dataset/multimodal-concrete-crack-detection-dataset/audio/negative/neg_audio_767.wav,dataset/multimodal-concrete-crack-detection-dataset/image/negative/neg_img_767.jpg,0,normal,multimodal_concrete_crack_audio,train
dataset/multimodal-concrete-crack-detection-dataset/audio/negative/neg_audio_682.wav,dataset/multimodal-concrete-crack-detection-dataset/image/negative/neg_img_682.jpg,0,normal,multimodal_concrete_crack_audio,val
dataset/multimodal-concrete-crack-detection-dataset/audio/negative/neg_audio_284.wav,dataset/multimodal-concrete-crack-detection-dataset/image/negative/neg_img_284.jpg,0,normal,multimodal_concrete_crack_audio,train
dataset/multimodal-concrete-crack-detection-dataset/audio/negative/neg_audio_2791.wav,dataset/multimodal-concrete-crack-detection-dataset/image/negative/neg_img_2791.jpg,0,normal,multimodal_concrete_crack_audio,val
dataset/multimodal-concrete-crack-detection-dataset/audio/negative/neg_audio_1290.wav,dataset/multimodal-concrete-crack-detection-dataset/image/negative/neg_img_1290.jpg,0,normal,multimodal_concrete_crack_audio,test
dataset/multimodal-concrete-crack-detection-dataset/audio/negative/neg_audio_697.wav,dataset/multimodal-concrete-crack-detection-dataset/image/negative/neg_img_697.jpg,0,normal,multimodal_concrete_crack_audio,val
dataset/multimodal-concrete-crack-detection-dataset/audio/positive/pos_audio_865.wav,dataset/multimodal-concrete-crack-detection-dataset/image/positive/pos_img_865.jpg,1,acoustic_abnormal,multimodal_concrete_crack_audio,test
dataset/multimodal-concrete-crack-detection-dataset/audio/negative/neg_audio_2817.wav,dataset/multimodal-concrete-crack-detection-dataset/image/negative/neg_img_2817.jpg,0,normal,multimodal_concrete_crack_audio,train
dataset/multimodal-concrete-crack-detection-dataset/audio/positive/pos_audio_509.wav,dataset/multimodal-concrete-crack-detection-dataset/image/positive/pos_img_509.jpg,1,acoustic_abnormal,multimodal_concrete_crack_audio,train
dataset/multimodal-concrete-crack-detection-dataset/audio/positive/pos_audio_288.wav,dataset/multimodal-concrete-crack-detection-dataset/image/positive/pos_img_288.jpg,1,acoustic_abnormal,multimodal_concrete_crack_audio,train
dataset/multimodal-concrete-crack-detection-dataset/audio/negative/neg_audio_1250.wav,dataset/multimodal-concrete-crack-detection-dataset/image/negative/neg_img_1250.jpg,0,normal,multimodal_concrete_crack_audio,train
dataset/multimodal-concrete-crack-detection-dataset/audio/negative/neg_audio_3027.wav,dataset/multimodal-concrete-crack-detection-dataset/image/negative/neg_img_3027.jpg,0,normal,multimodal_concrete_crack_audio,val
dataset/multimodal-concrete-crack-detection-dataset/audio/negative/neg_audio_1952.wav,dataset/multimodal-concrete-crack-detection-dataset/image/negative/neg_img_1952.jpg,0,normal,multimodal_concrete_crack_audio,train
dataset/multimodal-concrete-crack-detection-dataset/audio/negative/neg_audio_2548.wav,dataset/multimodal-concrete-crack-detection-dataset/image/negative/neg_img_2548.jpg,0,normal,multimodal_concrete_crack_audio,train
dataset/multimodal-concrete-crack-detection-dataset/audio/negative/neg_audio_2869.wav,dataset/multimodal-concrete-crack-detection-dataset/image/negative/neg_img_2869.jpg,0,normal,multimodal_concrete_crack_audio,test
dataset/multimodal-concrete-crack-detection-dataset/audio/positive/pos_audio_514.wav,dataset/multimodal-concrete-crack-detection-dataset/image/positive/pos_img_514.jpg,1,acoustic_abnormal,multimodal_concrete_crack_audio,test
dataset/multimodal-concrete-crack-detection-dataset/audio/negative/neg_audio_2061.wav,dataset/multimodal-concrete-crack-detection-dataset/image/negative/neg_img_2061.jpg,0,normal,multimodal_concrete_crack_audio,train
dataset/multimodal-concrete-crack-detection-dataset/audio/negative/neg_audio_758.wav,dataset/multimodal-concrete-crack-detection-dataset/image/negative/neg_img_758.jpg,0,normal,multimodal_concrete_crack_audio,test
dataset/multimodal-concrete-crack-detection-dataset/audio/negative/neg_audio_386.wav,dataset/multimodal-concrete-crack-detection-dataset/image/negative/neg_img_386.jpg,0,normal,multimodal_concrete_crack_audio,test
dataset/multimodal-concrete-crack-detection-dataset/audio/negative/neg_audio_12.wav,dataset/multimodal-concrete-crack-detection-dataset/image/negative/neg_img_12.jpg,0,normal,multimodal_concrete_crack_audio,test
dataset/multimodal-concrete-crack-detection-dataset/audio/negative/neg_audio_3005.wav,dataset/multimodal-concrete-crack-detection-dataset/image/negative/neg_img_3005.jpg,0,normal,multimodal_concrete_crack_audio,test
dataset/multimodal-concrete-crack-detection-dataset/audio/positive/pos_audio_838.wav,dataset/multimodal-concrete-crack-detection-dataset/image/positive/pos_img_838.jpg,1,acoustic_abnormal,multimodal_concrete_crack_audio,val
dataset/multimodal-concrete-crack-detection-dataset/audio/negative/neg_audio_2442.wav,dataset/multimodal-concrete-crack-detection-dataset/image/negative/neg_img_2442.jpg,0,normal,multimodal_concrete_crack_audio,train
dataset/multimodal-concrete-crack-detection-dataset/audio/negative/neg_audio_2891.wav,dataset/multimodal-concrete-crack-detection-dataset/image/negative/neg_img_2891.jpg,0,normal,multimodal_concrete_crack_audio,train
dataset/multimodal-concrete-crack-detection-dataset/audio/negative/neg_audio_1179.wav,dataset/multimodal-concrete-crack-detection-dataset/image/negative/neg_img_1179.jpg,0,normal,multimodal_concrete_crack_audio,train
dataset/multimodal-concrete-crack-detection-dataset/audio/negative/neg_audio_2608.wav,dataset/multimodal-concrete-crack-detection-dataset/image/negative/neg_img_2608.jpg,0,normal,multimodal_concrete_crack_audio,train
dataset/multimodal-concrete-crack-detection-dataset/audio/negative/neg_audio_1423.wav,dataset/multimodal-concrete-crack-detection-dataset/image/negative/neg_img_1423.jpg,0,normal,multimodal_concrete_crack_audio,train
dataset/multimodal-concrete-crack-detection-dataset/audio/negative/neg_audio_833.wav,dataset/multimodal-concrete-crack-detection-dataset/image/negative/neg_img_833.jpg,0,normal,multimodal_concrete_crack_audio,train
dataset/multimodal-concrete-crack-detection-dataset/audio/positive/pos_audio_14.wav,dataset/multimodal-concrete-crack-detection-dataset/image/positive/pos_img_14.jpg,1,acoustic_abnormal,multimodal_concrete_crack_audio,train
dataset/multimodal-concrete-crack-detection-dataset/audio/negative/neg_audio_700.wav,dataset/multimodal-concrete-crack-detection-dataset/image/negative/neg_img_700.jpg,0,normal,multimodal_concrete_crack_audio,test
dataset/multimodal-concrete-crack-detection-dataset/audio/negative/neg_audio_842.wav,dataset/multimodal-concrete-crack-detection-dataset/image/negative/neg_img_842.jpg,0,normal,multimodal_concrete_crack_audio,train
dataset/multimodal-concrete-crack-detection-dataset/audio/negative/neg_audio_2028.wav,dataset/multimodal-concrete-crack-detection-dataset/image/negative/neg_img_2028.jpg,0,normal,multimodal_concrete_crack_audio,test
dataset/multimodal-concrete-crack-detection-dataset/audio/negative/neg_audio_1098.wav,dataset/multimodal-concrete-crack-detection-dataset/image/negative/neg_img_1098.jpg,0,normal,multimodal_concrete_crack_audio,train
dataset/multimodal-concrete-crack-detection-dataset/audio/negative/neg_audio_2833.wav,dataset/multimodal-concrete-crack-detection-dataset/image/negative/neg_img_2833.jpg,0,normal,multimodal_concrete_crack_audio,val
dataset/multimodal-concrete-crack-detection-dataset/audio/positive/pos_audio_398.wav,dataset/multimodal-concrete-crack-detection-dataset/image/positive/pos_img_398.jpg,1,acoustic_abnormal,multimodal_concrete_crack_audio,train
dataset/multimodal-concrete-crack-detection-dataset/audio/positive/pos_audio_171.wav,dataset/multimodal-concrete-crack-detection-dataset/image/positive/pos_img_171.jpg,1,acoustic_abnormal,multimodal_concrete_crack_audio,test
dataset/multimodal-concrete-crack-detection-dataset/audio/negative/neg_audio_3006.wav,dataset/multimodal-concrete-crack-detection-dataset/image/negative/neg_img_3006.jpg,0,normal,multimodal_concrete_crack_audio,test
dataset/multimodal-concrete-crack-detection-dataset/audio/negative/neg_audio_900.wav,dataset/multimodal-concrete-crack-detection-dataset/image/negative/neg_img_900.jpg,0,normal,multimodal_concrete_crack_audio,train
dataset/multimodal-concrete-crack-detection-dataset/audio/negative/neg_audio_414.wav,dataset/multimodal-concrete-crack-detection-dataset/image/negative/neg_img_414.jpg,0,normal,multimodal_concrete_crack_audio,train
dataset/multimodal-concrete-crack-detection-dataset/audio/negative/neg_audio_1609.wav,dataset/multimodal-concrete-crack-detection-dataset/image/negative/neg_img_1609.jpg,0,normal,multimodal_concrete_crack_audio,test
dataset/multimodal-concrete-crack-detection-dataset/audio/negative/neg_audio_1605.wav,dataset/multimodal-concrete-crack-detection-dataset/image/negative/neg_img_1605.jpg,0,normal,multimodal_concrete_crack_audio,train
dataset/multimodal-concrete-crack-detection-dataset/audio/negative/neg_audio_1657.wav,dataset/multimodal-concrete-crack-detection-dataset/image/negative/neg_img_1657.jpg,0,normal,multimodal_concrete_crack_audio,val
dataset/multimodal-concrete-crack-detection-dataset/audio/negative/neg_audio_2932.wav,dataset/multimodal-concrete-crack-detection-dataset/image/negative/neg_img_2932.jpg,0,normal,multimodal_concrete_crack_audio,test
dataset/multimodal-concrete-crack-detection-dataset/audio/negative/neg_audio_2865.wav,dataset/multimodal-concrete-crack-detection-dataset/image/negative/neg_img_2865.jpg,0,normal,multimodal_concrete_crack_audio,train
dataset/multimodal-concrete-crack-detection-dataset/audio/negative/neg_audio_2540.wav,dataset/multimodal-concrete-crack-detection-dataset/image/negative/neg_img_2540.jpg,0,normal,multimodal_concrete_crack_audio,train
dataset/multimodal-concrete-crack-detection-dataset/audio/positive/pos_audio_411.wav,dataset/multimodal-concrete-crack-detection-dataset/image/positive/pos_img_411.jpg,1,acoustic_abnormal,multimodal_concrete_crack_audio,train
dataset/multimodal-concrete-crack-detection-dataset/audio/negative/neg_audio_927.wav,dataset/multimodal-concrete-crack-detection-dataset/image/negative/neg_img_927.jpg,0,normal,multimodal_concrete_crack_audio,train
dataset/multimodal-concrete-crack-detection-dataset/audio/negative/neg_audio_1128.wav,dataset/multimodal-concrete-crack-detection-dataset/image/negative/neg_img_1128.jpg,0,normal,multimodal_concrete_crack_audio,train
dataset/multimodal-concrete-crack-detection-dataset/audio/negative/neg_audio_413.wav,dataset/multimodal-concrete-crack-detection-dataset/image/negative/neg_img_413.jpg,0,normal,multimodal_concrete_crack_audio,test
dataset/multimodal-concrete-crack-detection-dataset/audio/negative/neg_audio_2179.wav,dataset/multimodal-concrete-crack-detection-dataset/image/negative/neg_img_2179.jpg,0,normal,multimodal_concrete_crack_audio,train
dataset/multimodal-concrete-crack-detection-dataset/audio/negative/neg_audio_269.wav,dataset/multimodal-concrete-crack-detection-dataset/image/negative/neg_img_269.jpg,0,normal,multimodal_concrete_crack_audio,val
dataset/multimodal-concrete-crack-detection-dataset/audio/negative/neg_audio_977.wav,dataset/multimodal-concrete-crack-detection-dataset/image/negative/neg_img_977.jpg,0,normal,multimodal_concrete_crack_audio,train
dataset/multimodal-concrete-crack-detection-dataset/audio/negative/neg_audio_1090.wav,dataset/multimodal-concrete-crack-detection-dataset/image/negative/neg_img_1090.jpg,0,normal,multimodal_concrete_crack_audio,val
dataset/multimodal-concrete-crack-detection-dataset/audio/negative/neg_audio_2356.wav,dataset/multimodal-concrete-crack-detection-dataset/image/negative/neg_img_2356.jpg,0,normal,multimodal_concrete_crack_audio,train
dataset/multimodal-concrete-crack-detection-dataset/audio/negative/neg_audio_146.wav,dataset/multimodal-concrete-crack-detection-dataset/image/negative/neg_img_146.jpg,0,normal,multimodal_concrete_crack_audio,train
dataset/multimodal-concrete-crack-detection-dataset/audio/positive/pos_audio_462.wav,dataset/multimodal-concrete-crack-detection-dataset/image/positive/pos_img_462.jpg,1,acoustic_abnormal,multimodal_concrete_crack_audio,train
dataset/multimodal-concrete-crack-detection-dataset/audio/negative/neg_audio_217.wav,dataset/multimodal-concrete-crack-detection-dataset/image/negative/neg_img_217.jpg,0,normal,multimodal_concrete_crack_audio,train
dataset/multimodal-concrete-crack-detection-dataset/audio/negative/neg_audio_471.wav,dataset/multimodal-concrete-crack-detection-dataset/image/negative/neg_img_471.jpg,0,normal,multimodal_concrete_crack_audio,test
dataset/multimodal-concrete-crack-detection-dataset/audio/negative/neg_audio_899.wav,dataset/multimodal-concrete-crack-detection-dataset/image/negative/neg_img_899.jpg,0,normal,multimodal_concrete_crack_audio,test
dataset/multimodal-concrete-crack-detection-dataset/audio/negative/neg_audio_454.wav,dataset/multimodal-concrete-crack-detection-dataset/image/negative/neg_img_454.jpg,0,normal,multimodal_concrete_crack_audio,train
dataset/multimodal-concrete-crack-detection-dataset/audio/positive/pos_audio_723.wav,dataset/multimodal-concrete-crack-detection-dataset/image/positive/pos_img_723.jpg,1,acoustic_abnormal,multimodal_concrete_crack_audio,train
dataset/multimodal-concrete-crack-detection-dataset/audio/negative/neg_audio_1019.wav,dataset/multimodal-concrete-crack-detection-dataset/image/negative/neg_img_1019.jpg,0,normal,multimodal_concrete_crack_audio,train
dataset/multimodal-concrete-crack-detection-dataset/audio/negative/neg_audio_2647.wav,dataset/multimodal-concrete-crack-detection-dataset/image/negative/neg_img_2647.jpg,0,normal,multimodal_concrete_crack_audio,train
dataset/multimodal-concrete-crack-detection-dataset/audio/negative/neg_audio_204.wav,dataset/multimodal-concrete-crack-detection-dataset/image/negative/neg_img_204.jpg,0,normal,multimodal_concrete_crack_audio,train
dataset/multimodal-concrete-crack-detection-dataset/audio/negative/neg_audio_2790.wav,dataset/multimodal-concrete-crack-detection-dataset/image/negative/neg_img_2790.jpg,0,normal,multimodal_concrete_crack_audio,test
dataset/multimodal-concrete-crack-detection-dataset/audio/negative/neg_audio_447.wav,dataset/multimodal-concrete-crack-detection-dataset/image/negative/neg_img_447.jpg,0,normal,multimodal_concrete_crack_audio,val
dataset/multimodal-concrete-crack-detection-dataset/audio/negative/neg_audio_1775.wav,dataset/multimodal-concrete-crack-detection-dataset/image/negative/neg_img_1775.jpg,0,normal,multimodal_concrete_crack_audio,train
dataset/multimodal-concrete-crack-detection-dataset/audio/negative/neg_audio_2124.wav,dataset/multimodal-concrete-crack-detection-dataset/image/negative/neg_img_2124.jpg,0,normal,multimodal_concrete_crack_audio,test
dataset/multimodal-concrete-crack-detection-dataset/audio/negative/neg_audio_2021.wav,dataset/multimodal-concrete-crack-detection-dataset/image/negative/neg_img_2021.jpg,0,normal,multimodal_concrete_crack_audio,test
dataset/multimodal-concrete-crack-detection-dataset/audio/negative/neg_audio_2488.wav,dataset/multimodal-concrete-crack-detection-dataset/image/negative/neg_img_2488.jpg,0,normal,multimodal_concrete_crack_audio,train
dataset/multimodal-concrete-crack-detection-dataset/audio/negative/neg_audio_2169.wav,dataset/multimodal-concrete-crack-detection-dataset/image/negative/neg_img_2169.jpg,0,normal,multimodal_concrete_crack_audio,train
dataset/multimodal-concrete-crack-detection-dataset/audio/negative/neg_audio_1130.wav,dataset/multimodal-concrete-crack-detection-dataset/image/negative/neg_img_1130.jpg,0,normal,multimodal_concrete_crack_audio,train
dataset/multimodal-concrete-crack-detection-dataset/audio/negative/neg_audio_2433.wav,dataset/multimodal-concrete-crack-detection-dataset/image/negative/neg_img_2433.jpg,0,normal,multimodal_concrete_crack_audio,train
dataset/multimodal-concrete-crack-detection-dataset/audio/negative/neg_audio_723.wav,dataset/multimodal-concrete-crack-detection-dataset/image/negative/neg_img_723.jpg,0,normal,multimodal_concrete_crack_audio,train
dataset/multimodal-concrete-crack-detection-dataset/audio/negative/neg_audio_1649.wav,dataset/multimodal-concrete-crack-detection-dataset/image/negative/neg_img_1649.jpg,0,normal,multimodal_concrete_crack_audio,val
dataset/multimodal-concrete-crack-detection-dataset/audio/negative/neg_audio_775.wav,dataset/multimodal-concrete-crack-detection-dataset/image/negative/neg_img_775.jpg,0,normal,multimodal_concrete_crack_audio,train
